# Blender 4.5.2 LTS
# www.blender.org
mtllib DeckStarboardForward.mtl
o exact_from_image_slab.001
v 2.412298 0.118698 -2.395424
v 2.417868 0.089058 -2.401658
v 2.418722 0.030206 -2.400312
v 2.374831 0.122713 -2.420290
v 2.339272 0.063614 -2.514606
v 2.364035 0.083585 -2.462329
v 2.341856 0.029664 -2.521468
v 2.372483 0.029911 -2.473194
v 2.285617 0.109720 -2.536431
v 2.312577 0.123226 -2.468468
v 2.304272 0.082339 -2.543990
v 2.325864 0.097195 -2.492547
v 2.305953 0.029433 -2.578058
v 2.221714 0.115504 -2.688999
v 2.246313 0.119303 -2.604265
v 2.252622 0.123500 -2.471225
v 2.229251 0.089088 -2.697821
v 2.262440 0.089534 -2.645395
v 2.232440 0.029975 -2.693927
v 2.263336 0.029590 -2.645231
v 2.187883 0.119074 -2.725058
v 2.190518 0.119461 -2.619500
v 2.191586 0.123500 -2.473639
v 2.153085 0.072006 -2.815017
v 2.177879 0.088526 -2.771409
v 2.154109 0.030271 -2.817392
v 2.184923 0.030239 -2.768824
v 2.112537 0.117089 -2.850060
v 2.132459 0.123500 -2.777614
v 2.129760 0.123500 -2.622433
v 2.130285 0.123500 -2.474767
v 2.127222 0.089055 -2.854284
v 2.149716 0.105328 -2.811458
v 2.120413 0.030082 -2.870503
v 2.038114 0.116186 -2.986312
v 2.058570 0.111094 -2.895659
v 2.067533 0.123500 -2.771518
v 2.068322 0.123500 -2.624081
v 2.068614 0.123500 -2.474977
v 2.043404 0.089045 -2.991884
v 2.075292 0.089252 -2.941622
v 2.044993 0.030052 -2.989379
v 2.075708 0.030071 -2.940967
v 2.003736 0.119338 -3.008063
v 2.005684 0.121032 -2.919400
v 2.006463 0.123500 -2.773695
v 2.006835 0.123500 -2.624862
v 2.006875 0.123500 -2.475000
v 1.999668 0.087484 -3.043208
v 1.966443 0.013098 -3.113189
v 1.991208 0.031482 -3.074155
v 2.448505 0.089982 -2.346899
v 2.448390 0.030525 -2.345351
v 1.658355 0.110165 -3.569702
v 1.666065 0.089579 -3.584688
v 1.669110 0.029757 -3.581842
v 1.634648 0.123500 -3.611304
v 1.630081 0.088760 -3.633690
v 1.626695 0.029650 -3.648695
v 1.539582 0.109957 -3.728486
v 1.568424 0.123500 -3.665246
v 1.548881 0.086391 -3.738585
v 1.580556 0.085816 -3.688684
v 1.559604 0.029381 -3.754443
v 1.590857 0.029398 -3.705183
v 1.474682 0.111571 -3.871599
v 1.501981 0.116840 -3.797090
v 1.511598 0.123500 -3.670553
v 1.479228 0.089573 -3.878573
v 1.511450 0.089580 -3.827331
v 1.481457 0.030050 -3.877618
v 1.512023 0.029763 -3.829440
v 1.911877 0.110127 -3.133033
v 1.939933 0.122087 -3.063878
v 1.944491 0.122020 -2.921467
v 1.945034 0.123500 -2.774690
v 1.945118 0.123500 -2.624974
v 1.945125 0.123500 -2.475000
v 1.923478 0.085500 -3.144500
v 1.956052 0.085132 -3.094255
v 1.941473 0.031146 -3.152546
v 1.966519 0.051618 -3.113070
v 1.848350 0.113448 -3.278750
v 1.874136 0.118051 -3.200301
v 1.882040 0.123500 -3.070985
v 1.882964 0.123500 -2.923579
v 1.883348 0.123500 -2.774934
v 1.883373 0.123500 -2.624994
v 1.883375 0.123500 -2.475000
v 1.854365 0.089198 -3.287177
v 1.887083 0.089527 -3.235902
v 1.856998 0.029938 -3.285694
v 1.887695 0.029650 -3.237310
v 1.817906 0.118306 -3.304994
v 1.819843 0.118238 -3.218413
v 1.820981 0.123500 -3.073408
v 1.821519 0.123500 -2.924700
v 1.821622 0.123500 -2.774996
v 1.821625 0.123500 -2.624999
v 1.821625 0.123500 -2.475000
v 1.814307 0.087859 -3.336739
v 1.812118 0.029676 -3.356434
v 1.723626 0.107838 -3.423727
v 1.753539 0.123500 -3.366294
v 1.759217 0.123500 -3.221399
v 1.759752 0.123500 -3.074719
v 1.759865 0.123500 -2.924971
v 1.759875 0.123500 -2.775000
v 1.759875 0.123500 -2.625000
v 1.759875 0.123500 -2.475000
v 1.732910 0.084310 -3.430834
v 1.769246 0.087100 -3.400335
v 1.747593 0.029108 -3.458137
v 1.778784 0.029245 -3.408975
v 1.680684 0.103737 -3.479087
v 1.696769 0.123500 -3.370252
v 1.697718 0.123500 -3.223402
v 1.698117 0.123500 -3.074985
v 1.698124 0.123500 -2.924998
v 1.698125 0.123500 -2.775000
v 1.698125 0.123500 -2.625000
v 1.698125 0.123500 -2.475000
v 1.688734 0.085068 -3.501862
v 1.699906 0.029438 -3.533301
v 1.634793 0.123500 -3.519819
v 1.635539 0.123500 -3.372783
v 1.636242 0.123500 -3.224677
v 1.636375 0.123500 -3.075000
v 1.636375 0.123500 -2.925000
v 1.636375 0.123500 -2.775000
v 1.636375 0.123500 -2.625000
v 1.636375 0.123500 -2.475000
v 1.573730 0.123500 -3.521188
v 1.574453 0.123500 -3.374583
v 1.574625 0.123500 -3.225000
v 1.574625 0.123500 -3.075000
v 1.574625 0.123500 -2.925000
v 1.574625 0.123500 -2.775000
v 1.574625 0.123500 -2.625000
v 1.574625 0.123500 -2.475000
v 1.512513 0.123500 -3.523438
v 1.512875 0.123500 -3.375000
v 1.512875 0.123500 -3.225000
v 1.512875 0.123500 -3.075000
v 1.512875 0.123500 -2.925000
v 1.512875 0.123500 -2.775000
v 1.512875 0.123500 -2.625000
v 1.512875 0.123500 -2.475000
v 1.447177 0.117062 -3.898216
v 1.449049 0.116958 -3.817710
v 1.450370 0.123500 -3.673002
v 1.443861 0.088091 -3.922824
v 1.441662 0.029713 -3.940341
v 1.387255 0.123500 -3.942195
v 1.388676 0.123500 -3.820949
v 1.389195 0.123500 -3.674590
v 1.361516 0.075525 -4.029819
v 1.384434 0.090883 -3.995713
v 1.371974 0.029120 -4.050184
v 1.402978 0.029221 -4.001316
v 1.307488 0.104635 -4.064426
v 1.331081 0.123500 -3.981184
v 1.327191 0.123500 -3.822880
v 1.327615 0.123500 -3.674981
v 1.292164 0.072192 -4.175978
v 1.315036 0.086727 -4.084501
v 1.348261 0.107650 -4.015590
v 1.293388 0.029836 -4.174049
v 1.324460 0.029450 -4.125073
v 1.249092 0.123387 -4.213787
v 1.266814 0.123441 -4.125480
v 1.264824 0.123500 -3.972369
v 1.265620 0.123500 -3.824381
v 1.265875 0.123500 -3.675000
v 1.263829 0.090401 -4.219635
v 1.284821 0.107231 -4.165308
v 1.256158 0.029826 -4.232731
v 1.167394 0.109656 -4.324130
v 1.196841 0.123455 -4.263927
v 1.203127 0.123453 -4.121067
v 1.203863 0.123500 -3.974361
v 1.204125 0.123500 -3.825000
v 1.204125 0.123500 -3.675000
v 1.174931 0.087059 -4.332521
v 1.206033 0.086544 -4.283508
v 1.184145 0.029599 -4.346237
v 1.215226 0.029600 -4.297248
v 1.138137 0.117942 -4.371938
v 1.141184 0.123500 -4.270217
v 1.141996 0.123500 -4.123270
v 1.142374 0.123500 -3.974998
v 1.142375 0.123500 -3.825000
v 1.142375 0.123500 -3.675000
v 1.104595 0.074780 -4.469314
v 1.131051 0.091266 -4.428959
v 1.105694 0.030130 -4.469890
v 1.136492 0.029880 -4.421347
v 1.064734 0.118547 -4.502101
v 1.081073 0.114787 -4.421218
v 1.079765 0.123500 -4.272407
v 1.080476 0.123500 -4.124544
v 1.080625 0.123500 -3.975000
v 1.080625 0.123500 -3.825000
v 1.080625 0.123500 -3.675000
v 1.077707 0.089821 -4.502709
v 1.102019 0.109361 -4.468943
v 1.071059 0.029783 -4.524481
v 1.016687 0.123500 -4.534150
v 1.017975 0.123500 -4.420764
v 1.018565 0.123500 -4.274287
v 1.018857 0.123500 -4.124949
v 1.018875 0.123500 -3.975000
v 1.018875 0.123500 -3.825000
v 1.018875 0.123500 -3.675000
v 0.988109 0.072382 -4.625875
v 1.011779 0.089137 -4.585818
v 0.996312 0.029233 -4.642296
v 1.027236 0.029339 -4.593554
v 1.450999 0.123500 -3.524621
v 1.451125 0.123500 -3.375000
v 1.451125 0.123500 -3.225000
v 1.451125 0.123500 -3.075000
v 1.451125 0.123500 -2.925000
v 1.451125 0.123500 -2.775000
v 1.451125 0.123500 -2.625000
v 1.451125 0.123500 -2.475000
v 1.389362 0.123500 -3.524961
v 1.389375 0.123500 -3.375000
v 1.389375 0.123500 -3.225000
v 1.389375 0.123500 -3.075000
v 1.389375 0.123500 -2.925000
v 1.389375 0.123500 -2.775000
v 1.389375 0.123500 -2.625000
v 1.389375 0.123500 -2.475000
v 1.327624 0.123500 -3.524997
v 1.327625 0.123500 -3.375000
v 1.327625 0.123500 -3.225000
v 1.327625 0.123500 -3.075000
v 1.327625 0.123500 -2.925000
v 1.327625 0.123500 -2.775000
v 1.327625 0.123500 -2.625000
v 1.327625 0.123500 -2.475000
v 1.265875 0.123500 -3.525000
v 1.265875 0.123500 -3.375000
v 1.265875 0.123500 -3.225000
v 1.265875 0.123500 -3.075000
v 1.265875 0.123500 -2.925000
v 1.265875 0.123500 -2.775000
v 1.265875 0.123500 -2.625000
v 1.265875 0.123500 -2.475000
v 1.204125 0.123500 -3.525000
v 1.204125 0.123500 -3.375000
v 1.204125 0.123500 -3.225000
v 1.204125 0.123500 -3.075000
v 1.204125 0.123500 -2.925000
v 1.204125 0.123500 -2.775000
v 1.204125 0.123500 -2.625000
v 1.204125 0.123500 -2.475000
v 1.142375 0.123500 -3.525000
v 1.142375 0.123500 -3.375000
v 1.142375 0.123500 -3.225000
v 1.142375 0.123500 -3.075000
v 1.142375 0.123500 -2.925000
v 1.142375 0.123500 -2.775000
v 1.142375 0.123500 -2.625000
v 1.142375 0.123500 -2.475000
v 1.080625 0.123500 -3.525000
v 1.080625 0.123500 -3.375000
v 1.080625 0.123500 -3.225000
v 1.080625 0.123500 -3.075000
v 1.080625 0.123500 -2.925000
v 1.080625 0.123500 -2.775000
v 1.080625 0.123500 -2.625000
v 1.080625 0.123500 -2.475000
v 1.018875 0.123500 -3.525000
v 1.018875 0.123500 -3.375000
v 1.018875 0.123500 -3.225000
v 1.018875 0.123500 -3.075000
v 1.018875 0.123500 -2.925000
v 1.018875 0.123500 -2.775000
v 1.018875 0.123500 -2.625000
v 1.018875 0.123500 -2.475000
v 0.917234 0.062498 -4.766938
v 0.917811 0.029970 -4.766029
v 0.873539 0.121513 -4.807472
v 0.890106 0.084786 -4.809697
v 0.885608 0.029996 -4.816786
v 0.795328 0.109545 -4.919745
v 0.825086 0.122664 -4.861134
v 0.801156 0.087776 -4.926542
v 0.831866 0.087324 -4.878102
v 0.808678 0.029709 -4.938044
v 0.839643 0.029772 -4.889236
v 0.768089 0.118110 -4.960575
v 0.770671 0.123500 -4.870099
v 0.765479 0.088752 -5.000371
v 0.761826 0.029763 -5.011891
v 0.688775 0.119160 -5.100432
v 0.706373 0.114209 -5.010672
v 0.709180 0.123500 -4.872187
v 0.696949 0.087792 -5.107497
v 0.728726 0.088234 -5.062458
v 0.699682 0.029810 -5.109841
v 0.730204 0.029899 -5.061732
v 0.646096 0.123500 -5.128438
v 0.647418 0.123500 -5.020586
v 0.648040 0.123500 -4.874240
v 0.614776 0.069375 -5.221396
v 0.638889 0.087199 -5.176641
v 0.620785 0.029333 -5.234198
v 0.651529 0.029517 -5.185740
v 0.560622 0.108882 -5.245163
v 0.586068 0.123500 -5.172585
v 0.586195 0.123500 -5.022447
v 0.586609 0.123500 -4.874972
v 0.576831 0.084759 -5.256764
v 0.601459 0.103095 -5.202076
v 0.576831 0.029271 -5.303478
v 0.498673 0.119312 -5.401213
v 0.520366 0.121356 -5.311707
v 0.523690 0.123500 -5.171721
v 0.524581 0.123500 -5.024082
v 0.524875 0.123500 -4.875000
v 0.507780 0.088716 -5.409953
v 0.540813 0.089401 -5.360248
v 0.511636 0.029788 -5.406236
v 0.542254 0.029476 -5.357977
v 0.933651 0.107464 -4.653495
v 0.958355 0.123500 -4.575846
v 0.956689 0.123500 -4.422668
v 0.957112 0.123500 -4.274977
v 0.957123 0.123500 -4.124996
v 0.957125 0.123500 -3.975000
v 0.957125 0.123500 -3.825000
v 0.957125 0.123500 -3.675000
v 0.942762 0.082509 -4.680876
v 0.974876 0.106008 -4.608208
v 0.948933 0.029528 -4.716976
v 0.893294 0.122480 -4.717963
v 0.894250 0.123500 -4.572052
v 0.895102 0.123500 -4.424248
v 0.895375 0.123500 -4.275000
v 0.895375 0.123500 -4.125000
v 0.895375 0.123500 -3.975000
v 0.895375 0.123500 -3.825000
v 0.895375 0.123500 -3.675000
v 0.912166 0.100812 -4.761580
v 0.832479 0.122625 -4.720660
v 0.833300 0.123500 -4.574215
v 0.833608 0.123500 -4.424953
v 0.833625 0.123500 -4.275000
v 0.833625 0.123500 -4.125000
v 0.833625 0.123500 -3.975000
v 0.833625 0.123500 -3.825000
v 0.833625 0.123500 -3.675000
v 0.771442 0.123500 -4.723066
v 0.771859 0.123500 -4.574957
v 0.771874 0.123500 -4.424996
v 0.771875 0.123500 -4.275000
v 0.771875 0.123500 -4.125000
v 0.771875 0.123500 -3.975000
v 0.771875 0.123500 -3.825000
v 0.771875 0.123500 -3.675000
v 0.709947 0.123500 -4.724458
v 0.710123 0.123500 -4.574996
v 0.710125 0.123500 -4.424999
v 0.710125 0.123500 -4.275000
v 0.710125 0.123500 -4.125000
v 0.710125 0.123500 -3.975000
v 0.710125 0.123500 -3.825000
v 0.710125 0.123500 -3.675000
v 0.648352 0.123500 -4.724935
v 0.648375 0.123500 -4.575000
v 0.648375 0.123500 -4.425000
v 0.648375 0.123500 -4.275000
v 0.648375 0.123500 -4.125000
v 0.648375 0.123500 -3.975000
v 0.648375 0.123500 -3.825000
v 0.648375 0.123500 -3.675000
v 0.586623 0.123500 -4.724995
v 0.586625 0.123500 -4.575000
v 0.586625 0.123500 -4.425000
v 0.586625 0.123500 -4.275000
v 0.586625 0.123500 -4.125000
v 0.586625 0.123500 -3.975000
v 0.586625 0.123500 -3.825000
v 0.586625 0.123500 -3.675000
v 0.524875 0.123500 -4.725000
v 0.524875 0.123500 -4.575000
v 0.524875 0.123500 -4.425000
v 0.524875 0.123500 -4.275000
v 0.524875 0.123500 -4.125000
v 0.524875 0.123500 -3.975000
v 0.524875 0.123500 -3.825000
v 0.524875 0.123500 -3.675000
v 0.957125 0.123500 -3.525000
v 0.957125 0.123500 -3.375000
v 0.957125 0.123500 -3.225000
v 0.957125 0.123500 -3.075000
v 0.957125 0.123500 -2.925000
v 0.957125 0.123500 -2.775000
v 0.957125 0.123500 -2.625000
v 0.957125 0.123500 -2.475000
v 0.895375 0.123500 -3.525000
v 0.895375 0.123500 -3.375000
v 0.895375 0.123500 -3.225000
v 0.895375 0.123500 -3.075000
v 0.895375 0.123500 -2.925000
v 0.895375 0.123500 -2.775000
v 0.895375 0.123500 -2.625000
v 0.895375 0.123500 -2.475000
v 0.833625 0.123500 -3.525000
v 0.833625 0.123500 -3.375000
v 0.833625 0.123500 -3.225000
v 0.833625 0.123500 -3.075000
v 0.833625 0.123500 -2.925000
v 0.833625 0.123500 -2.775000
v 0.833625 0.123500 -2.625000
v 0.833625 0.123500 -2.475000
v 0.771875 0.123500 -3.525000
v 0.771875 0.123500 -3.375000
v 0.771875 0.123500 -3.225000
v 0.771875 0.123500 -3.075000
v 0.771875 0.123500 -2.925000
v 0.771875 0.123500 -2.775000
v 0.771875 0.123500 -2.625000
v 0.771875 0.123500 -2.475000
v 0.710125 0.123500 -3.525000
v 0.710125 0.123500 -3.375000
v 0.710125 0.123500 -3.225000
v 0.710125 0.123500 -3.075000
v 0.710125 0.123500 -2.925000
v 0.710125 0.123500 -2.775000
v 0.710125 0.123500 -2.625000
v 0.710125 0.123500 -2.475000
v 0.648375 0.123500 -3.525000
v 0.648375 0.123500 -3.375000
v 0.648375 0.123500 -3.225000
v 0.648375 0.123500 -3.075000
v 0.648375 0.123500 -2.925000
v 0.648375 0.123500 -2.775000
v 0.648375 0.123500 -2.625000
v 0.648375 0.123500 -2.475000
v 0.586625 0.123500 -3.525000
v 0.586625 0.123500 -3.375000
v 0.586625 0.123500 -3.225000
v 0.586625 0.123500 -3.075000
v 0.586625 0.123500 -2.925000
v 0.586625 0.123500 -2.775000
v 0.586625 0.123500 -2.625000
v 0.586625 0.123500 -2.475000
v 0.524875 0.123500 -3.525000
v 0.524875 0.123500 -3.375000
v 0.524875 0.123500 -3.225000
v 0.524875 0.123500 -3.075000
v 0.524875 0.123500 -2.925000
v 0.524875 0.123500 -2.775000
v 0.524875 0.123500 -2.625000
v 0.524875 0.123500 -2.475000
v 0.459726 0.121356 -5.437477
v 0.461875 0.121547 -5.320268
v 0.462721 0.123500 -5.174023
v 0.463086 0.123500 -5.024890
v 0.463125 0.123500 -4.875000
v 0.429180 0.079845 -5.523026
v 0.451223 0.092136 -5.481157
v 0.433124 0.029908 -5.529986
v 0.463954 0.029912 -5.481393
v 0.387230 0.117144 -5.559905
v 0.405613 0.123500 -5.482429
v 0.400888 0.123500 -5.322671
v 0.401336 0.123500 -5.174898
v 0.401372 0.123500 -5.024991
v 0.401375 0.123500 -4.875000
v 0.400341 0.093347 -5.569563
v 0.423117 0.110395 -5.515448
v 0.391406 0.029850 -5.595742
v 0.315303 0.119421 -5.698478
v 0.333474 0.113099 -5.604578
v 0.338541 0.123500 -5.472040
v 0.339345 0.123500 -5.324192
v 0.339620 0.123500 -5.174990
v 0.339624 0.123500 -5.024999
v 0.339625 0.123500 -4.875000
v 0.321928 0.088375 -5.702878
v 0.353908 0.088738 -5.654248
v 0.324117 0.029985 -5.701802
v 0.354627 0.029950 -5.653712
v 0.275569 0.123500 -5.723358
v 0.276885 0.123500 -5.620394
v 0.277515 0.123500 -5.474200
v 0.277846 0.123500 -5.324918
v 0.277875 0.123500 -5.175000
v 0.277875 0.123500 -5.025000
v 0.277875 0.123500 -4.875000
v 0.241603 0.065218 -5.815261
v 0.265886 0.084543 -5.766597
v 0.244824 0.029586 -5.823147
v 0.275309 0.029819 -5.777354
v 0.187494 0.110619 -5.833592
v 0.213360 0.123500 -5.769417
v 0.215723 0.123500 -5.622094
v 0.216107 0.123500 -5.474968
v 0.216122 0.123500 -5.324994
v 0.216125 0.123500 -5.175000
v 0.216125 0.123500 -5.025000
v 0.216125 0.123500 -4.875000
v 0.206447 0.083826 -5.842175
v 0.227282 0.099085 -5.794923
v 0.208372 0.029495 -5.877904
v 0.143929 0.117412 -5.899999
v 0.153329 0.123500 -5.770254
v 0.154056 0.123500 -5.623741
v 0.154375 0.123500 -5.475000
v 0.154375 0.123500 -5.325000
v 0.154375 0.123500 -5.175000
v 0.154375 0.123500 -5.025000
v 0.154375 0.123500 -4.875000
v 0.091654 0.116832 -5.917008
v 0.092162 0.123500 -5.771914
v 0.092550 0.123500 -5.624696
v 0.092625 0.123500 -5.475000
v 0.092625 0.123500 -5.325000
v 0.092625 0.123500 -5.175000
v 0.092625 0.123500 -5.025000
v 0.092625 0.123500 -4.875000
v 0.030212 0.118413 -5.917523
v 0.030655 0.123500 -5.773150
v 0.030866 0.123500 -5.624902
v 0.030875 0.123500 -5.475000
v 0.030875 0.123500 -5.325000
v 0.030875 0.123500 -5.175000
v 0.030875 0.123500 -5.025000
v 0.030875 0.123500 -4.875000
v 0.463125 0.123500 -4.725000
v 0.463125 0.123500 -4.575000
v 0.463125 0.123500 -4.425000
v 0.463125 0.123500 -4.275000
v 0.463125 0.123500 -4.125000
v 0.463125 0.123500 -3.975000
v 0.463125 0.123500 -3.825000
v 0.463125 0.123500 -3.675000
v 0.401375 0.123500 -4.725000
v 0.401375 0.123500 -4.575000
v 0.401375 0.123500 -4.425000
v 0.401375 0.123500 -4.275000
v 0.401375 0.123500 -4.125000
v 0.401375 0.123500 -3.975000
v 0.401375 0.123500 -3.825000
v 0.401375 0.123500 -3.675000
v 0.339625 0.123500 -4.725000
v 0.339625 0.123500 -4.575000
v 0.339625 0.123500 -4.425000
v 0.339625 0.123500 -4.275000
v 0.339625 0.123500 -4.125000
v 0.339625 0.123500 -3.975000
v 0.339625 0.123500 -3.825000
v 0.339625 0.123500 -3.675000
v 0.277875 0.123500 -4.725000
v 0.277875 0.123500 -4.575000
v 0.277875 0.123500 -4.425000
v 0.277875 0.123500 -4.275000
v 0.277875 0.123500 -4.125000
v 0.277875 0.123500 -3.975000
v 0.277875 0.123500 -3.825000
v 0.277875 0.123500 -3.675000
v 0.216125 0.123500 -4.725000
v 0.216125 0.123500 -4.575000
v 0.216125 0.123500 -4.425000
v 0.216125 0.123500 -4.275000
v 0.216125 0.123500 -4.125000
v 0.216125 0.123500 -3.975000
v 0.216125 0.123500 -3.825000
v 0.216125 0.123500 -3.675000
v 0.154375 0.123500 -4.725000
v 0.154375 0.123500 -4.575000
v 0.154375 0.123500 -4.425000
v 0.154375 0.123500 -4.275000
v 0.154375 0.123500 -4.125000
v 0.154375 0.123500 -3.975000
v 0.154375 0.123500 -3.825000
v 0.154375 0.123500 -3.675000
v 0.092625 0.123500 -4.725000
v 0.092625 0.123500 -4.575000
v 0.092625 0.123500 -4.425000
v 0.092625 0.123500 -4.275000
v 0.092625 0.123500 -4.125000
v 0.092625 0.123500 -3.975000
v 0.092625 0.123500 -3.825000
v 0.092625 0.123500 -3.675000
v 0.030875 0.123500 -4.725000
v 0.030875 0.123500 -4.575000
v 0.030875 0.123500 -4.425000
v 0.030875 0.123500 -4.275000
v 0.030875 0.123500 -4.125000
v 0.030875 0.123500 -3.975000
v 0.030875 0.123500 -3.825000
v 0.030875 0.123500 -3.675000
v 0.463125 0.123500 -3.525000
v 0.463125 0.123500 -3.375000
v 0.463125 0.123500 -3.225000
v 0.463125 0.123500 -3.075000
v 0.463125 0.123500 -2.925000
v 0.463125 0.123500 -2.775000
v 0.463125 0.123500 -2.625000
v 0.463125 0.123500 -2.475000
v 0.401375 0.123500 -3.525000
v 0.401375 0.123500 -3.375000
v 0.401375 0.123500 -3.225000
v 0.401375 0.123500 -3.075000
v 0.401375 0.123500 -2.925000
v 0.401375 0.123500 -2.775000
v 0.401375 0.123500 -2.625000
v 0.401375 0.123500 -2.475000
v 0.339625 0.123500 -3.525000
v 0.339625 0.123500 -3.375000
v 0.339625 0.123500 -3.225000
v 0.339625 0.123500 -3.075000
v 0.339625 0.123500 -2.925000
v 0.339625 0.123500 -2.775000
v 0.339625 0.123500 -2.625000
v 0.339625 0.123500 -2.475000
v 0.277875 0.123500 -3.525000
v 0.277875 0.123500 -3.375000
v 0.277875 0.123500 -3.225000
v 0.277875 0.123500 -3.075000
v 0.277875 0.123500 -2.925000
v 0.277875 0.123500 -2.775000
v 0.277875 0.123500 -2.625000
v 0.277875 0.123500 -2.475000
v 0.216125 0.123500 -3.525000
v 0.216125 0.123500 -3.375000
v 0.216125 0.123500 -3.225000
v 0.216125 0.123500 -3.075000
v 0.216125 0.123500 -2.925000
v 0.216125 0.123500 -2.775000
v 0.216125 0.123500 -2.625000
v 0.216125 0.123500 -2.475000
v 0.154375 0.123500 -3.525000
v 0.154375 0.123500 -3.375000
v 0.154375 0.123500 -3.225000
v 0.154375 0.123500 -3.075000
v 0.154375 0.123500 -2.925000
v 0.154375 0.123500 -2.775000
v 0.154375 0.123500 -2.625000
v 0.154375 0.123500 -2.475000
v 0.092625 0.123500 -3.525000
v 0.092625 0.123500 -3.375000
v 0.092625 0.123500 -3.225000
v 0.092625 0.123500 -3.075000
v 0.092625 0.123500 -2.925000
v 0.092625 0.123500 -2.775000
v 0.092625 0.123500 -2.625000
v 0.092625 0.123500 -2.475000
v 0.030875 0.123500 -3.525000
v 0.030875 0.123500 -3.375000
v 0.030875 0.123500 -3.225000
v 0.030875 0.123500 -3.075000
v 0.030875 0.123500 -2.925000
v 0.030875 0.123500 -2.775000
v 0.030875 0.123500 -2.625000
v 0.030875 0.123500 -2.475000
v 2.418641 -0.030348 -2.400440
v 2.417652 -0.088986 -2.401999
v 2.413654 -0.120669 -2.401010
v 2.342152 -0.029866 -2.521002
v 2.372846 -0.030147 -2.472622
v 2.341726 -0.066627 -2.521673
v 2.367856 -0.087386 -2.480486
v 2.374750 -0.122850 -2.423847
v 2.305970 -0.029505 -2.578030
v 2.306432 -0.084561 -2.547969
v 2.330129 -0.103131 -2.507736
v 2.287195 -0.110226 -2.536119
v 2.313316 -0.123382 -2.470402
v 2.232236 -0.030011 -2.694250
v 2.263349 -0.029596 -2.645210
v 2.229168 -0.089141 -2.699085
v 2.254724 -0.085496 -2.620147
v 2.222627 -0.117299 -2.692806
v 2.247382 -0.121982 -2.606362
v 2.252592 -0.123500 -2.471296
v 2.154131 -0.030400 -2.817358
v 2.184964 -0.030324 -2.768759
v 2.153312 -0.072740 -2.816148
v 2.178785 -0.089410 -2.775892
v 2.188758 -0.122131 -2.729942
v 2.190772 -0.123500 -2.620572
v 2.191589 -0.123500 -2.473813
v 2.120318 -0.030319 -2.870653
v 2.126100 -0.088902 -2.853169
v 2.149972 -0.105866 -2.812060
v 2.114700 -0.122238 -2.862943
v 2.132595 -0.123500 -2.777510
v 2.129805 -0.123500 -2.622676
v 2.130326 -0.123500 -2.474881
v 2.044989 -0.030358 -2.989387
v 2.075748 -0.030350 -2.940905
v 2.044095 -0.088960 -2.990794
v 2.075404 -0.088983 -2.941446
v 2.041002 -0.118651 -2.992357
v 2.063130 -0.121097 -2.910022
v 2.067567 -0.123500 -2.771820
v 2.068367 -0.123500 -2.624326
v 2.068625 -0.123500 -2.475000
v 1.966666 -0.030057 -3.112837
v 1.997286 -0.030280 -3.064575
v 1.966918 -0.059474 -3.112440
v 1.994851 -0.083129 -3.068413
v 2.003651 -0.120126 -3.011817
v 2.005872 -0.122997 -2.919925
v 2.006555 -0.123500 -2.774010
v 2.006868 -0.123500 -2.624971
v 2.006875 -0.123500 -2.475000
v 2.448371 -0.030575 -2.345446
v 2.448526 -0.089935 -2.346303
v 1.668837 -0.029561 -3.582272
v 1.660177 -0.073356 -3.561170
v 1.626569 -0.029584 -3.648894
v 1.636109 -0.092676 -3.631787
v 1.621028 -0.123500 -3.618009
v 1.559963 -0.029511 -3.753877
v 1.590866 -0.029487 -3.705168
v 1.550653 -0.086784 -3.740528
v 1.585643 -0.088578 -3.706638
v 1.540594 -0.110257 -3.728890
v 1.568895 -0.123500 -3.666234
v 1.481426 -0.030113 -3.877667
v 1.512145 -0.029817 -3.829248
v 1.479627 -0.089713 -3.880501
v 1.505938 -0.087288 -3.809968
v 1.475674 -0.113273 -3.875651
v 1.502896 -0.119178 -3.799983
v 1.511548 -0.123500 -3.670540
v 1.935606 -0.029675 -3.161794
v 1.934343 -0.081271 -3.141839
v 1.956610 -0.097338 -3.104015
v 1.912980 -0.110529 -3.132455
v 1.940577 -0.122952 -3.066246
v 1.944622 -0.123500 -2.921847
v 1.945076 -0.123500 -2.774861
v 1.945123 -0.123500 -2.624995
v 1.945125 -0.123500 -2.475000
v 1.856874 -0.029990 -3.285890
v 1.887838 -0.029723 -3.237086
v 1.854642 -0.089367 -3.289409
v 1.880433 -0.086409 -3.214790
v 1.849236 -0.115253 -3.282932
v 1.875088 -0.120614 -3.202941
v 1.882033 -0.123500 -3.070928
v 1.883005 -0.123500 -2.923687
v 1.883369 -0.123500 -2.774985
v 1.883375 -0.123500 -2.625000
v 1.883375 -0.123500 -2.475000
v 1.811867 -0.029835 -3.356829
v 1.815791 -0.088914 -3.347223
v 1.818668 -0.121168 -3.311349
v 1.820241 -0.123500 -3.219932
v 1.820996 -0.123500 -3.073495
v 1.821533 -0.123500 -2.924777
v 1.821625 -0.123500 -2.775000
v 1.821625 -0.123500 -2.625000
v 1.821625 -0.123500 -2.475000
v 1.748007 -0.029198 -3.457485
v 1.778916 -0.029440 -3.408767
v 1.739772 -0.087590 -3.448621
v 1.771203 -0.087568 -3.404346
v 1.726819 -0.110771 -3.428341
v 1.754382 -0.123500 -3.367076
v 1.759250 -0.123500 -3.221511
v 1.759788 -0.123500 -3.074789
v 1.759875 -0.123500 -2.925000
v 1.759875 -0.123500 -2.775000
v 1.759875 -0.123500 -2.625000
v 1.759875 -0.123500 -2.475000
v 1.699626 -0.029297 -3.533742
v 1.681578 -0.085300 -3.505548
v 1.690853 -0.108688 -3.459576
v 1.696908 -0.123500 -3.370171
v 1.697751 -0.123500 -3.223518
v 1.698125 -0.123500 -3.075000
v 1.698125 -0.123500 -2.925000
v 1.698125 -0.123500 -2.775000
v 1.698125 -0.123500 -2.625000
v 1.698125 -0.123500 -2.475000
v 1.653534 -0.105444 -3.557052
v 1.638319 -0.123500 -3.527493
v 1.635575 -0.123500 -3.372510
v 1.636257 -0.123500 -3.224713
v 1.636375 -0.123500 -3.075000
v 1.636375 -0.123500 -2.925000
v 1.636375 -0.123500 -2.775000
v 1.636375 -0.123500 -2.625000
v 1.636375 -0.123500 -2.475000
v 1.573618 -0.123500 -3.521377
v 1.574367 -0.123500 -3.374372
v 1.574625 -0.123500 -3.225000
v 1.574625 -0.123500 -3.075000
v 1.574625 -0.123500 -2.925000
v 1.574625 -0.123500 -2.775000
v 1.574625 -0.123500 -2.625000
v 1.574625 -0.123500 -2.475000
v 1.512508 -0.123500 -3.523583
v 1.512875 -0.123500 -3.375000
v 1.512875 -0.123500 -3.225000
v 1.512875 -0.123500 -3.075000
v 1.512875 -0.123500 -2.925000
v 1.512875 -0.123500 -2.775000
v 1.512875 -0.123500 -2.625000
v 1.512875 -0.123500 -2.475000
v 1.441417 -0.029918 -3.940729
v 1.445029 -0.089175 -3.932041
v 1.447856 -0.119707 -3.904210
v 1.449664 -0.123500 -3.819695
v 1.450400 -0.123500 -3.673118
v 1.372276 -0.029243 -4.049707
v 1.403282 -0.029503 -4.000836
v 1.363480 -0.087884 -4.041868
v 1.395141 -0.088182 -3.999172
v 1.351818 -0.109522 -4.022583
v 1.381412 -0.123500 -3.965412
v 1.388628 -0.123500 -3.820966
v 1.389241 -0.123500 -3.674675
v 1.293226 -0.029684 -4.174305
v 1.323968 -0.029364 -4.125850
v 1.287784 -0.066371 -4.161442
v 1.310303 -0.082273 -4.097962
v 1.320363 -0.108821 -4.048759
v 1.326343 -0.123500 -3.969946
v 1.327206 -0.123500 -3.823190
v 1.327625 -0.123500 -3.675000
v 1.256045 -0.029742 -4.232908
v 1.262695 -0.088131 -4.222427
v 1.279123 -0.099729 -4.148562
v 1.246511 -0.123419 -4.215008
v 1.265201 -0.123490 -4.121300
v 1.264919 -0.123500 -3.972261
v 1.265711 -0.123500 -3.824602
v 1.265875 -0.123500 -3.675000
v 1.184390 -0.029715 -4.345850
v 1.215201 -0.029671 -4.297287
v 1.176354 -0.087416 -4.334743
v 1.210689 -0.088882 -4.300193
v 1.168167 -0.110115 -4.325019
v 1.197132 -0.123481 -4.264524
v 1.203077 -0.123500 -4.121157
v 1.203858 -0.123500 -3.974351
v 1.204125 -0.123500 -3.825000
v 1.204125 -0.123500 -3.675000
v 1.105719 -0.030210 -4.469851
v 1.136608 -0.029952 -4.421165
v 1.105046 -0.075320 -4.470912
v 1.127254 -0.089282 -4.416446
v 1.138636 -0.119834 -4.374588
v 1.141113 -0.123500 -4.270182
v 1.141987 -0.123500 -4.123443
v 1.142375 -0.123500 -3.975000
v 1.142375 -0.123500 -3.825000
v 1.142375 -0.123500 -3.675000
v 1.070910 -0.029941 -4.524715
v 1.078977 -0.091057 -4.510307
v 1.102354 -0.110079 -4.470490
v 1.065687 -0.121416 -4.509022
v 1.083112 -0.123500 -4.428370
v 1.079801 -0.123500 -4.272524
v 1.080498 -0.123500 -4.124690
v 1.080625 -0.123500 -3.975000
v 1.080625 -0.123500 -3.825000
v 1.080625 -0.123500 -3.675000
v 0.996535 -0.029399 -4.641945
v 1.027547 -0.029575 -4.593065
v 0.992665 -0.076522 -4.640652
v 1.014709 -0.092795 -4.600641
v 1.016603 -0.123500 -4.538989
v 1.018035 -0.123500 -4.420811
v 1.018619 -0.123500 -4.274378
v 1.018875 -0.123500 -4.125000
v 1.018875 -0.123500 -3.975000
v 1.018875 -0.123500 -3.825000
v 1.018875 -0.123500 -3.675000
v 1.451017 -0.123500 -3.524737
v 1.451125 -0.123500 -3.375000
v 1.451125 -0.123500 -3.225000
v 1.451125 -0.123500 -3.075000
v 1.451125 -0.123500 -2.925000
v 1.451125 -0.123500 -2.775000
v 1.451125 -0.123500 -2.625000
v 1.451125 -0.123500 -2.475000
v 1.389375 -0.123500 -3.525000
v 1.389375 -0.123500 -3.375000
v 1.389375 -0.123500 -3.225000
v 1.389375 -0.123500 -3.075000
v 1.389375 -0.123500 -2.925000
v 1.389375 -0.123500 -2.775000
v 1.389375 -0.123500 -2.625000
v 1.389375 -0.123500 -2.475000
v 1.327625 -0.123500 -3.525000
v 1.327625 -0.123500 -3.375000
v 1.327625 -0.123500 -3.225000
v 1.327625 -0.123500 -3.075000
v 1.327625 -0.123500 -2.925000
v 1.327625 -0.123500 -2.775000
v 1.327625 -0.123500 -2.625000
v 1.327625 -0.123500 -2.475000
v 1.265875 -0.123500 -3.525000
v 1.265875 -0.123500 -3.375000
v 1.265875 -0.123500 -3.225000
v 1.265875 -0.123500 -3.075000
v 1.265875 -0.123500 -2.925000
v 1.265875 -0.123500 -2.775000
v 1.265875 -0.123500 -2.625000
v 1.265875 -0.123500 -2.475000
v 1.204125 -0.123500 -3.525000
v 1.204125 -0.123500 -3.375000
v 1.204125 -0.123500 -3.225000
v 1.204125 -0.123500 -3.075000
v 1.204125 -0.123500 -2.925000
v 1.204125 -0.123500 -2.775000
v 1.204125 -0.123500 -2.625000
v 1.204125 -0.123500 -2.475000
v 1.142375 -0.123500 -3.525000
v 1.142375 -0.123500 -3.375000
v 1.142375 -0.123500 -3.225000
v 1.142375 -0.123500 -3.075000
v 1.142375 -0.123500 -2.925000
v 1.142375 -0.123500 -2.775000
v 1.142375 -0.123500 -2.625000
v 1.142375 -0.123500 -2.475000
v 1.080625 -0.123500 -3.525000
v 1.080625 -0.123500 -3.375000
v 1.080625 -0.123500 -3.225000
v 1.080625 -0.123500 -3.075000
v 1.080625 -0.123500 -2.925000
v 1.080625 -0.123500 -2.775000
v 1.080625 -0.123500 -2.625000
v 1.080625 -0.123500 -2.475000
v 1.018875 -0.123500 -3.525000
v 1.018875 -0.123500 -3.375000
v 1.018875 -0.123500 -3.225000
v 1.018875 -0.123500 -3.075000
v 1.018875 -0.123500 -2.925000
v 1.018875 -0.123500 -2.775000
v 1.018875 -0.123500 -2.625000
v 1.018875 -0.123500 -2.475000
v 0.917613 -0.029817 -4.766341
v 0.915383 -0.059316 -4.761534
v 0.885551 -0.029931 -4.816877
v 0.889333 -0.083286 -4.810916
v 0.872253 -0.122039 -4.809275
v 0.808842 -0.029836 -4.937784
v 0.839658 -0.029849 -4.889212
v 0.802165 -0.088028 -4.928726
v 0.835672 -0.089015 -4.891793
v 0.795805 -0.110090 -4.920990
v 0.825327 -0.123088 -4.862110
v 0.761728 -0.029897 -5.012046
v 0.762028 -0.086826 -4.989293
v 0.768473 -0.119980 -4.964563
v 0.770576 -0.123500 -4.870003
v 0.699714 -0.029999 -5.109790
v 0.730263 -0.030050 -5.061641
v 0.697746 -0.088147 -5.110869
v 0.729021 -0.088220 -5.063597
v 0.690520 -0.122062 -5.107565
v 0.709486 -0.123500 -5.020802
v 0.709221 -0.123500 -4.872334
v 0.621088 -0.029532 -5.233720
v 0.651928 -0.029773 -5.185110
v 0.618661 -0.073367 -5.233638
v 0.642244 -0.091142 -5.192811
v 0.646024 -0.123500 -5.132784
v 0.647503 -0.123500 -5.020613
v 0.648110 -0.123500 -4.874357
v 0.576924 -0.029290 -5.303331
v 0.579292 -0.086987 -5.258353
v 0.604959 -0.107697 -5.211943
v 0.563191 -0.109723 -5.243628
v 0.587174 -0.123500 -5.175000
v 0.586240 -0.123500 -5.022496
v 0.586625 -0.123500 -4.875000
v 0.511095 -0.029783 -5.407090
v 0.542153 -0.029390 -5.358137
v 0.507308 -0.089071 -5.413058
v 0.531561 -0.084190 -5.330516
v 0.498482 -0.120321 -5.403546
v 0.520638 -0.122946 -5.311536
v 0.523678 -0.123500 -5.171763
v 0.524579 -0.123500 -5.024077
v 0.524875 -0.123500 -4.875000
v 0.948415 -0.029502 -4.717792
v 0.943934 -0.082339 -4.678575
v 0.978104 -0.109513 -4.615793
v 0.936834 -0.108853 -4.650137
v 0.959645 -0.123500 -4.578464
v 0.956728 -0.123500 -4.422729
v 0.957125 -0.123500 -4.275000
v 0.957125 -0.123500 -4.125000
v 0.957125 -0.123500 -3.975000
v 0.957125 -0.123500 -3.825000
v 0.957125 -0.123500 -3.675000
v 0.905048 -0.093005 -4.739574
v 0.892690 -0.123286 -4.716068
v 0.894255 -0.123500 -4.572046
v 0.895103 -0.123500 -4.424249
v 0.895375 -0.123500 -4.275000
v 0.895375 -0.123500 -4.125000
v 0.895375 -0.123500 -3.975000
v 0.895375 -0.123500 -3.825000
v 0.895375 -0.123500 -3.675000
v 0.832483 -0.123500 -4.720947
v 0.833294 -0.123500 -4.574260
v 0.833606 -0.123500 -4.424954
v 0.833625 -0.123500 -4.275000
v 0.833625 -0.123500 -4.125000
v 0.833625 -0.123500 -3.975000
v 0.833625 -0.123500 -3.825000
v 0.833625 -0.123500 -3.675000
v 0.771449 -0.123500 -4.723276
v 0.771869 -0.123500 -4.574986
v 0.771875 -0.123500 -4.425000
v 0.771875 -0.123500 -4.275000
v 0.771875 -0.123500 -4.125000
v 0.771875 -0.123500 -3.975000
v 0.771875 -0.123500 -3.825000
v 0.771875 -0.123500 -3.675000
v 0.709976 -0.123500 -4.724639
v 0.710125 -0.123500 -4.575000
v 0.710125 -0.123500 -4.425000
v 0.710125 -0.123500 -4.275000
v 0.710125 -0.123500 -4.125000
v 0.710125 -0.123500 -3.975000
v 0.710125 -0.123500 -3.825000
v 0.710125 -0.123500 -3.675000
v 0.648375 -0.123500 -4.725000
v 0.648375 -0.123500 -4.575000
v 0.648375 -0.123500 -4.425000
v 0.648375 -0.123500 -4.275000
v 0.648375 -0.123500 -4.125000
v 0.648375 -0.123500 -3.975000
v 0.648375 -0.123500 -3.825000
v 0.648375 -0.123500 -3.675000
v 0.586625 -0.123500 -4.725000
v 0.586625 -0.123500 -4.575000
v 0.586625 -0.123500 -4.425000
v 0.586625 -0.123500 -4.275000
v 0.586625 -0.123500 -4.125000
v 0.586625 -0.123500 -3.975000
v 0.586625 -0.123500 -3.825000
v 0.586625 -0.123500 -3.675000
v 0.524875 -0.123500 -4.725000
v 0.524875 -0.123500 -4.575000
v 0.524875 -0.123500 -4.425000
v 0.524875 -0.123500 -4.275000
v 0.524875 -0.123500 -4.125000
v 0.524875 -0.123500 -3.975000
v 0.524875 -0.123500 -3.825000
v 0.524875 -0.123500 -3.675000
v 0.957125 -0.123500 -3.525000
v 0.957125 -0.123500 -3.375000
v 0.957125 -0.123500 -3.225000
v 0.957125 -0.123500 -3.075000
v 0.957125 -0.123500 -2.925000
v 0.957125 -0.123500 -2.775000
v 0.957125 -0.123500 -2.625000
v 0.957125 -0.123500 -2.475000
v 0.895375 -0.123500 -3.525000
v 0.895375 -0.123500 -3.375000
v 0.895375 -0.123500 -3.225000
v 0.895375 -0.123500 -3.075000
v 0.895375 -0.123500 -2.925000
v 0.895375 -0.123500 -2.775000
v 0.895375 -0.123500 -2.625000
v 0.895375 -0.123500 -2.475000
v 0.833625 -0.123500 -3.525000
v 0.833625 -0.123500 -3.375000
v 0.833625 -0.123500 -3.225000
v 0.833625 -0.123500 -3.075000
v 0.833625 -0.123500 -2.925000
v 0.833625 -0.123500 -2.775000
v 0.833625 -0.123500 -2.625000
v 0.833625 -0.123500 -2.475000
v 0.771875 -0.123500 -3.525000
v 0.771875 -0.123500 -3.375000
v 0.771875 -0.123500 -3.225000
v 0.771875 -0.123500 -3.075000
v 0.771875 -0.123500 -2.925000
v 0.771875 -0.123500 -2.775000
v 0.771875 -0.123500 -2.625000
v 0.771875 -0.123500 -2.475000
v 0.710125 -0.123500 -3.525000
v 0.710125 -0.123500 -3.375000
v 0.710125 -0.123500 -3.225000
v 0.710125 -0.123500 -3.075000
v 0.710125 -0.123500 -2.925000
v 0.710125 -0.123500 -2.775000
v 0.710125 -0.123500 -2.625000
v 0.710125 -0.123500 -2.475000
v 0.648375 -0.123500 -3.525000
v 0.648375 -0.123500 -3.375000
v 0.648375 -0.123500 -3.225000
v 0.648375 -0.123500 -3.075000
v 0.648375 -0.123500 -2.925000
v 0.648375 -0.123500 -2.775000
v 0.648375 -0.123500 -2.625000
v 0.648375 -0.123500 -2.475000
v 0.586625 -0.123500 -3.525000
v 0.586625 -0.123500 -3.375000
v 0.586625 -0.123500 -3.225000
v 0.586625 -0.123500 -3.075000
v 0.586625 -0.123500 -2.925000
v 0.586625 -0.123500 -2.775000
v 0.586625 -0.123500 -2.625000
v 0.586625 -0.123500 -2.475000
v 0.524875 -0.123500 -3.525000
v 0.524875 -0.123500 -3.375000
v 0.524875 -0.123500 -3.225000
v 0.524875 -0.123500 -3.075000
v 0.524875 -0.123500 -2.925000
v 0.524875 -0.123500 -2.775000
v 0.524875 -0.123500 -2.625000
v 0.524875 -0.123500 -2.475000
v 0.433296 -0.030034 -5.529716
v 0.464097 -0.030033 -5.481166
v 0.428068 -0.088707 -5.522843
v 0.460914 -0.089213 -5.483029
v 0.423499 -0.109748 -5.517262
v 0.453772 -0.122444 -5.459555
v 0.461876 -0.123500 -5.320740
v 0.462713 -0.123500 -5.174124
v 0.463083 -0.123500 -5.024898
v 0.463125 -0.123500 -4.875000
v 0.391271 -0.030030 -5.595954
v 0.392092 -0.087771 -5.577325
v 0.397776 -0.119265 -5.557961
v 0.400029 -0.123500 -5.469913
v 0.400895 -0.123500 -5.323090
v 0.401359 -0.123500 -5.174960
v 0.401375 -0.123500 -5.025000
v 0.401375 -0.123500 -4.875000
v 0.324131 -0.030187 -5.701780
v 0.354693 -0.030161 -5.653608
v 0.322404 -0.088415 -5.703498
v 0.354002 -0.088566 -5.654697
v 0.317488 -0.121963 -5.704905
v 0.337395 -0.123500 -5.616925
v 0.338643 -0.123500 -5.472186
v 0.339455 -0.123500 -5.324586
v 0.339625 -0.123500 -5.175000
v 0.339625 -0.123500 -5.025000
v 0.339625 -0.123500 -4.875000
v 0.245076 -0.029789 -5.822769
v 0.275624 -0.030042 -5.776882
v 0.244013 -0.068444 -5.823296
v 0.269232 -0.088295 -5.783717
v 0.275501 -0.123500 -5.727038
v 0.276993 -0.123500 -5.620422
v 0.277605 -0.123500 -5.474343
v 0.277875 -0.123500 -5.325000
v 0.277875 -0.123500 -5.175000
v 0.277875 -0.123500 -5.025000
v 0.277875 -0.123500 -4.875000
v 0.208331 -0.029600 -5.877966
v 0.209031 -0.086286 -5.848097
v 0.231591 -0.104608 -5.808702
v 0.189828 -0.111428 -5.834432
v 0.214471 -0.123500 -5.771366
v 0.215764 -0.123500 -5.622208
v 0.216125 -0.123500 -5.475000
v 0.216125 -0.123500 -5.325000
v 0.216125 -0.123500 -5.175000
v 0.216125 -0.123500 -5.025000
v 0.216125 -0.123500 -4.875000
v 0.149643 -0.088221 -5.925785
v 0.144121 -0.117885 -5.900332
v 0.153344 -0.123500 -5.770263
v 0.154061 -0.123500 -5.623804
v 0.154375 -0.123500 -5.475000
v 0.154375 -0.123500 -5.325000
v 0.154375 -0.123500 -5.175000
v 0.154375 -0.123500 -5.025000
v 0.154375 -0.123500 -4.875000
v 0.091735 -0.118256 -5.917569
v 0.092168 -0.123500 -5.771940
v 0.092553 -0.123500 -5.624740
v 0.092625 -0.123500 -5.475000
v 0.092625 -0.123500 -5.325000
v 0.092625 -0.123500 -5.175000
v 0.092625 -0.123500 -5.025000
v 0.092625 -0.123500 -4.875000
v 0.030273 -0.120306 -5.918187
v 0.030651 -0.123500 -5.773175
v 0.030865 -0.123500 -5.624938
v 0.030875 -0.123500 -5.475000
v 0.030875 -0.123500 -5.325000
v 0.030875 -0.123500 -5.175000
v 0.030875 -0.123500 -5.025000
v 0.030875 -0.123500 -4.875000
v 0.463125 -0.123500 -4.725000
v 0.463125 -0.123500 -4.575000
v 0.463125 -0.123500 -4.425000
v 0.463125 -0.123500 -4.275000
v 0.463125 -0.123500 -4.125000
v 0.463125 -0.123500 -3.975000
v 0.463125 -0.123500 -3.825000
v 0.463125 -0.123500 -3.675000
v 0.401375 -0.123500 -4.725000
v 0.401375 -0.123500 -4.575000
v 0.401375 -0.123500 -4.425000
v 0.401375 -0.123500 -4.275000
v 0.401375 -0.123500 -4.125000
v 0.401375 -0.123500 -3.975000
v 0.401375 -0.123500 -3.825000
v 0.401375 -0.123500 -3.675000
v 0.339625 -0.123500 -4.725000
v 0.339625 -0.123500 -4.575000
v 0.339625 -0.123500 -4.425000
v 0.339625 -0.123500 -4.275000
v 0.339625 -0.123500 -4.125000
v 0.339625 -0.123500 -3.975000
v 0.339625 -0.123500 -3.825000
v 0.339625 -0.123500 -3.675000
v 0.277875 -0.123500 -4.725000
v 0.277875 -0.123500 -4.575000
v 0.277875 -0.123500 -4.425000
v 0.277875 -0.123500 -4.275000
v 0.277875 -0.123500 -4.125000
v 0.277875 -0.123500 -3.975000
v 0.277875 -0.123500 -3.825000
v 0.277875 -0.123500 -3.675000
v 0.216125 -0.123500 -4.725000
v 0.216125 -0.123500 -4.575000
v 0.216125 -0.123500 -4.425000
v 0.216125 -0.123500 -4.275000
v 0.216125 -0.123500 -4.125000
v 0.216125 -0.123500 -3.975000
v 0.216125 -0.123500 -3.825000
v 0.216125 -0.123500 -3.675000
v 0.154375 -0.123500 -4.725000
v 0.154375 -0.123500 -4.575000
v 0.154375 -0.123500 -4.425000
v 0.154375 -0.123500 -4.275000
v 0.154375 -0.123500 -4.125000
v 0.154375 -0.123500 -3.975000
v 0.154375 -0.123500 -3.825000
v 0.154375 -0.123500 -3.675000
v 0.092625 -0.123500 -4.725000
v 0.092625 -0.123500 -4.575000
v 0.092625 -0.123500 -4.425000
v 0.092625 -0.123500 -4.275000
v 0.092625 -0.123500 -4.125000
v 0.092625 -0.123500 -3.975000
v 0.092625 -0.123500 -3.825000
v 0.092625 -0.123500 -3.675000
v 0.030875 -0.123500 -4.725000
v 0.030875 -0.123500 -4.575000
v 0.030875 -0.123500 -4.425000
v 0.030875 -0.123500 -4.275000
v 0.030875 -0.123500 -4.125000
v 0.030875 -0.123500 -3.975000
v 0.030875 -0.123500 -3.825000
v 0.030875 -0.123500 -3.675000
v 0.463125 -0.123500 -3.525000
v 0.463125 -0.123500 -3.375000
v 0.463125 -0.123500 -3.225000
v 0.463125 -0.123500 -3.075000
v 0.463125 -0.123500 -2.925000
v 0.463125 -0.123500 -2.775000
v 0.463125 -0.123500 -2.625000
v 0.463125 -0.123500 -2.475000
v 0.401375 -0.123500 -3.525000
v 0.401375 -0.123500 -3.375000
v 0.401375 -0.123500 -3.225000
v 0.401375 -0.123500 -3.075000
v 0.401375 -0.123500 -2.925000
v 0.401375 -0.123500 -2.775000
v 0.401375 -0.123500 -2.625000
v 0.401375 -0.123500 -2.475000
v 0.339625 -0.123500 -3.525000
v 0.339625 -0.123500 -3.375000
v 0.339625 -0.123500 -3.225000
v 0.339625 -0.123500 -3.075000
v 0.339625 -0.123500 -2.925000
v 0.339625 -0.123500 -2.775000
v 0.339625 -0.123500 -2.625000
v 0.339625 -0.123500 -2.475000
v 0.277875 -0.123500 -3.525000
v 0.277875 -0.123500 -3.375000
v 0.277875 -0.123500 -3.225000
v 0.277875 -0.123500 -3.075000
v 0.277875 -0.123500 -2.925000
v 0.277875 -0.123500 -2.775000
v 0.277875 -0.123500 -2.625000
v 0.277875 -0.123500 -2.475000
v 0.216125 -0.123500 -3.525000
v 0.216125 -0.123500 -3.375000
v 0.216125 -0.123500 -3.225000
v 0.216125 -0.123500 -3.075000
v 0.216125 -0.123500 -2.925000
v 0.216125 -0.123500 -2.775000
v 0.216125 -0.123500 -2.625000
v 0.216125 -0.123500 -2.475000
v 0.154375 -0.123500 -3.525000
v 0.154375 -0.123500 -3.375000
v 0.154375 -0.123500 -3.225000
v 0.154375 -0.123500 -3.075000
v 0.154375 -0.123500 -2.925000
v 0.154375 -0.123500 -2.775000
v 0.154375 -0.123500 -2.625000
v 0.154375 -0.123500 -2.475000
v 0.092625 -0.123500 -3.525000
v 0.092625 -0.123500 -3.375000
v 0.092625 -0.123500 -3.225000
v 0.092625 -0.123500 -3.075000
v 0.092625 -0.123500 -2.925000
v 0.092625 -0.123500 -2.775000
v 0.092625 -0.123500 -2.625000
v 0.092625 -0.123500 -2.475000
v 0.030875 -0.123500 -3.525000
v 0.030875 -0.123500 -3.375000
v 0.030875 -0.123500 -3.225000
v 0.030875 -0.123500 -3.075000
v 0.030875 -0.123500 -2.925000
v 0.030875 -0.123500 -2.775000
v 0.030875 -0.123500 -2.625000
v 0.030875 -0.123500 -2.475000
v 0.030125 0.117983 -5.929379
v 0.030180 -0.119556 -5.929379
v 0.132404 0.115005 -5.929379
v 0.167900 -0.029864 -5.929379
v 0.147092 -0.088408 -5.929379
v 0.160185 0.089462 -5.929379
v 0.132580 -0.115304 -5.929379
v 0.167897 0.029821 -5.929379
v 0.091510 0.115945 -5.929379
v 0.150599 -0.077768 -5.929379
v 0.150628 0.098421 -5.929379
v 0.091579 -0.117089 -5.929379
v 0.025876 -0.119727 -5.929379
v 0.025876 0.123500 -4.875000
v 0.025876 0.123500 -3.675000
v 0.025876 0.123500 -2.475000
v 0.025876 -0.120458 -5.918250
v 0.025876 -0.123500 -4.725000
v 0.025876 -0.123500 -3.525000
v 0.025876 0.118576 -5.917596
v 0.025876 0.123500 -4.725000
v 0.025876 0.123500 -3.525000
v 0.025876 -0.123500 -5.773241
v 0.025876 -0.123500 -4.575000
v 0.025876 -0.123500 -3.375000
v 0.025876 0.123500 -5.773216
v 0.025876 0.123500 -4.575000
v 0.025876 0.123500 -3.375000
v 0.025876 -0.123500 -5.624941
v 0.025876 -0.123500 -4.425000
v 0.025876 -0.123500 -3.225000
v 0.025876 0.123500 -5.624905
v 0.025876 0.123500 -4.425000
v 0.025876 0.123500 -3.225000
v 0.025876 -0.123500 -5.475000
v 0.025876 -0.123500 -4.275000
v 0.025876 -0.123500 -3.075000
v 0.025876 0.123500 -5.475000
v 0.025876 0.123500 -4.275000
v 0.025876 0.123500 -3.075000
v 0.025876 -0.123500 -5.325000
v 0.025876 -0.123500 -4.125000
v 0.025876 -0.123500 -2.925000
v 0.025876 0.123500 -5.325000
v 0.025876 0.123500 -4.125000
v 0.025876 0.123500 -2.925000
v 0.025876 -0.123500 -5.175000
v 0.025876 -0.123500 -3.975000
v 0.025876 -0.123500 -2.775000
v 0.025876 0.123500 -5.175000
v 0.025876 0.123500 -3.975000
v 0.025876 0.123500 -2.775000
v 0.025876 -0.123500 -5.025000
v 0.025876 -0.123500 -3.825000
v 0.025876 -0.123500 -2.625000
v 0.025876 0.123500 -5.025000
v 0.025876 0.123500 -3.825000
v 0.025876 0.123500 -2.625000
v 0.025876 -0.123500 -4.875000
v 0.025876 -0.123500 -3.675000
v 0.025876 -0.123500 -2.475000
v 0.025876 0.118159 -5.929379
v 2.424908 0.114757 -2.326754
v 2.452581 0.089974 -2.326639
v 2.452235 0.030574 -2.326641
v 1.883375 0.123500 -2.329001
v 0.463125 0.123500 -2.334894
v 0.401375 0.123500 -2.335151
v 0.339625 0.123500 -2.335407
v 0.277875 0.123500 -2.335663
v 0.216125 0.123500 -2.335919
v 0.154375 0.123500 -2.336175
v 0.092625 0.123500 -2.336432
v 0.030875 0.123500 -2.336688
v 2.130374 -0.123500 -2.327976
v 1.451125 -0.123500 -2.330795
v 1.389375 -0.123500 -2.331051
v 1.327625 -0.123500 -2.331307
v 1.265875 -0.123500 -2.331563
v 1.204125 -0.123500 -2.331820
v 1.142375 -0.123500 -2.332076
v 1.080625 -0.123500 -2.332332
v 1.018875 -0.123500 -2.332588
v 2.315073 0.123223 -2.327210
v 1.698125 0.123500 -2.329770
v 1.451125 0.123500 -2.330795
v 1.389375 0.123500 -2.331051
v 1.327625 0.123500 -2.331307
v 1.265875 0.123500 -2.331563
v 1.204125 0.123500 -2.331820
v 1.142375 0.123500 -2.332076
v 1.080625 0.123500 -2.332332
v 1.018875 0.123500 -2.332588
v 2.430889 -0.122729 -2.326729
v 2.192043 -0.123500 -2.327720
v 2.068625 -0.123500 -2.328232
v 1.698125 -0.123500 -2.329770
v 0.957125 -0.123500 -2.332845
v 0.895375 -0.123500 -2.333101
v 0.833625 -0.123500 -2.333357
v 0.771875 -0.123500 -2.333613
v 0.710125 -0.123500 -2.333869
v 0.648375 -0.123500 -2.334126
v 0.586625 -0.123500 -2.334382
v 0.524875 -0.123500 -2.334638
v 0.957125 0.123500 -2.332845
v 0.895375 0.123500 -2.333101
v 0.833625 0.123500 -2.333357
v 0.771875 0.123500 -2.333613
v 0.710125 0.123500 -2.333869
v 0.648375 0.123500 -2.334126
v 0.586625 0.123500 -2.334382
v 0.524875 0.123500 -2.334638
v 2.253520 -0.123500 -2.327466
v 2.006875 -0.123500 -2.328489
v 1.883375 -0.123500 -2.329001
v 1.636375 -0.123500 -2.330026
v 1.574625 -0.123500 -2.330282
v 1.512875 -0.123500 -2.330538
v 2.439765 0.100650 -2.326693
v 2.376256 0.123044 -2.326956
v 1.821625 0.123500 -2.329257
v 1.636375 0.123500 -2.330026
v 1.574625 0.123500 -2.330282
v 1.512875 0.123500 -2.330539
v 2.315168 -0.123496 -2.327210
v 1.821625 -0.123500 -2.329257
v 2.439978 -0.109525 -2.326692
v 1.945125 0.123500 -2.328745
v 1.759875 0.123500 -2.329514
v 2.192040 0.123500 -2.327721
v 2.130367 0.123500 -2.327976
v 2.068624 0.123500 -2.328233
v 2.376294 -0.123377 -2.326956
v 2.253517 0.123500 -2.327465
v 2.006875 0.123500 -2.328489
v 2.452235 -0.030614 -2.326641
v 2.452446 -0.089938 -2.326640
v 1.945125 -0.123500 -2.328745
v 1.759875 -0.123500 -2.329514
v 0.463125 -0.123500 -2.334894
v 0.401375 -0.123500 -2.335151
v 0.339625 -0.123500 -2.335407
v 0.277875 -0.123500 -2.335663
v 0.216125 -0.123500 -2.335919
v 0.154375 -0.123500 -2.336175
v 0.092625 -0.123500 -2.336432
v 0.030875 -0.123500 -2.336688
v 0.025876 -0.123500 -2.336709
v 0.025876 0.123500 -2.336709
vn 0.6168 0.4203 -0.6655
vn 0.8386 0.2075 -0.5037
vn 0.7924 0.1162 -0.5988
vn 0.6509 0.6354 -0.4156
vn 0.6529 0.5804 -0.4867
vn 0.5391 0.6099 -0.5808
vn 0.7660 0.3044 -0.5662
vn 0.1793 0.9770 -0.1157
vn 0.7315 0.5985 -0.3267
vn 0.7021 0.6584 -0.2713
vn 0.8446 0.0107 -0.5353
vn 0.8864 0.1517 -0.4374
vn 0.0589 0.9978 -0.0304
vn 0.0058 0.9995 -0.0297
vn 0.6981 0.4823 -0.5292
vn 0.8489 0.0674 -0.5242
vn 0.8315 0.0419 -0.5539
vn 0.0734 0.9973 -0.0015
vn 0.0335 0.9993 -0.0139
vn 0.6008 0.7131 -0.3614
vn 0.8452 0.1405 -0.5157
vn 0.5970 0.7085 -0.3764
vn 0.8436 0.0503 -0.5347
vn -0.0195 0.9955 -0.0924
vn -0.0000 1.0000 -0.0000
vn 0.7506 0.6085 -0.2577
vn 0.5010 0.7500 -0.4318
vn 0.8444 -0.0000 -0.5357
vn 0.8526 0.0226 -0.5221
vn 0.1482 0.9890 0.0002
vn 0.0999 0.9933 -0.0584
vn 0.6124 0.4576 -0.6447
vn 0.8091 0.0951 -0.5799
vn 0.6351 0.7618 -0.1275
vn 0.8764 -0.0063 -0.4816
vn 0.9799 -0.0064 -0.1992
vn 0.1385 0.9903 0.0101
vn -0.0041 -0.0000 1.0000
vn 0.0062 1.0000 -0.0015
vn 0.0045 1.0000 -0.0000
vn 0.7993 0.3669 -0.4759
vn 0.8267 0.0549 -0.5599
vn 0.7359 0.5047 -0.4515
vn 0.5977 0.4723 -0.6478
vn 0.8074 0.2953 -0.5107
vn 0.7735 0.2094 -0.5982
vn 0.1808 0.9735 -0.1403
vn 0.7690 0.5100 -0.3854
vn 0.7687 0.5470 -0.3315
vn 0.8453 0.0250 -0.5338
vn 0.8782 0.1545 -0.4526
vn 0.0336 0.9994 -0.0080
vn 0.0084 0.9999 -0.0135
vn 0.6945 0.5912 -0.4101
vn 0.5526 0.6235 -0.5531
vn 0.7253 0.4051 -0.5566
vn 0.7850 0.3144 -0.5339
vn 0.1882 0.9748 -0.1196
vn 0.0242 0.9997 -0.0002
vn 0.0121 0.9999 -0.0050
vn 0.7438 0.5651 -0.3570
vn 0.7376 0.6054 -0.2990
vn 0.8435 0.0226 -0.5367
vn 0.8767 0.1797 -0.4462
vn 0.0807 0.9959 -0.0409
vn 0.0086 0.9992 -0.0393
vn 0.6594 0.4637 -0.5917
vn 0.8128 0.0923 -0.5751
vn 0.0846 0.9964 -0.0025
vn 0.0438 0.9989 -0.0183
vn 0.5628 0.6144 -0.5530
vn 0.6061 0.6110 -0.5093
vn 0.7091 0.3471 -0.6138
vn 0.8135 0.1861 -0.5510
vn 0.0991 0.9673 -0.2335
vn 0.8376 0.5141 -0.1849
vn 0.6526 0.5978 -0.4656
vn 0.9097 0.2019 -0.3628
vn 0.7652 0.4317 -0.4776
vn 0.4528 0.8913 -0.0244
vn 0.2155 0.9724 -0.0893
vn 0.0998 0.9937 -0.0519
vn 0.0109 0.9987 -0.0491
vn 0.7002 0.3882 -0.5992
vn 0.8149 0.0808 -0.5739
vn 0.1078 0.9942 -0.0012
vn 0.0546 0.9982 -0.0228
vn 0.5720 0.6217 -0.5350
vn 0.7593 0.3375 -0.5563
vn 0.7889 0.2181 -0.5745
vn 0.3703 0.8555 -0.3620
vn 0.6638 0.5144 -0.5429
vn 0.4000 0.8287 -0.3915
vn 0.8981 0.2391 -0.3690
vn 0.7457 0.4380 -0.5020
vn 0.2185 0.9709 -0.0977
vn 0.6715 0.6923 -0.2642
vn 0.8977 0.2893 -0.3323
vn 0.6688 0.7317 -0.1314
vn 0.8425 0.0057 -0.5387
vn 0.0008 1.0000 -0.0003
vn 0.0001 1.0000 -0.0004
vn 0.7625 0.4381 -0.4760
vn 0.6363 0.4467 -0.6290
vn 0.8170 0.2555 -0.5170
vn 0.7816 0.1485 -0.6058
vn 0.1936 0.9688 -0.1547
vn 0.0008 1.0000 -0.0000
vn 0.0004 1.0000 -0.0002
vn 0.7954 0.4867 -0.3611
vn 0.8393 0.0157 -0.5434
vn 0.8760 0.1318 -0.4640
vn -0.0019 0.9984 -0.0569
vn 0.4555 0.8457 -0.2779
vn 0.8079 0.0664 -0.5856
vn 0.3866 0.8949 -0.2231
vn 0.8231 0.0765 -0.5627
vn 0.1197 0.9928 0.0084
vn 0.0702 0.9971 -0.0293
vn 0.6020 0.5537 -0.5753
vn 0.7837 0.3068 -0.5401
vn 0.7940 0.1997 -0.5741
vn 0.7866 0.3771 -0.4889
vn 0.7001 0.3867 -0.6003
vn 0.8257 0.2116 -0.5229
vn 0.7991 0.1189 -0.5893
vn 0.2118 0.9632 -0.1655
vn 0.8087 0.4232 -0.4085
vn 0.8666 0.1237 -0.4834
vn -0.0045 0.9979 -0.0639
vn 0.7284 0.6396 -0.2454
vn 0.4204 0.8139 -0.4011
vn 0.8305 0.0378 -0.5557
vn 0.8529 0.0321 -0.5211
vn 0.1283 0.9917 0.0126
vn 0.0804 0.9962 -0.0335
vn 0.6078 0.5075 -0.6107
vn 0.8055 0.2717 -0.5266
vn 0.7955 0.1635 -0.5835
vn 0.5298 0.7468 -0.4019
vn 0.6496 0.5546 -0.5200
vn 0.4686 0.7363 -0.4881
vn 0.7545 0.3806 -0.5347
vn 0.1841 0.9776 -0.1020
vn 0.7281 0.6172 -0.2983
vn 0.6791 0.6955 -0.2346
vn 0.8385 0.0099 -0.5448
vn 0.9024 0.1646 -0.3982
vn 0.4482 0.8082 -0.3820
vn 0.6653 0.5353 -0.5204
vn 0.4302 0.7936 -0.4303
vn 0.8835 0.2362 -0.4046
vn 0.7622 0.3944 -0.5133
vn 0.1966 0.9757 -0.0970
vn 0.6980 0.6535 -0.2928
vn 0.9128 0.1725 -0.3701
vn 0.6967 0.6941 -0.1812
vn 0.0148 0.9999 -0.0058
vn 0.0014 1.0000 -0.0065
vn 0.0149 0.9999 -0.0003
vn 0.0072 1.0000 -0.0030
vn 0.0295 0.9995 -0.0142
vn 0.0029 0.9999 -0.0144
vn 0.6603 0.4987 -0.5615
vn 0.8429 0.1583 -0.5142
vn 0.8120 0.0946 -0.5760
vn 0.0357 0.9994 -0.0004
vn 0.0161 0.9998 -0.0067
vn 0.5281 0.7921 -0.3061
vn 0.8329 0.2832 -0.4755
vn 0.5356 0.7644 -0.3589
vn 0.8473 0.1143 -0.5187
vn -0.0112 0.9969 -0.0783
vn 0.7581 0.6058 -0.2414
vn 0.4456 0.8016 -0.3987
vn 0.8398 0.0134 -0.5427
vn 0.8621 0.0479 -0.5044
vn 0.1413 0.9898 0.0178
vn 0.0939 0.9948 -0.0390
vn 0.6153 0.4250 -0.6639
vn 0.8226 0.2230 -0.5231
vn 0.7901 0.1323 -0.5986
vn 0.6070 0.6720 -0.4241
vn 0.6398 0.5761 -0.5087
vn 0.5107 0.6476 -0.5655
vn 0.7465 0.3244 -0.5810
vn 0.1437 0.9820 -0.1222
vn 0.6402 0.7035 -0.3088
vn -0.0000 -0.0000 -1.0000
vn 0.0025 0.9989 -0.0465
vn 0.0134 0.9991 -0.0406
vn 0.6658 -0.4692 -0.5802
vn 0.7643 -0.1963 -0.6142
vn 0.6540 -0.4421 -0.6138
vn 0.4197 -0.7962 -0.4357
vn 0.4438 -0.7906 -0.4219
vn 0.9043 -0.1614 -0.3953
vn 0.7855 -0.3208 -0.5293
vn 0.9168 -0.2840 -0.2807
vn 0.7482 -0.4999 -0.4363
vn 0.1865 -0.9773 -0.1005
vn 0.8421 -0.0266 -0.5386
vn 0.8402 -0.0108 -0.5422
vn 0.7412 -0.4126 -0.5296
vn 0.0946 -0.9946 -0.0437
vn 0.0137 -0.9999 -0.0057
vn 0.8321 -0.0612 -0.5513
vn 0.8163 -0.1511 -0.5575
vn 0.7446 -0.5805 -0.3294
vn 0.5521 -0.7288 -0.4051
vn 0.0139 -0.9999 -0.0051
vn -0.0000 -1.0000 -0.0000
vn 0.8566 -0.0347 -0.5148
vn 0.8534 -0.3830 -0.3535
vn 0.7154 -0.4387 -0.5439
vn -0.0041 -0.9999 -0.0160
vn 0.6584 -0.4448 -0.6072
vn 0.0471 -0.9982 -0.0370
vn 0.0171 -0.9998 -0.0105
vn 0.8798 0.0001 -0.4753
vn 0.9795 -0.0000 -0.2013
vn 0.8771 0.0036 -0.4802
vn 0.9801 0.0045 -0.1984
vn 0.8573 -0.4034 -0.3199
vn 0.8321 -0.5292 -0.1660
vn 0.0349 -0.9992 -0.0189
vn 0.0064 -1.0000 -0.0028
vn 0.0010 -1.0000 -0.0004
vn 0.8990 -0.1408 -0.4147
vn 0.7701 -0.1592 -0.6177
vn 0.8344 -0.0409 -0.5496
vn 0.5607 -0.6793 -0.4734
vn 0.5579 -0.6717 -0.4874
vn 0.8961 -0.1212 -0.4269
vn 0.8148 -0.2578 -0.5192
vn 0.9171 -0.2069 -0.3407
vn 0.8124 -0.3687 -0.4517
vn 0.1912 -0.9735 -0.1258
vn 0.7872 -0.1595 -0.5957
vn 0.7239 -0.3317 -0.6049
vn 0.5128 -0.7332 -0.4466
vn 0.5182 -0.7304 -0.4449
vn 0.0337 -0.9993 -0.0154
vn 0.0041 -1.0000 -0.0017
vn 0.9008 -0.1412 -0.4105
vn 0.7976 -0.2736 -0.5375
vn 0.9151 -0.2582 -0.3097
vn 0.7655 -0.4694 -0.4401
vn 0.1924 -0.9753 -0.1088
vn 0.0047 -1.0000 -0.0020
vn 0.8378 -0.0161 -0.5457
vn 0.7160 -0.4311 -0.5491
vn 0.1371 -0.9883 -0.0663
vn 0.0268 -0.9996 -0.0111
vn 0.8177 -0.1745 -0.5486
vn 0.8106 -0.0954 -0.5778
vn 0.5871 -0.6968 -0.4120
vn 0.5409 -0.6642 -0.5160
vn 0.0234 -0.9997 -0.0105
vn 0.7872 -0.4293 -0.4426
vn 0.7264 -0.3571 -0.5872
vn 0.4349 -0.7479 -0.5016
vn 0.0479 -0.9806 -0.1899
vn 0.9196 -0.2312 -0.3177
vn 0.7401 -0.6405 -0.2050
vn 0.7121 -0.6376 -0.2939
vn 0.1662 -0.9841 -0.0619
vn 0.8379 -0.0141 -0.5456
vn 0.7504 -0.3532 -0.5587
vn 0.1851 -0.9783 -0.0928
vn 0.0411 -0.9990 -0.0170
vn 0.8138 -0.1627 -0.5579
vn 0.8192 -0.0813 -0.5676
vn 0.5786 -0.6789 -0.4520
vn 0.6009 -0.5968 -0.5317
vn 0.0386 -0.9991 -0.0181
vn 0.8160 -0.3743 -0.4404
vn 0.7405 -0.3356 -0.5822
vn 0.4404 -0.7391 -0.5097
vn 0.0715 -0.9721 -0.2235
vn 0.8899 -0.0981 -0.4455
vn 0.8797 -0.3519 -0.3199
vn 0.8163 -0.5387 -0.2086
vn 0.7241 -0.5924 -0.3532
vn 0.1672 -0.9836 -0.0676
vn 0.7796 -0.1267 -0.6133
vn 0.8371 -0.0200 -0.5467
vn 0.6023 -0.6235 -0.4985
vn 0.6377 -0.5823 -0.5042
vn 0.0009 -1.0000 -0.0005
vn 0.0001 -1.0000 -0.0000
vn 0.8791 -0.1007 -0.4659
vn 0.8361 -0.1936 -0.5133
vn 0.8059 -0.3862 -0.4487
vn 0.1997 -0.9701 -0.1383
vn 0.0002 -1.0000 -0.0001
vn 0.8407 -0.0095 -0.5414
vn 0.8874 -0.0742 -0.4550
vn 0.5748 -0.7505 -0.3262
vn 0.6333 -0.7084 -0.3117
vn 0.0381 -0.9992 -0.0140
vn 0.8464 -0.0984 -0.5234
vn 0.8262 -0.0625 -0.5599
vn 0.5699 -0.6389 -0.5167
vn 0.0207 -0.9997 -0.0124
vn 0.8684 -0.0479 -0.4935
vn 0.7941 -0.1052 -0.5986
vn 0.8387 -0.0179 -0.5443
vn 0.6640 -0.5414 -0.5158
vn 0.7099 -0.4864 -0.5094
vn 0.8230 -0.1932 -0.5342
vn 0.8132 -0.2941 -0.5023
vn 0.2140 -0.9655 -0.1480
vn 0.8392 -0.0090 -0.5437
vn 0.8839 -0.0901 -0.4588
vn 0.8014 -0.5139 -0.3062
vn 0.6768 -0.5786 -0.4552
vn 0.0364 -0.9992 -0.0147
vn 0.8474 -0.0593 -0.5276
vn 0.8355 -0.0412 -0.5480
vn 0.6171 -0.5602 -0.5526
vn 0.0156 -0.9998 -0.0088
vn 0.7390 -0.2736 -0.6156
vn 0.5632 -0.5902 -0.5783
vn 0.3472 -0.8465 -0.4036
vn 0.3803 -0.8491 -0.3668
vn 0.9084 -0.1856 -0.3747
vn 0.7703 -0.3846 -0.5087
vn 0.9058 -0.3517 -0.2363
vn 0.7206 -0.5489 -0.4236
vn 0.1773 -0.9800 -0.0904
vn 0.8484 -0.3017 -0.4350
vn 0.7324 -0.3074 -0.6075
vn 0.5181 -0.6487 -0.5575
vn 0.3215 -0.8570 -0.4028
vn 0.3521 -0.8737 -0.3356
vn 0.8178 -0.4686 -0.3341
vn 0.8658 -0.4494 -0.2202
vn 0.7290 -0.5809 -0.3620
vn 0.1767 -0.9804 -0.0875
vn 0.0167 -0.9998 -0.0090
vn 0.0018 -1.0000 -0.0007
vn 0.0037 -1.0000 -0.0015
vn 0.8084 -0.0825 -0.5828
vn 0.8390 -0.0134 -0.5439
vn 0.7256 -0.4399 -0.5292
vn 0.7290 -0.4461 -0.5192
vn 0.0391 -0.9990 -0.0211
vn 0.0048 -1.0000 -0.0020
vn 0.8300 -0.1492 -0.5374
vn 0.8264 -0.2271 -0.5152
vn 0.2324 -0.9588 -0.1632
vn 0.0096 -0.9999 -0.0040
vn 0.8419 -0.0045 -0.5397
vn 0.8731 -0.0719 -0.4823
vn 0.8408 -0.4352 -0.3220
vn 0.6964 -0.5303 -0.4834
vn 0.0442 -0.9988 -0.0188
vn 0.8324 -0.0000 -0.5541
vn 0.8400 0.0001 -0.5426
vn 0.8349 -0.0224 -0.5500
vn 0.8365 -0.0181 -0.5476
vn 0.6504 -0.4681 -0.5982
vn 0.0175 -0.9998 -0.0098
vn 0.8324 -0.0000 -0.5542
vn 0.7512 -0.1968 -0.6301
vn 0.6388 -0.4664 -0.6119
vn 0.3941 -0.8156 -0.4235
vn 0.4242 -0.8052 -0.4144
vn 0.6548 -0.6120 -0.4435
vn 0.1279 -0.9854 -0.1127
vn 0.0099 -0.9992 -0.0397
vn 0.0171 -0.9994 -0.0291
vn 0.0184 0.9992 -0.0347
vn -1.0000 -0.0000 -0.0000
vn 0.0420 -0.9938 -0.1032
vn 0.6672 0.6653 -0.3350
vn 0.8296 0.2297 -0.5090
vn 0.7934 -0.2615 -0.5496
vn 0.8043 -0.4562 -0.3807
vn 0.7861 0.0001 -0.6181
vn 0.7604 -0.2854 -0.5834
vn 0.0192 0.9963 -0.0840
vn 0.0370 -0.9958 -0.0834
vn 0.0296 0.9981 -0.0545
vn 0.0397 0.9986 -0.0359
vn 0.0169 -0.9996 -0.0215
vn 0.0375 -0.9971 -0.0663
vn 0.7841 0.5686 -0.2486
s 0
f 2//1 6//1 4//1 1//1
f 8//2 7//2 5//2 6//2
f 3//3 8//3 6//3 2//3
f 12//4 11//4 9//4 10//4
f 12//5 6//5 5//5 11//5
f 6//6 12//6 10//6 4//6
f 7//7 13//7 11//7 5//7
f 16//8 10//8 9//8 15//8
f 18//9 17//9 14//9 15//9
f 11//10 18//10 15//10 9//10
f 20//11 19//11 17//11 18//11
f 13//12 20//12 18//12 11//12
f 22//13 15//13 14//13 21//13
f 23//14 16//14 15//14 22//14
f 17//15 25//15 21//15 14//15
f 27//16 26//16 24//16 25//16
f 19//17 27//17 25//17 17//17
f 30//18 22//18 21//18 29//18
f 31//19 23//19 22//19 30//19
f 33//20 32//20 28//20 29//20
f 33//21 25//21 24//21 32//21
f 25//22 33//22 29//22 21//22
f 26//23 34//23 32//23 24//23
f 37//24 29//24 28//24 36//24
f 38//25 30//25 29//25 37//25
f 39//25 31//25 30//25 38//25
f 41//26 40//26 35//26 36//26
f 32//27 41//27 36//27 28//27
f 43//28 42//28 40//28 41//28
f 34//29 43//29 41//29 32//29
f 45//30 36//30 35//30 44//30
f 46//31 37//31 36//31 45//31
f 47//25 38//25 37//25 46//25
f 48//25 39//25 38//25 47//25
f 40//32 49//32 44//32 35//32
f 42//33 51//33 49//33 40//33
f 1389//34 52//34 1445//34
f 53//35 3//35 2//35 52//35
f 1390//36 53//36 52//36 1389//36
f 1446//37 1388//37 1//37 4//37
f 1427//38 1426//38 1425//38 1424//38 1423//38 1408//38 1407//38 1406//38 1405//38 1404//38 1403//38 1402//38 1401//38 1444//38 1443//38 1442//38 1422//38 1465//38 1452//38 1441//38 1464//38 1440//38 1421//38 1400//38 1420//38 1439//38 1451//38 1459//38 1419//38 1453//38 1463//38 1462//38 1390//38 1389//38 1445//38 1388//38 1446//38 1409//38 1460//38 1456//38 1457//38 1458//38 1461//38 1454//38 1391//38 1447//38 1455//38 1410//38 1448//38 1449//38 1450//38 1411//38 1412//38 1413//38 1414//38 1415//38 1416//38 1417//38 1418//38 1431//38 1432//38 1433//38 1434//38 1435//38 1436//38 1437//38 1438//38 1392//38 1393//38 1394//38 1395//38 1396//38 1397//38 1398//38 1399//38 1475//38 1474//38 1473//38 1472//38 1471//38 1470//38 1469//38 1468//38 1467//38 1466//38 1430//38 1429//38 1428//38
f 1409//39 1446//39 4//39 10//39
f 1460//40 1409//40 10//40 16//40
f 1456//25 1460//25 16//25 23//25
f 1457//25 1456//25 23//25 31//25
f 1458//25 1457//25 31//25 39//25
f 1461//25 1458//25 39//25 48//25
f 55//41 58//41 57//41 54//41
f 56//42 59//42 58//42 55//42
f 63//43 62//43 60//43 61//43
f 58//44 63//44 61//44 57//44
f 65//45 64//45 62//45 63//45
f 59//46 65//46 63//46 58//46
f 68//47 61//47 60//47 67//47
f 70//48 69//48 66//48 67//48
f 62//49 70//49 67//49 60//49
f 72//50 71//50 69//50 70//50
f 64//51 72//51 70//51 62//51
f 75//52 45//52 44//52 74//52
f 76//53 46//53 45//53 75//53
f 77//25 47//25 46//25 76//25
f 78//25 48//25 47//25 77//25
f 80//54 79//54 73//54 74//54
f 49//55 80//55 74//55 44//55
f 82//56 81//56 79//56 80//56
f 82//28 51//28 50//28 81//28
f 51//57 82//57 80//57 49//57
f 85//58 74//58 73//58 84//58
f 86//59 75//59 74//59 85//59
f 87//60 76//60 75//60 86//60
f 88//25 77//25 76//25 87//25
f 89//25 78//25 77//25 88//25
f 91//61 90//61 83//61 84//61
f 79//62 91//62 84//62 73//62
f 93//63 92//63 90//63 91//63
f 81//64 93//64 91//64 79//64
f 95//65 84//65 83//65 94//65
f 96//66 85//66 84//66 95//66
f 97//25 86//25 85//25 96//25
f 98//25 87//25 86//25 97//25
f 99//25 88//25 87//25 98//25
f 100//25 89//25 88//25 99//25
f 90//67 101//67 94//67 83//67
f 92//68 102//68 101//68 90//68
f 105//69 95//69 94//69 104//69
f 106//70 96//70 95//70 105//70
f 107//25 97//25 96//25 106//25
f 108//25 98//25 97//25 107//25
f 109//25 99//25 98//25 108//25
f 110//25 100//25 99//25 109//25
f 112//71 111//71 103//71 104//71
f 101//72 112//72 104//72 94//72
f 114//73 113//73 111//73 112//73
f 102//74 114//74 112//74 101//74
f 116//75 104//75 103//75 115//75
f 117//25 105//25 104//25 116//25
f 118//25 106//25 105//25 117//25
f 119//25 107//25 106//25 118//25
f 120//25 108//25 107//25 119//25
f 121//25 109//25 108//25 120//25
f 122//25 110//25 109//25 121//25
f 123//76 55//76 54//76 115//76
f 111//77 123//77 115//77 103//77
f 124//78 56//78 55//78 123//78
f 113//79 124//79 123//79 111//79
f 125//80 115//80 54//80 57//80
f 126//81 116//81 115//81 125//81
f 127//25 117//25 116//25 126//25
f 128//25 118//25 117//25 127//25
f 129//25 119//25 118//25 128//25
f 130//25 120//25 119//25 129//25
f 131//25 121//25 120//25 130//25
f 132//25 122//25 121//25 131//25
f 133//25 125//25 57//25 61//25
f 134//25 126//25 125//25 133//25
f 135//25 127//25 126//25 134//25
f 136//25 128//25 127//25 135//25
f 137//25 129//25 128//25 136//25
f 138//25 130//25 129//25 137//25
f 139//25 131//25 130//25 138//25
f 140//25 132//25 131//25 139//25
f 141//25 133//25 61//25 68//25
f 142//25 134//25 133//25 141//25
f 143//25 135//25 134//25 142//25
f 144//25 136//25 135//25 143//25
f 145//25 137//25 136//25 144//25
f 146//25 138//25 137//25 145//25
f 147//25 139//25 138//25 146//25
f 148//25 140//25 139//25 147//25
f 1454//25 1461//25 48//25 78//25
f 1391//25 1454//25 78//25 89//25
f 1447//25 1391//25 89//25 100//25
f 1455//25 1447//25 100//25 110//25
f 1410//25 1455//25 110//25 122//25
f 1448//25 1410//25 122//25 132//25
f 1449//25 1448//25 132//25 140//25
f 1450//25 1449//25 140//25 148//25
f 150//82 67//82 66//82 149//82
f 151//83 68//83 67//83 150//83
f 69//84 152//84 149//84 66//84
f 71//85 153//85 152//85 69//85
f 155//86 150//86 149//86 154//86
f 156//87 151//87 150//87 155//87
f 152//88 158//88 154//88 149//88
f 160//89 159//89 157//89 158//89
f 153//90 160//90 158//90 152//90
f 163//25 155//25 154//25 162//25
f 164//25 156//25 155//25 163//25
f 167//91 166//91 161//91 162//91
f 167//92 158//92 157//92 166//92
f 158//93 167//93 162//93 154//93
f 169//94 168//94 165//94 166//94
f 159//95 169//95 166//95 157//95
f 172//96 162//96 161//96 171//96
f 173//25 163//25 162//25 172//25
f 174//25 164//25 163//25 173//25
f 176//97 175//97 170//97 171//97
f 176//98 166//98 165//98 175//98
f 166//99 176//99 171//99 161//99
f 168//100 177//100 175//100 165//100
f 180//101 171//101 170//101 179//101
f 181//102 172//102 171//102 180//102
f 182//25 173//25 172//25 181//25
f 183//25 174//25 173//25 182//25
f 185//103 184//103 178//103 179//103
f 175//104 185//104 179//104 170//104
f 187//105 186//105 184//105 185//105
f 177//106 187//106 185//106 175//106
f 189//107 179//107 178//107 188//107
f 190//108 180//108 179//108 189//108
f 191//109 181//109 180//109 190//109
f 192//25 182//25 181//25 191//25
f 193//25 183//25 182//25 192//25
f 184//110 195//110 188//110 178//110
f 197//111 196//111 194//111 195//111
f 186//112 197//112 195//112 184//112
f 200//113 189//113 188//113 199//113
f 201//25 190//25 189//25 200//25
f 202//25 191//25 190//25 201//25
f 203//25 192//25 191//25 202//25
f 204//25 193//25 192//25 203//25
f 206//114 205//114 198//114 199//114
f 206//115 195//115 194//115 205//115
f 195//116 206//116 199//116 188//116
f 196//117 207//117 205//117 194//117
f 209//118 199//118 198//118 208//118
f 210//119 200//119 199//119 209//119
f 211//25 201//25 200//25 210//25
f 212//25 202//25 201//25 211//25
f 213//25 203//25 202//25 212//25
f 214//25 204//25 203//25 213//25
f 205//120 216//120 208//120 198//120
f 218//121 217//121 215//121 216//121
f 207//122 218//122 216//122 205//122
f 219//25 141//25 68//25 151//25
f 220//25 142//25 141//25 219//25
f 221//25 143//25 142//25 220//25
f 222//25 144//25 143//25 221//25
f 223//25 145//25 144//25 222//25
f 224//25 146//25 145//25 223//25
f 225//25 147//25 146//25 224//25
f 226//25 148//25 147//25 225//25
f 227//25 219//25 151//25 156//25
f 228//25 220//25 219//25 227//25
f 229//25 221//25 220//25 228//25
f 230//25 222//25 221//25 229//25
f 231//25 223//25 222//25 230//25
f 232//25 224//25 223//25 231//25
f 233//25 225//25 224//25 232//25
f 234//25 226//25 225//25 233//25
f 235//25 227//25 156//25 164//25
f 236//25 228//25 227//25 235//25
f 237//25 229//25 228//25 236//25
f 238//25 230//25 229//25 237//25
f 239//25 231//25 230//25 238//25
f 240//25 232//25 231//25 239//25
f 241//25 233//25 232//25 240//25
f 242//25 234//25 233//25 241//25
f 243//25 235//25 164//25 174//25
f 244//25 236//25 235//25 243//25
f 245//25 237//25 236//25 244//25
f 246//25 238//25 237//25 245//25
f 247//25 239//25 238//25 246//25
f 248//25 240//25 239//25 247//25
f 249//25 241//25 240//25 248//25
f 250//25 242//25 241//25 249//25
f 251//25 243//25 174//25 183//25
f 252//25 244//25 243//25 251//25
f 253//25 245//25 244//25 252//25
f 254//25 246//25 245//25 253//25
f 255//25 247//25 246//25 254//25
f 256//25 248//25 247//25 255//25
f 257//25 249//25 248//25 256//25
f 258//25 250//25 249//25 257//25
f 259//25 251//25 183//25 193//25
f 260//25 252//25 251//25 259//25
f 261//25 253//25 252//25 260//25
f 262//25 254//25 253//25 261//25
f 263//25 255//25 254//25 262//25
f 264//25 256//25 255//25 263//25
f 265//25 257//25 256//25 264//25
f 266//25 258//25 257//25 265//25
f 267//25 259//25 193//25 204//25
f 268//25 260//25 259//25 267//25
f 269//25 261//25 260//25 268//25
f 270//25 262//25 261//25 269//25
f 271//25 263//25 262//25 270//25
f 272//25 264//25 263//25 271//25
f 273//25 265//25 264//25 272//25
f 274//25 266//25 265//25 273//25
f 275//25 267//25 204//25 214//25
f 276//25 268//25 267//25 275//25
f 277//25 269//25 268//25 276//25
f 278//25 270//25 269//25 277//25
f 279//25 271//25 270//25 278//25
f 280//25 272//25 271//25 279//25
f 281//25 273//25 272//25 280//25
f 282//25 274//25 273//25 281//25
f 1411//25 1450//25 148//25 226//25
f 1412//25 1411//25 226//25 234//25
f 1413//25 1412//25 234//25 242//25
f 1414//25 1413//25 242//25 250//25
f 1415//25 1414//25 250//25 258//25
f 1416//25 1415//25 258//25 266//25
f 1417//25 1416//25 266//25 274//25
f 1418//25 1417//25 274//25 282//25
f 284//28 287//28 286//28 283//28
f 291//123 290//123 288//123 289//123
f 286//124 291//124 289//124 285//124
f 293//125 292//125 290//125 291//125
f 287//126 293//126 291//126 286//126
f 295//127 289//127 288//127 294//127
f 290//128 296//128 294//128 288//128
f 292//129 297//129 296//129 290//129
f 300//130 295//130 294//130 299//130
f 302//131 301//131 298//131 299//131
f 296//132 302//132 299//132 294//132
f 304//133 303//133 301//133 302//133
f 297//134 304//134 302//134 296//134
f 306//135 299//135 298//135 305//135
f 307//136 300//136 299//136 306//136
f 301//137 309//137 305//137 298//137
f 311//138 310//138 308//138 309//138
f 303//139 311//139 309//139 301//139
f 314//25 306//25 305//25 313//25
f 315//25 307//25 306//25 314//25
f 317//140 316//140 312//140 313//140
f 317//141 309//141 308//141 316//141
f 309//142 317//142 313//142 305//142
f 310//143 318//143 316//143 308//143
f 321//144 313//144 312//144 320//144
f 322//25 314//25 313//25 321//25
f 323//25 315//25 314//25 322//25
f 325//145 324//145 319//145 320//145
f 316//146 325//146 320//146 312//146
f 327//147 326//147 324//147 325//147
f 318//148 327//148 325//148 316//148
f 330//25 209//25 208//25 329//25
f 331//25 210//25 209//25 330//25
f 332//25 211//25 210//25 331//25
f 333//25 212//25 211//25 332//25
f 334//25 213//25 212//25 333//25
f 335//25 214//25 213//25 334//25
f 337//149 336//149 328//149 329//149
f 337//150 216//150 215//150 336//150
f 216//151 337//151 329//151 208//151
f 338//152 284//152 283//152 336//152
f 217//153 338//153 336//153 215//153
f 340//154 329//154 328//154 339//154
f 341//25 330//25 329//25 340//25
f 342//25 331//25 330//25 341//25
f 343//25 332//25 331//25 342//25
f 344//25 333//25 332//25 343//25
f 345//25 334//25 333//25 344//25
f 346//25 335//25 334//25 345//25
f 347//155 286//155 285//155 339//155
f 347//156 336//156 283//156 286//156
f 336//157 347//157 339//157 328//157
f 348//158 339//158 285//158 289//158
f 349//159 340//159 339//159 348//159
f 350//25 341//25 340//25 349//25
f 351//25 342//25 341//25 350//25
f 352//25 343//25 342//25 351//25
f 353//25 344//25 343//25 352//25
f 354//25 345//25 344//25 353//25
f 355//25 346//25 345//25 354//25
f 356//160 348//160 289//160 295//160
f 357//161 349//161 348//161 356//161
f 358//25 350//25 349//25 357//25
f 359//25 351//25 350//25 358//25
f 360//25 352//25 351//25 359//25
f 361//25 353//25 352//25 360//25
f 362//25 354//25 353//25 361//25
f 363//25 355//25 354//25 362//25
f 364//25 356//25 295//25 300//25
f 365//25 357//25 356//25 364//25
f 366//25 358//25 357//25 365//25
f 367//25 359//25 358//25 366//25
f 368//25 360//25 359//25 367//25
f 369//25 361//25 360//25 368//25
f 370//25 362//25 361//25 369//25
f 371//25 363//25 362//25 370//25
f 372//25 364//25 300//25 307//25
f 373//25 365//25 364//25 372//25
f 374//25 366//25 365//25 373//25
f 375//25 367//25 366//25 374//25
f 376//25 368//25 367//25 375//25
f 377//25 369//25 368//25 376//25
f 378//25 370//25 369//25 377//25
f 379//25 371//25 370//25 378//25
f 380//25 372//25 307//25 315//25
f 381//25 373//25 372//25 380//25
f 382//25 374//25 373//25 381//25
f 383//25 375//25 374//25 382//25
f 384//25 376//25 375//25 383//25
f 385//25 377//25 376//25 384//25
f 386//25 378//25 377//25 385//25
f 387//25 379//25 378//25 386//25
f 388//25 380//25 315//25 323//25
f 389//25 381//25 380//25 388//25
f 390//25 382//25 381//25 389//25
f 391//25 383//25 382//25 390//25
f 392//25 384//25 383//25 391//25
f 393//25 385//25 384//25 392//25
f 394//25 386//25 385//25 393//25
f 395//25 387//25 386//25 394//25
f 396//25 275//25 214//25 335//25
f 397//25 276//25 275//25 396//25
f 398//25 277//25 276//25 397//25
f 399//25 278//25 277//25 398//25
f 400//25 279//25 278//25 399//25
f 401//25 280//25 279//25 400//25
f 402//25 281//25 280//25 401//25
f 403//25 282//25 281//25 402//25
f 404//25 396//25 335//25 346//25
f 405//25 397//25 396//25 404//25
f 406//25 398//25 397//25 405//25
f 407//25 399//25 398//25 406//25
f 408//25 400//25 399//25 407//25
f 409//25 401//25 400//25 408//25
f 410//25 402//25 401//25 409//25
f 411//25 403//25 402//25 410//25
f 412//25 404//25 346//25 355//25
f 413//25 405//25 404//25 412//25
f 414//25 406//25 405//25 413//25
f 415//25 407//25 406//25 414//25
f 416//25 408//25 407//25 415//25
f 417//25 409//25 408//25 416//25
f 418//25 410//25 409//25 417//25
f 419//25 411//25 410//25 418//25
f 420//25 412//25 355//25 363//25
f 421//25 413//25 412//25 420//25
f 422//25 414//25 413//25 421//25
f 423//25 415//25 414//25 422//25
f 424//25 416//25 415//25 423//25
f 425//25 417//25 416//25 424//25
f 426//25 418//25 417//25 425//25
f 427//25 419//25 418//25 426//25
f 428//25 420//25 363//25 371//25
f 429//25 421//25 420//25 428//25
f 430//25 422//25 421//25 429//25
f 431//25 423//25 422//25 430//25
f 432//25 424//25 423//25 431//25
f 433//25 425//25 424//25 432//25
f 434//25 426//25 425//25 433//25
f 435//25 427//25 426//25 434//25
f 436//25 428//25 371//25 379//25
f 437//25 429//25 428//25 436//25
f 438//25 430//25 429//25 437//25
f 439//25 431//25 430//25 438//25
f 440//25 432//25 431//25 439//25
f 441//25 433//25 432//25 440//25
f 442//25 434//25 433//25 441//25
f 443//25 435//25 434//25 442//25
f 444//25 436//25 379//25 387//25
f 445//25 437//25 436//25 444//25
f 446//25 438//25 437//25 445//25
f 447//25 439//25 438//25 446//25
f 448//25 440//25 439//25 447//25
f 449//25 441//25 440//25 448//25
f 450//25 442//25 441//25 449//25
f 451//25 443//25 442//25 450//25
f 452//25 444//25 387//25 395//25
f 453//25 445//25 444//25 452//25
f 454//25 446//25 445//25 453//25
f 455//25 447//25 446//25 454//25
f 456//25 448//25 447//25 455//25
f 457//25 449//25 448//25 456//25
f 458//25 450//25 449//25 457//25
f 459//25 451//25 450//25 458//25
f 1431//25 1418//25 282//25 403//25
f 1432//25 1431//25 403//25 411//25
f 1433//25 1432//25 411//25 419//25
f 1434//25 1433//25 419//25 427//25
f 1435//25 1434//25 427//25 435//25
f 1436//25 1435//25 435//25 443//25
f 1437//25 1436//25 443//25 451//25
f 1438//25 1437//25 451//25 459//25
f 461//162 320//162 319//162 460//162
f 462//163 321//163 320//163 461//163
f 463//25 322//25 321//25 462//25
f 464//25 323//25 322//25 463//25
f 324//164 466//164 460//164 319//164
f 468//165 467//165 465//165 466//165
f 326//166 468//166 466//166 324//166
f 471//167 461//167 460//167 470//167
f 472//168 462//168 461//168 471//168
f 473//25 463//25 462//25 472//25
f 474//25 464//25 463//25 473//25
f 476//169 475//169 469//169 470//169
f 476//170 466//170 465//170 475//170
f 466//171 476//171 470//171 460//171
f 467//172 477//172 475//172 465//172
f 480//173 470//173 469//173 479//173
f 481//25 471//25 470//25 480//25
f 482//25 472//25 471//25 481//25
f 483//25 473//25 472//25 482//25
f 484//25 474//25 473//25 483//25
f 486//174 485//174 478//174 479//174
f 475//175 486//175 479//175 469//175
f 488//176 487//176 485//176 486//176
f 477//177 488//177 486//177 475//177
f 490//178 479//178 478//178 489//178
f 491//179 480//179 479//179 490//179
f 492//25 481//25 480//25 491//25
f 493//25 482//25 481//25 492//25
f 494//25 483//25 482//25 493//25
f 495//25 484//25 483//25 494//25
f 485//180 497//180 489//180 478//180
f 499//181 498//181 496//181 497//181
f 487//182 499//182 497//182 485//182
f 502//25 490//25 489//25 501//25
f 503//25 491//25 490//25 502//25
f 504//25 492//25 491//25 503//25
f 505//25 493//25 492//25 504//25
f 506//25 494//25 493//25 505//25
f 507//25 495//25 494//25 506//25
f 509//183 508//183 500//183 501//183
f 509//184 497//184 496//184 508//184
f 497//185 509//185 501//185 489//185
f 498//186 510//186 508//186 496//186
f 512//187 501//187 500//187 511//187
f 513//25 502//25 501//25 512//25
f 514//25 503//25 502//25 513//25
f 515//25 504//25 503//25 514//25
f 516//25 505//25 504//25 515//25
f 517//25 506//25 505//25 516//25
f 518//25 507//25 506//25 517//25
f 1336//188 1328//188 511//188
f 1338//189 1387//189 1326//189 1334//189 1328//189 1336//189 1331//189 1333//189 1329//189 1335//189 1330//189 1332//189 1337//189 1327//189
f 520//190 512//190 511//190 519//190
f 521//25 513//25 512//25 520//25
f 522//25 514//25 513//25 521//25
f 523//25 515//25 514//25 522//25
f 524//25 516//25 515//25 523//25
f 525//25 517//25 516//25 524//25
f 526//25 518//25 517//25 525//25
f 528//191 520//191 519//191 527//191
f 529//25 521//25 520//25 528//25
f 530//25 522//25 521//25 529//25
f 531//25 523//25 522//25 530//25
f 532//25 524//25 523//25 531//25
f 533//25 525//25 524//25 532//25
f 534//25 526//25 525//25 533//25
f 535//25 388//25 323//25 464//25
f 536//25 389//25 388//25 535//25
f 537//25 390//25 389//25 536//25
f 538//25 391//25 390//25 537//25
f 539//25 392//25 391//25 538//25
f 540//25 393//25 392//25 539//25
f 541//25 394//25 393//25 540//25
f 542//25 395//25 394//25 541//25
f 543//25 535//25 464//25 474//25
f 544//25 536//25 535//25 543//25
f 545//25 537//25 536//25 544//25
f 546//25 538//25 537//25 545//25
f 547//25 539//25 538//25 546//25
f 548//25 540//25 539//25 547//25
f 549//25 541//25 540//25 548//25
f 550//25 542//25 541//25 549//25
f 551//25 543//25 474//25 484//25
f 552//25 544//25 543//25 551//25
f 553//25 545//25 544//25 552//25
f 554//25 546//25 545//25 553//25
f 555//25 547//25 546//25 554//25
f 556//25 548//25 547//25 555//25
f 557//25 549//25 548//25 556//25
f 558//25 550//25 549//25 557//25
f 559//25 551//25 484//25 495//25
f 560//25 552//25 551//25 559//25
f 561//25 553//25 552//25 560//25
f 562//25 554//25 553//25 561//25
f 563//25 555//25 554//25 562//25
f 564//25 556//25 555//25 563//25
f 565//25 557//25 556//25 564//25
f 566//25 558//25 557//25 565//25
f 567//25 559//25 495//25 507//25
f 568//25 560//25 559//25 567//25
f 569//25 561//25 560//25 568//25
f 570//25 562//25 561//25 569//25
f 571//25 563//25 562//25 570//25
f 572//25 564//25 563//25 571//25
f 573//25 565//25 564//25 572//25
f 574//25 566//25 565//25 573//25
f 575//25 567//25 507//25 518//25
f 576//25 568//25 567//25 575//25
f 577//25 569//25 568//25 576//25
f 578//25 570//25 569//25 577//25
f 579//25 571//25 570//25 578//25
f 580//25 572//25 571//25 579//25
f 581//25 573//25 572//25 580//25
f 582//25 574//25 573//25 581//25
f 583//25 575//25 518//25 526//25
f 584//25 576//25 575//25 583//25
f 585//25 577//25 576//25 584//25
f 586//25 578//25 577//25 585//25
f 587//25 579//25 578//25 586//25
f 588//25 580//25 579//25 587//25
f 589//25 581//25 580//25 588//25
f 590//25 582//25 581//25 589//25
f 591//25 583//25 526//25 534//25
f 592//25 584//25 583//25 591//25
f 593//25 585//25 584//25 592//25
f 594//25 586//25 585//25 593//25
f 595//25 587//25 586//25 594//25
f 596//25 588//25 587//25 595//25
f 597//25 589//25 588//25 596//25
f 598//25 590//25 589//25 597//25
f 599//25 452//25 395//25 542//25
f 600//25 453//25 452//25 599//25
f 601//25 454//25 453//25 600//25
f 602//25 455//25 454//25 601//25
f 603//25 456//25 455//25 602//25
f 604//25 457//25 456//25 603//25
f 605//25 458//25 457//25 604//25
f 606//25 459//25 458//25 605//25
f 607//25 599//25 542//25 550//25
f 608//25 600//25 599//25 607//25
f 609//25 601//25 600//25 608//25
f 610//25 602//25 601//25 609//25
f 611//25 603//25 602//25 610//25
f 612//25 604//25 603//25 611//25
f 613//25 605//25 604//25 612//25
f 614//25 606//25 605//25 613//25
f 615//25 607//25 550//25 558//25
f 616//25 608//25 607//25 615//25
f 617//25 609//25 608//25 616//25
f 618//25 610//25 609//25 617//25
f 619//25 611//25 610//25 618//25
f 620//25 612//25 611//25 619//25
f 621//25 613//25 612//25 620//25
f 622//25 614//25 613//25 621//25
f 623//25 615//25 558//25 566//25
f 624//25 616//25 615//25 623//25
f 625//25 617//25 616//25 624//25
f 626//25 618//25 617//25 625//25
f 627//25 619//25 618//25 626//25
f 628//25 620//25 619//25 627//25
f 629//25 621//25 620//25 628//25
f 630//25 622//25 621//25 629//25
f 631//25 623//25 566//25 574//25
f 632//25 624//25 623//25 631//25
f 633//25 625//25 624//25 632//25
f 634//25 626//25 625//25 633//25
f 635//25 627//25 626//25 634//25
f 636//25 628//25 627//25 635//25
f 637//25 629//25 628//25 636//25
f 638//25 630//25 629//25 637//25
f 639//25 631//25 574//25 582//25
f 640//25 632//25 631//25 639//25
f 641//25 633//25 632//25 640//25
f 642//25 634//25 633//25 641//25
f 643//25 635//25 634//25 642//25
f 644//25 636//25 635//25 643//25
f 645//25 637//25 636//25 644//25
f 646//25 638//25 637//25 645//25
f 647//25 639//25 582//25 590//25
f 648//25 640//25 639//25 647//25
f 649//25 641//25 640//25 648//25
f 650//25 642//25 641//25 649//25
f 651//25 643//25 642//25 650//25
f 652//25 644//25 643//25 651//25
f 653//25 645//25 644//25 652//25
f 654//25 646//25 645//25 653//25
f 655//25 647//25 590//25 598//25
f 656//25 648//25 647//25 655//25
f 657//25 649//25 648//25 656//25
f 658//25 650//25 649//25 657//25
f 659//25 651//25 650//25 658//25
f 660//25 652//25 651//25 659//25
f 661//25 653//25 652//25 660//25
f 662//25 654//25 653//25 661//25
f 1392//25 1438//25 459//25 606//25
f 1393//25 1392//25 606//25 614//25
f 1394//25 1393//25 614//25 622//25
f 1395//25 1394//25 622//25 630//25
f 1396//25 1395//25 630//25 638//25
f 1397//25 1396//25 638//25 646//25
f 1398//25 1397//25 646//25 654//25
f 1399//25 1398//25 654//25 662//25
f 667//28 666//28 7//28 8//28
f 663//28 667//28 8//28 3//28
f 669//28 668//28 666//28 667//28
f 664//28 669//28 667//28 663//28
f 665//192 670//192 669//192 664//192
f 666//28 671//28 13//28 7//28
f 668//193 672//193 671//193 666//193
f 669//194 673//194 672//194 668//194
f 675//195 674//195 672//195 673//195
f 670//196 675//196 673//196 669//196
f 677//28 676//28 19//28 20//28
f 671//28 677//28 20//28 13//28
f 679//197 678//197 676//197 677//197
f 672//198 679//198 677//198 671//198
f 681//199 680//199 678//199 679//199
f 674//200 681//200 679//200 672//200
f 675//201 682//201 681//201 674//201
f 684//28 683//28 26//28 27//28
f 676//28 684//28 27//28 19//28
f 686//202 685//202 683//202 684//202
f 678//203 686//203 684//203 676//203
f 680//204 687//204 686//204 678//204
f 681//205 688//205 687//205 680//205
f 682//206 689//206 688//206 681//206
f 683//28 690//28 34//28 26//28
f 685//207 691//207 690//207 683//207
f 686//208 692//208 691//208 685//208
f 694//209 693//209 691//209 692//209
f 687//210 694//210 692//210 686//210
f 688//211 695//211 694//211 687//211
f 689//212 696//212 695//212 688//212
f 698//28 697//28 42//28 43//28
f 690//28 698//28 43//28 34//28
f 700//28 699//28 697//28 698//28
f 691//213 700//213 698//213 690//213
f 702//214 701//214 699//214 700//214
f 693//215 702//215 700//215 691//215
f 694//216 703//216 702//216 693//216
f 695//212 704//212 703//212 694//212
f 696//212 705//212 704//212 695//212
f 707//28 706//28 50//28 51//28
f 697//28 707//28 51//28 42//28
f 709//28 708//28 706//28 707//28
f 699//28 709//28 707//28 697//28
f 701//217 710//217 709//217 699//217
f 702//218 711//218 710//218 701//218
f 703//219 712//219 711//219 702//219
f 704//212 713//212 712//212 703//212
f 705//212 714//212 713//212 704//212
f 715//220 663//220 3//220 53//220
f 1462//221 715//221 53//221 1390//221
f 716//222 664//222 663//222 715//222
f 1463//223 716//223 715//223 1462//223
f 1419//224 665//224 664//224 716//224 1453//224
f 1463//225 1453//225 716//225
f 1419//226 1459//226 670//226 665//226
f 1459//227 1451//227 675//227 670//227
f 1451//228 1439//228 682//228 675//228
f 1439//212 1420//212 689//212 682//212
f 1420//212 1400//212 696//212 689//212
f 1400//212 1421//212 705//212 696//212
f 1421//212 1440//212 714//212 705//212
f 717//28 719//28 59//28 56//28
f 718//229 720//229 719//229 717//229
f 723//28 722//28 64//28 65//28
f 719//28 723//28 65//28 59//28
f 725//230 724//230 722//230 723//230
f 720//231 725//231 723//231 719//231
f 727//232 726//232 724//232 725//232
f 721//233 727//233 725//233 720//233
f 729//28 728//28 71//28 72//28
f 722//28 729//28 72//28 64//28
f 731//234 730//234 728//234 729//234
f 724//235 731//235 729//235 722//235
f 733//236 732//236 730//236 731//236
f 726//237 733//237 731//237 724//237
f 727//238 734//238 733//238 726//238
f 706//28 735//28 81//28 50//28
f 708//239 736//239 735//239 706//239
f 709//240 737//240 736//240 708//240
f 739//241 738//241 736//241 737//241
f 710//242 739//242 737//242 709//242
f 711//243 740//243 739//243 710//243
f 712//244 741//244 740//244 711//244
f 713//212 742//212 741//212 712//212
f 714//212 743//212 742//212 713//212
f 745//28 744//28 92//28 93//28
f 735//28 745//28 93//28 81//28
f 747//245 746//245 744//245 745//245
f 736//246 747//246 745//246 735//246
f 749//247 748//247 746//247 747//247
f 738//248 749//248 747//248 736//248
f 739//249 750//249 749//249 738//249
f 740//250 751//250 750//250 739//250
f 741//212 752//212 751//212 740//212
f 742//212 753//212 752//212 741//212
f 743//212 754//212 753//212 742//212
f 744//28 755//28 102//28 92//28
f 746//251 756//251 755//251 744//251
f 748//252 757//252 756//252 746//252
f 749//253 758//253 757//253 748//253
f 750//254 759//254 758//254 749//254
f 751//212 760//212 759//212 750//212
f 752//212 761//212 760//212 751//212
f 753//212 762//212 761//212 752//212
f 754//212 763//212 762//212 753//212
f 765//28 764//28 113//28 114//28
f 755//28 765//28 114//28 102//28
f 767//255 766//255 764//255 765//255
f 756//256 767//256 765//256 755//256
f 769//257 768//257 766//257 767//257
f 757//258 769//258 767//258 756//258
f 758//259 770//259 769//259 757//259
f 759//212 771//212 770//212 758//212
f 760//212 772//212 771//212 759//212
f 761//212 773//212 772//212 760//212
f 762//212 774//212 773//212 761//212
f 763//212 775//212 774//212 762//212
f 776//28 717//28 56//28 124//28
f 764//28 776//28 124//28 113//28
f 777//260 718//260 717//260 776//260
f 766//261 777//261 776//261 764//261
f 768//262 778//262 777//262 766//262
f 769//263 779//263 778//263 768//263
f 770//212 780//212 779//212 769//212
f 771//212 781//212 780//212 770//212
f 772//212 782//212 781//212 771//212
f 773//212 783//212 782//212 772//212
f 774//212 784//212 783//212 773//212
f 775//212 785//212 784//212 774//212
f 777//264 786//264 720//264 718//264
f 787//265 721//265 720//265 786//265
f 778//266 787//266 786//266 777//266
f 779//267 788//267 787//267 778//267
f 780//212 789//212 788//212 779//212
f 781//212 790//212 789//212 780//212
f 782//212 791//212 790//212 781//212
f 783//212 792//212 791//212 782//212
f 784//212 793//212 792//212 783//212
f 785//212 794//212 793//212 784//212
f 787//212 795//212 727//212 721//212
f 788//212 796//212 795//212 787//212
f 789//212 797//212 796//212 788//212
f 790//212 798//212 797//212 789//212
f 791//212 799//212 798//212 790//212
f 792//212 800//212 799//212 791//212
f 793//212 801//212 800//212 792//212
f 794//212 802//212 801//212 793//212
f 795//212 803//212 734//212 727//212
f 796//212 804//212 803//212 795//212
f 797//212 805//212 804//212 796//212
f 798//212 806//212 805//212 797//212
f 799//212 807//212 806//212 798//212
f 800//212 808//212 807//212 799//212
f 801//212 809//212 808//212 800//212
f 802//212 810//212 809//212 801//212
f 1440//212 1464//212 743//212 714//212
f 1464//212 1441//212 754//212 743//212
f 1441//212 1452//212 763//212 754//212
f 1452//212 1465//212 775//212 763//212
f 1465//212 1422//212 785//212 775//212
f 1422//212 1442//212 794//212 785//212
f 1442//212 1443//212 802//212 794//212
f 1443//212 1444//212 810//212 802//212
f 728//28 811//28 153//28 71//28
f 730//268 812//268 811//268 728//268
f 732//269 813//269 812//269 730//269
f 733//270 814//270 813//270 732//270
f 734//271 815//271 814//271 733//271
f 817//28 816//28 159//28 160//28
f 811//28 817//28 160//28 153//28
f 819//272 818//272 816//272 817//272
f 812//273 819//273 817//273 811//273
f 821//274 820//274 818//274 819//274
f 813//275 821//275 819//275 812//275
f 814//276 822//276 821//276 813//276
f 815//212 823//212 822//212 814//212
f 825//28 824//28 168//28 169//28
f 816//28 825//28 169//28 159//28
f 827//277 826//277 824//277 825//277
f 818//278 827//278 825//278 816//278
f 820//279 828//279 827//279 818//279
f 821//280 829//280 828//280 820//280
f 822//212 830//212 829//212 821//212
f 823//212 831//212 830//212 822//212
f 824//28 832//28 177//28 168//28
f 826//281 833//281 832//281 824//281
f 827//282 834//282 833//282 826//282
f 836//283 835//283 833//283 834//283
f 828//284 836//284 834//284 827//284
f 829//285 837//285 836//285 828//285
f 830//212 838//212 837//212 829//212
f 831//212 839//212 838//212 830//212
f 841//28 840//28 186//28 187//28
f 832//28 841//28 187//28 177//28
f 843//286 842//286 840//286 841//286
f 833//287 843//287 841//287 832//287
f 845//288 844//288 842//288 843//288
f 835//289 845//289 843//289 833//289
f 836//290 846//290 845//290 835//290
f 837//291 847//291 846//291 836//291
f 838//212 848//212 847//212 837//212
f 839//212 849//212 848//212 838//212
f 851//28 850//28 196//28 197//28
f 840//28 851//28 197//28 186//28
f 853//292 852//292 850//292 851//292
f 842//293 853//293 851//293 840//293
f 844//294 854//294 853//294 842//294
f 845//295 855//295 854//295 844//295
f 846//296 856//296 855//296 845//296
f 847//212 857//212 856//212 846//212
f 848//212 858//212 857//212 847//212
f 849//212 859//212 858//212 848//212
f 850//28 860//28 207//28 196//28
f 852//297 861//297 860//297 850//297
f 853//298 862//298 861//298 852//298
f 864//299 863//299 861//299 862//299
f 854//300 864//300 862//300 853//300
f 855//301 865//301 864//301 854//301
f 856//212 866//212 865//212 855//212
f 857//212 867//212 866//212 856//212
f 858//212 868//212 867//212 857//212
f 859//212 869//212 868//212 858//212
f 871//28 870//28 217//28 218//28
f 860//28 871//28 218//28 207//28
f 873//302 872//302 870//302 871//302
f 861//303 873//303 871//303 860//303
f 863//304 874//304 873//304 861//304
f 864//305 875//305 874//305 863//305
f 865//212 876//212 875//212 864//212
f 866//212 877//212 876//212 865//212
f 867//212 878//212 877//212 866//212
f 868//212 879//212 878//212 867//212
f 869//212 880//212 879//212 868//212
f 803//212 881//212 815//212 734//212
f 804//212 882//212 881//212 803//212
f 805//212 883//212 882//212 804//212
f 806//212 884//212 883//212 805//212
f 807//212 885//212 884//212 806//212
f 808//212 886//212 885//212 807//212
f 809//212 887//212 886//212 808//212
f 810//212 888//212 887//212 809//212
f 881//212 889//212 823//212 815//212
f 882//212 890//212 889//212 881//212
f 883//212 891//212 890//212 882//212
f 884//212 892//212 891//212 883//212
f 885//212 893//212 892//212 884//212
f 886//212 894//212 893//212 885//212
f 887//212 895//212 894//212 886//212
f 888//212 896//212 895//212 887//212
f 889//212 897//212 831//212 823//212
f 890//212 898//212 897//212 889//212
f 891//212 899//212 898//212 890//212
f 892//212 900//212 899//212 891//212
f 893//212 901//212 900//212 892//212
f 894//212 902//212 901//212 893//212
f 895//212 903//212 902//212 894//212
f 896//212 904//212 903//212 895//212
f 897//212 905//212 839//212 831//212
f 898//212 906//212 905//212 897//212
f 899//212 907//212 906//212 898//212
f 900//212 908//212 907//212 899//212
f 901//212 909//212 908//212 900//212
f 902//212 910//212 909//212 901//212
f 903//212 911//212 910//212 902//212
f 904//212 912//212 911//212 903//212
f 905//212 913//212 849//212 839//212
f 906//212 914//212 913//212 905//212
f 907//212 915//212 914//212 906//212
f 908//212 916//212 915//212 907//212
f 909//212 917//212 916//212 908//212
f 910//212 918//212 917//212 909//212
f 911//212 919//212 918//212 910//212
f 912//212 920//212 919//212 911//212
f 913//212 921//212 859//212 849//212
f 914//212 922//212 921//212 913//212
f 915//212 923//212 922//212 914//212
f 916//212 924//212 923//212 915//212
f 917//212 925//212 924//212 916//212
f 918//212 926//212 925//212 917//212
f 919//212 927//212 926//212 918//212
f 920//212 928//212 927//212 919//212
f 921//212 929//212 869//212 859//212
f 922//212 930//212 929//212 921//212
f 923//212 931//212 930//212 922//212
f 924//212 932//212 931//212 923//212
f 925//212 933//212 932//212 924//212
f 926//212 934//212 933//212 925//212
f 927//212 935//212 934//212 926//212
f 928//212 936//212 935//212 927//212
f 929//212 937//212 880//212 869//212
f 930//212 938//212 937//212 929//212
f 931//212 939//212 938//212 930//212
f 932//212 940//212 939//212 931//212
f 933//212 941//212 940//212 932//212
f 934//212 942//212 941//212 933//212
f 935//212 943//212 942//212 934//212
f 936//212 944//212 943//212 935//212
f 1444//212 1401//212 888//212 810//212
f 1401//212 1402//212 896//212 888//212
f 1402//212 1403//212 904//212 896//212
f 1403//212 1404//212 912//212 904//212
f 1404//212 1405//212 920//212 912//212
f 1405//212 1406//212 928//212 920//212
f 1406//212 1407//212 936//212 928//212
f 1407//212 1408//212 944//212 936//212
f 945//28 947//28 287//28 284//28
f 946//306 948//306 947//306 945//306
f 951//28 950//28 292//28 293//28
f 947//28 951//28 293//28 287//28
f 953//307 952//307 950//307 951//307
f 948//308 953//308 951//308 947//308
f 955//309 954//309 952//309 953//309
f 949//310 955//310 953//310 948//310
f 950//28 956//28 297//28 292//28
f 952//311 957//311 956//311 950//311
f 954//312 958//312 957//312 952//312
f 955//313 959//313 958//313 954//313
f 961//28 960//28 303//28 304//28
f 956//28 961//28 304//28 297//28
f 963//314 962//314 960//314 961//314
f 957//315 963//315 961//315 956//315
f 965//316 964//316 962//316 963//316
f 958//317 965//317 963//317 957//317
f 959//318 966//318 965//318 958//318
f 968//28 967//28 310//28 311//28
f 960//28 968//28 311//28 303//28
f 970//319 969//319 967//319 968//319
f 962//320 970//320 968//320 960//320
f 964//321 971//321 970//321 962//321
f 965//322 972//322 971//322 964//322
f 966//212 973//212 972//212 965//212
f 967//28 974//28 318//28 310//28
f 969//323 975//323 974//323 967//323
f 970//324 976//324 975//324 969//324
f 978//325 977//325 975//325 976//325
f 971//326 978//326 976//326 970//326
f 972//212 979//212 978//212 971//212
f 973//212 980//212 979//212 972//212
f 982//28 981//28 326//28 327//28
f 974//28 982//28 327//28 318//28
f 984//327 983//327 981//327 982//327
f 975//328 984//328 982//328 974//328
f 986//329 985//329 983//329 984//329
f 977//330 986//330 984//330 975//330
f 978//331 987//331 986//331 977//331
f 979//212 988//212 987//212 978//212
f 980//212 989//212 988//212 979//212
f 990//28 945//28 284//28 338//28
f 870//28 990//28 338//28 217//28
f 991//332 946//332 945//332 990//332
f 872//333 991//333 990//333 870//333
f 873//334 992//334 991//334 872//334
f 994//335 993//335 991//335 992//335
f 874//336 994//336 992//336 873//336
f 875//212 995//212 994//212 874//212
f 876//212 996//212 995//212 875//212
f 877//212 997//212 996//212 876//212
f 878//212 998//212 997//212 877//212
f 879//212 999//212 998//212 878//212
f 880//212 1000//212 999//212 879//212
f 991//337 1001//337 948//337 946//337
f 1002//338 949//338 948//338 1001//338
f 993//339 1002//339 1001//339 991//339
f 994//340 1003//340 1002//340 993//340
f 995//212 1004//212 1003//212 994//212
f 996//212 1005//212 1004//212 995//212
f 997//212 1006//212 1005//212 996//212
f 998//212 1007//212 1006//212 997//212
f 999//212 1008//212 1007//212 998//212
f 1000//212 1009//212 1008//212 999//212
f 1002//341 1010//341 955//341 949//341
f 1003//342 1011//342 1010//342 1002//342
f 1004//212 1012//212 1011//212 1003//212
f 1005//212 1013//212 1012//212 1004//212
f 1006//212 1014//212 1013//212 1005//212
f 1007//212 1015//212 1014//212 1006//212
f 1008//212 1016//212 1015//212 1007//212
f 1009//212 1017//212 1016//212 1008//212
f 1010//343 1018//343 959//343 955//343
f 1011//212 1019//212 1018//212 1010//212
f 1012//212 1020//212 1019//212 1011//212
f 1013//212 1021//212 1020//212 1012//212
f 1014//212 1022//212 1021//212 1013//212
f 1015//212 1023//212 1022//212 1014//212
f 1016//212 1024//212 1023//212 1015//212
f 1017//212 1025//212 1024//212 1016//212
f 1018//212 1026//212 966//212 959//212
f 1019//212 1027//212 1026//212 1018//212
f 1020//212 1028//212 1027//212 1019//212
f 1021//212 1029//212 1028//212 1020//212
f 1022//212 1030//212 1029//212 1021//212
f 1023//212 1031//212 1030//212 1022//212
f 1024//212 1032//212 1031//212 1023//212
f 1025//212 1033//212 1032//212 1024//212
f 1026//212 1034//212 973//212 966//212
f 1027//212 1035//212 1034//212 1026//212
f 1028//212 1036//212 1035//212 1027//212
f 1029//212 1037//212 1036//212 1028//212
f 1030//212 1038//212 1037//212 1029//212
f 1031//212 1039//212 1038//212 1030//212
f 1032//212 1040//212 1039//212 1031//212
f 1033//212 1041//212 1040//212 1032//212
f 1034//212 1042//212 980//212 973//212
f 1035//212 1043//212 1042//212 1034//212
f 1036//212 1044//212 1043//212 1035//212
f 1037//212 1045//212 1044//212 1036//212
f 1038//212 1046//212 1045//212 1037//212
f 1039//212 1047//212 1046//212 1038//212
f 1040//212 1048//212 1047//212 1039//212
f 1041//212 1049//212 1048//212 1040//212
f 1042//212 1050//212 989//212 980//212
f 1043//212 1051//212 1050//212 1042//212
f 1044//212 1052//212 1051//212 1043//212
f 1045//212 1053//212 1052//212 1044//212
f 1046//212 1054//212 1053//212 1045//212
f 1047//212 1055//212 1054//212 1046//212
f 1048//212 1056//212 1055//212 1047//212
f 1049//212 1057//212 1056//212 1048//212
f 937//212 1058//212 1000//212 880//212
f 938//212 1059//212 1058//212 937//212
f 939//212 1060//212 1059//212 938//212
f 940//212 1061//212 1060//212 939//212
f 941//212 1062//212 1061//212 940//212
f 942//212 1063//212 1062//212 941//212
f 943//212 1064//212 1063//212 942//212
f 944//212 1065//212 1064//212 943//212
f 1058//212 1066//212 1009//212 1000//212
f 1059//212 1067//212 1066//212 1058//212
f 1060//212 1068//212 1067//212 1059//212
f 1061//212 1069//212 1068//212 1060//212
f 1062//212 1070//212 1069//212 1061//212
f 1063//212 1071//212 1070//212 1062//212
f 1064//212 1072//212 1071//212 1063//212
f 1065//212 1073//212 1072//212 1064//212
f 1066//212 1074//212 1017//212 1009//212
f 1067//212 1075//212 1074//212 1066//212
f 1068//212 1076//212 1075//212 1067//212
f 1069//212 1077//212 1076//212 1068//212
f 1070//212 1078//212 1077//212 1069//212
f 1071//212 1079//212 1078//212 1070//212
f 1072//212 1080//212 1079//212 1071//212
f 1073//212 1081//212 1080//212 1072//212
f 1074//212 1082//212 1025//212 1017//212
f 1075//212 1083//212 1082//212 1074//212
f 1076//212 1084//212 1083//212 1075//212
f 1077//212 1085//212 1084//212 1076//212
f 1078//212 1086//212 1085//212 1077//212
f 1079//212 1087//212 1086//212 1078//212
f 1080//212 1088//212 1087//212 1079//212
f 1081//212 1089//212 1088//212 1080//212
f 1082//212 1090//212 1033//212 1025//212
f 1083//212 1091//212 1090//212 1082//212
f 1084//212 1092//212 1091//212 1083//212
f 1085//212 1093//212 1092//212 1084//212
f 1086//212 1094//212 1093//212 1085//212
f 1087//212 1095//212 1094//212 1086//212
f 1088//212 1096//212 1095//212 1087//212
f 1089//212 1097//212 1096//212 1088//212
f 1090//212 1098//212 1041//212 1033//212
f 1091//212 1099//212 1098//212 1090//212
f 1092//212 1100//212 1099//212 1091//212
f 1093//212 1101//212 1100//212 1092//212
f 1094//212 1102//212 1101//212 1093//212
f 1095//212 1103//212 1102//212 1094//212
f 1096//212 1104//212 1103//212 1095//212
f 1097//212 1105//212 1104//212 1096//212
f 1098//212 1106//212 1049//212 1041//212
f 1099//212 1107//212 1106//212 1098//212
f 1100//212 1108//212 1107//212 1099//212
f 1101//212 1109//212 1108//212 1100//212
f 1102//212 1110//212 1109//212 1101//212
f 1103//212 1111//212 1110//212 1102//212
f 1104//212 1112//212 1111//212 1103//212
f 1105//212 1113//212 1112//212 1104//212
f 1106//212 1114//212 1057//212 1049//212
f 1107//212 1115//212 1114//212 1106//212
f 1108//212 1116//212 1115//212 1107//212
f 1109//212 1117//212 1116//212 1108//212
f 1110//212 1118//212 1117//212 1109//212
f 1111//212 1119//212 1118//212 1110//212
f 1112//212 1120//212 1119//212 1111//212
f 1113//212 1121//212 1120//212 1112//212
f 1408//212 1423//212 1065//212 944//212
f 1423//212 1424//212 1073//212 1065//212
f 1424//212 1425//212 1081//212 1073//212
f 1425//212 1426//212 1089//212 1081//212
f 1426//212 1427//212 1097//212 1089//212
f 1427//212 1428//212 1105//212 1097//212
f 1428//212 1429//212 1113//212 1105//212
f 1429//212 1430//212 1121//212 1113//212
f 1123//28 1122//28 467//28 468//28
f 981//28 1123//28 468//28 326//28
f 1125//344 1124//344 1122//344 1123//344
f 983//345 1125//345 1123//345 981//345
f 1127//346 1126//346 1124//346 1125//346
f 985//347 1127//347 1125//347 983//347
f 986//348 1128//348 1127//348 985//348
f 987//349 1129//349 1128//349 986//349
f 988//212 1130//212 1129//212 987//212
f 989//212 1131//212 1130//212 988//212
f 1122//28 1132//28 477//28 467//28
f 1124//350 1133//350 1132//350 1122//350
f 1126//351 1134//351 1133//351 1124//351
f 1127//352 1135//352 1134//352 1126//352
f 1128//353 1136//353 1135//353 1127//353
f 1129//212 1137//212 1136//212 1128//212
f 1130//212 1138//212 1137//212 1129//212
f 1131//212 1139//212 1138//212 1130//212
f 1141//28 1140//28 487//28 488//28
f 1132//28 1141//28 488//28 477//28
f 1143//354 1142//354 1140//354 1141//354
f 1133//355 1143//355 1141//355 1132//355
f 1145//356 1144//356 1142//356 1143//356
f 1134//357 1145//357 1143//357 1133//357
f 1135//358 1146//358 1145//358 1134//358
f 1136//212 1147//212 1146//212 1135//212
f 1137//212 1148//212 1147//212 1136//212
f 1138//212 1149//212 1148//212 1137//212
f 1139//212 1150//212 1149//212 1138//212
f 1152//359 1151//359 498//359 499//359
f 1140//360 1152//360 499//360 487//360
f 1154//361 1153//361 1151//361 1152//361
f 1142//362 1154//362 1152//362 1140//362
f 1144//363 1155//363 1154//363 1142//363
f 1145//364 1156//364 1155//364 1144//364
f 1146//212 1157//212 1156//212 1145//212
f 1147//212 1158//212 1157//212 1146//212
f 1148//212 1159//212 1158//212 1147//212
f 1149//212 1160//212 1159//212 1148//212
f 1150//212 1161//212 1160//212 1149//212
f 1151//365 1162//365 510//365 498//365
f 1153//366 1163//366 1162//366 1151//366
f 1154//367 1164//367 1163//367 1153//367
f 1166//368 1165//368 1163//368 1164//368
f 1155//369 1166//369 1164//369 1154//369
f 1156//212 1167//212 1166//212 1155//212
f 1157//212 1168//212 1167//212 1156//212
f 1158//212 1169//212 1168//212 1157//212
f 1159//212 1170//212 1169//212 1158//212
f 1160//212 1171//212 1170//212 1159//212
f 1161//212 1172//212 1171//212 1160//212
f 1165//370 1174//370 1173//370 1163//370
f 1166//371 1175//371 1174//371 1165//371
f 1167//212 1176//212 1175//212 1166//212
f 1168//212 1177//212 1176//212 1167//212
f 1169//212 1178//212 1177//212 1168//212
f 1170//212 1179//212 1178//212 1169//212
f 1171//212 1180//212 1179//212 1170//212
f 1172//212 1181//212 1180//212 1171//212
f 1175//372 1183//372 1182//372 1174//372
f 1176//212 1184//212 1183//212 1175//212
f 1177//212 1185//212 1184//212 1176//212
f 1178//212 1186//212 1185//212 1177//212
f 1179//212 1187//212 1186//212 1178//212
f 1180//212 1188//212 1187//212 1179//212
f 1181//212 1189//212 1188//212 1180//212
f 1183//373 1191//373 1190//373 1182//373
f 1184//212 1192//212 1191//212 1183//212
f 1185//212 1193//212 1192//212 1184//212
f 1186//212 1194//212 1193//212 1185//212
f 1187//212 1195//212 1194//212 1186//212
f 1188//212 1196//212 1195//212 1187//212
f 1189//212 1197//212 1196//212 1188//212
f 1050//212 1198//212 1131//212 989//212
f 1051//212 1199//212 1198//212 1050//212
f 1052//212 1200//212 1199//212 1051//212
f 1053//212 1201//212 1200//212 1052//212
f 1054//212 1202//212 1201//212 1053//212
f 1055//212 1203//212 1202//212 1054//212
f 1056//212 1204//212 1203//212 1055//212
f 1057//212 1205//212 1204//212 1056//212
f 1198//212 1206//212 1139//212 1131//212
f 1199//212 1207//212 1206//212 1198//212
f 1200//212 1208//212 1207//212 1199//212
f 1201//212 1209//212 1208//212 1200//212
f 1202//212 1210//212 1209//212 1201//212
f 1203//212 1211//212 1210//212 1202//212
f 1204//212 1212//212 1211//212 1203//212
f 1205//212 1213//212 1212//212 1204//212
f 1206//212 1214//212 1150//212 1139//212
f 1207//212 1215//212 1214//212 1206//212
f 1208//212 1216//212 1215//212 1207//212
f 1209//212 1217//212 1216//212 1208//212
f 1210//212 1218//212 1217//212 1209//212
f 1211//212 1219//212 1218//212 1210//212
f 1212//212 1220//212 1219//212 1211//212
f 1213//212 1221//212 1220//212 1212//212
f 1214//212 1222//212 1161//212 1150//212
f 1215//212 1223//212 1222//212 1214//212
f 1216//212 1224//212 1223//212 1215//212
f 1217//212 1225//212 1224//212 1216//212
f 1218//212 1226//212 1225//212 1217//212
f 1219//212 1227//212 1226//212 1218//212
f 1220//212 1228//212 1227//212 1219//212
f 1221//212 1229//212 1228//212 1220//212
f 1222//212 1230//212 1172//212 1161//212
f 1223//212 1231//212 1230//212 1222//212
f 1224//212 1232//212 1231//212 1223//212
f 1225//212 1233//212 1232//212 1224//212
f 1226//212 1234//212 1233//212 1225//212
f 1227//212 1235//212 1234//212 1226//212
f 1228//212 1236//212 1235//212 1227//212
f 1229//212 1237//212 1236//212 1228//212
f 1230//212 1238//212 1181//212 1172//212
f 1231//212 1239//212 1238//212 1230//212
f 1232//212 1240//212 1239//212 1231//212
f 1233//212 1241//212 1240//212 1232//212
f 1234//212 1242//212 1241//212 1233//212
f 1235//212 1243//212 1242//212 1234//212
f 1236//212 1244//212 1243//212 1235//212
f 1237//212 1245//212 1244//212 1236//212
f 1238//212 1246//212 1189//212 1181//212
f 1239//212 1247//212 1246//212 1238//212
f 1240//212 1248//212 1247//212 1239//212
f 1241//212 1249//212 1248//212 1240//212
f 1242//212 1250//212 1249//212 1241//212
f 1243//212 1251//212 1250//212 1242//212
f 1244//212 1252//212 1251//212 1243//212
f 1245//212 1253//212 1252//212 1244//212
f 1246//212 1254//212 1197//212 1189//212
f 1247//212 1255//212 1254//212 1246//212
f 1248//212 1256//212 1255//212 1247//212
f 1249//212 1257//212 1256//212 1248//212
f 1250//212 1258//212 1257//212 1249//212
f 1251//212 1259//212 1258//212 1250//212
f 1252//212 1260//212 1259//212 1251//212
f 1253//212 1261//212 1260//212 1252//212
f 1114//212 1262//212 1205//212 1057//212
f 1115//212 1263//212 1262//212 1114//212
f 1116//212 1264//212 1263//212 1115//212
f 1117//212 1265//212 1264//212 1116//212
f 1118//212 1266//212 1265//212 1117//212
f 1119//212 1267//212 1266//212 1118//212
f 1120//212 1268//212 1267//212 1119//212
f 1121//212 1269//212 1268//212 1120//212
f 1262//212 1270//212 1213//212 1205//212
f 1263//212 1271//212 1270//212 1262//212
f 1264//212 1272//212 1271//212 1263//212
f 1265//212 1273//212 1272//212 1264//212
f 1266//212 1274//212 1273//212 1265//212
f 1267//212 1275//212 1274//212 1266//212
f 1268//212 1276//212 1275//212 1267//212
f 1269//212 1277//212 1276//212 1268//212
f 1270//212 1278//212 1221//212 1213//212
f 1271//212 1279//212 1278//212 1270//212
f 1272//212 1280//212 1279//212 1271//212
f 1273//212 1281//212 1280//212 1272//212
f 1274//212 1282//212 1281//212 1273//212
f 1275//212 1283//212 1282//212 1274//212
f 1276//212 1284//212 1283//212 1275//212
f 1277//212 1285//212 1284//212 1276//212
f 1278//212 1286//212 1229//212 1221//212
f 1279//212 1287//212 1286//212 1278//212
f 1280//212 1288//212 1287//212 1279//212
f 1281//212 1289//212 1288//212 1280//212
f 1282//212 1290//212 1289//212 1281//212
f 1283//212 1291//212 1290//212 1282//212
f 1284//212 1292//212 1291//212 1283//212
f 1285//212 1293//212 1292//212 1284//212
f 1286//212 1294//212 1237//212 1229//212
f 1287//212 1295//212 1294//212 1286//212
f 1288//212 1296//212 1295//212 1287//212
f 1289//212 1297//212 1296//212 1288//212
f 1290//212 1298//212 1297//212 1289//212
f 1291//212 1299//212 1298//212 1290//212
f 1292//212 1300//212 1299//212 1291//212
f 1293//212 1301//212 1300//212 1292//212
f 1294//212 1302//212 1245//212 1237//212
f 1295//212 1303//212 1302//212 1294//212
f 1296//212 1304//212 1303//212 1295//212
f 1297//212 1305//212 1304//212 1296//212
f 1298//212 1306//212 1305//212 1297//212
f 1299//212 1307//212 1306//212 1298//212
f 1300//212 1308//212 1307//212 1299//212
f 1301//212 1309//212 1308//212 1300//212
f 1302//212 1310//212 1253//212 1245//212
f 1303//212 1311//212 1310//212 1302//212
f 1304//212 1312//212 1311//212 1303//212
f 1305//212 1313//212 1312//212 1304//212
f 1306//212 1314//212 1313//212 1305//212
f 1307//212 1315//212 1314//212 1306//212
f 1308//212 1316//212 1315//212 1307//212
f 1309//212 1317//212 1316//212 1308//212
f 1310//212 1318//212 1261//212 1253//212
f 1311//212 1319//212 1318//212 1310//212
f 1312//212 1320//212 1319//212 1311//212
f 1313//212 1321//212 1320//212 1312//212
f 1314//212 1322//212 1321//212 1313//212
f 1315//212 1323//212 1322//212 1314//212
f 1316//212 1324//212 1323//212 1315//212
f 1317//212 1325//212 1324//212 1316//212
f 1430//212 1466//212 1269//212 1121//212
f 1466//212 1467//212 1277//212 1269//212
f 1467//212 1468//212 1285//212 1277//212
f 1468//212 1469//212 1293//212 1285//212
f 1469//212 1470//212 1301//212 1293//212
f 1470//212 1471//212 1309//212 1301//212
f 1471//212 1472//212 1317//212 1309//212
f 1472//212 1473//212 1325//212 1317//212
f 1351//374 528//374 527//374 1345//374
f 1357//25 529//25 528//25 1351//25
f 1363//25 530//25 529//25 1357//25
f 1369//25 531//25 530//25 1363//25
f 1375//25 532//25 531//25 1369//25
f 1381//25 533//25 532//25 1375//25
f 1339//25 534//25 533//25 1381//25
f 1346//25 591//25 534//25 1339//25
f 1352//25 592//25 591//25 1346//25
f 1358//25 593//25 592//25 1352//25
f 1364//25 594//25 593//25 1358//25
f 1370//25 595//25 594//25 1364//25
f 1376//25 596//25 595//25 1370//25
f 1382//25 597//25 596//25 1376//25
f 1340//25 598//25 597//25 1382//25
f 1347//25 655//25 598//25 1340//25
f 1353//25 656//25 655//25 1347//25
f 1359//25 657//25 656//25 1353//25
f 1365//25 658//25 657//25 1359//25
f 1371//25 659//25 658//25 1365//25
f 1377//25 660//25 659//25 1371//25
f 1383//25 661//25 660//25 1377//25
f 1341//25 662//25 661//25 1383//25
f 1474//375 1475//375 1341//375 1383//375 1377//375 1371//375 1365//375 1359//375 1353//375 1347//375 1340//375 1382//375 1376//375 1370//375 1364//375 1358//375 1352//375 1346//375 1339//375 1381//375 1375//375 1369//375 1363//375 1357//375 1351//375 1345//375 1387//375 1338//375 1342//375 1348//375 1354//375 1360//375 1366//375 1372//375 1378//375 1384//375 1343//375 1349//375 1355//375 1361//375 1367//375 1373//375 1379//375 1385//375 1344//375 1350//375 1356//375 1362//375 1368//375 1374//375 1380//375 1386//375
f 1475//25 1399//25 662//25 1341//25
f 1174//376 1182//376 1337//376 1332//376
f 508//377 1331//377 1336//377 511//377 500//377
f 510//378 1333//378 1331//378 508//378
f 1173//379 1330//379 1335//379
f 1174//380 1332//380 1330//380 1173//380
f 1162//381 1329//381 1333//381 510//381
f 1163//382 1173//382 1335//382 1329//382 1162//382
f 519//383 511//383 1328//383 1334//383
f 1182//384 1190//384 1327//384 1337//384
f 527//385 519//385 1334//385 1326//385
f 1345//386 527//386 1326//386 1387//386
f 1325//212 1386//212 1380//212 1324//212
f 1261//212 1385//212 1379//212 1260//212
f 1197//212 1384//212 1378//212 1196//212
f 1324//212 1380//212 1374//212 1323//212
f 1260//212 1379//212 1373//212 1259//212
f 1196//212 1378//212 1372//212 1195//212
f 1323//212 1374//212 1368//212 1322//212
f 1259//212 1373//212 1367//212 1258//212
f 1195//212 1372//212 1366//212 1194//212
f 1322//212 1368//212 1362//212 1321//212
f 1258//212 1367//212 1361//212 1257//212
f 1194//212 1366//212 1360//212 1193//212
f 1321//212 1362//212 1356//212 1320//212
f 1257//212 1361//212 1355//212 1256//212
f 1193//212 1360//212 1354//212 1192//212
f 1320//212 1356//212 1350//212 1319//212
f 1256//212 1355//212 1349//212 1255//212
f 1192//212 1354//212 1348//212 1191//212
f 1473//212 1474//212 1386//212 1325//212
f 1318//212 1344//212 1385//212 1261//212
f 1319//212 1350//212 1344//212 1318//212
f 1254//212 1343//212 1384//212 1197//212
f 1255//212 1349//212 1343//212 1254//212
f 1191//387 1348//387 1342//387 1190//387
f 1190//388 1342//388 1338//388 1327//388
f 52//389 2//389 1//389 1388//389 1445//389
