# Blender 4.5.2 LTS
# www.blender.org
mtllib DeckPortForwardCenter.mtl
o exact_from_image_slab.001
v -2.465329 -0.119635 -2.262525
v -2.469272 -0.122960 -2.172497
v -2.469523 -0.123038 -2.024833
v -2.469737 -0.123239 -1.874953
v -2.469913 -0.123414 -1.724968
v -2.470000 -0.123500 -1.574990
v -2.470000 -0.123500 -1.425000
v -2.470000 -0.123500 -1.275000
v -2.463213 -0.089954 -2.273783
v -2.469579 -0.090820 -2.171156
v -2.469694 -0.090487 -2.024765
v -2.469827 -0.090489 -1.874957
v -2.469913 -0.090502 -1.724970
v -2.470000 -0.090514 -1.574990
v -2.470000 -0.090515 -1.425000
v -2.470000 -0.090515 -1.275000
v -2.462002 -0.030699 -2.279117
v -2.470000 -0.030845 -2.170716
v -2.470000 -0.030852 -2.024758
v -2.470000 -0.030860 -1.874985
v -2.470000 -0.030869 -1.724989
v -2.470000 -0.030874 -1.574996
v -2.470000 -0.030875 -1.425000
v -2.470000 -0.030875 -1.275000
v -2.470000 -0.123500 -1.125000
v -2.470000 -0.123500 -0.975000
v -2.470000 -0.123500 -0.825000
v -2.470000 -0.123500 -0.675000
v -2.470000 -0.123500 -0.525000
v -2.470000 -0.123500 -0.375000
v -2.470000 -0.123500 -0.225000
v -2.470000 -0.123500 -0.075000
v -2.470000 -0.090515 -1.125000
v -2.470000 -0.090515 -0.975000
v -2.470000 -0.090515 -0.825000
v -2.470000 -0.090515 -0.675000
v -2.470000 -0.090515 -0.525000
v -2.470000 -0.090515 -0.375000
v -2.470000 -0.090515 -0.225000
v -2.470000 -0.090515 -0.075000
v -2.470000 -0.030875 -1.125000
v -2.470000 -0.030875 -0.975000
v -2.470000 -0.030875 -0.825000
v -2.470000 -0.030875 -0.675000
v -2.470000 -0.030875 -0.525000
v -2.470000 -0.030875 -0.375000
v -2.470000 -0.030875 -0.225000
v -2.470000 -0.030875 -0.075000
v -2.429344 -0.113371 -2.302597
v -2.436854 -0.123500 -2.172963
v -2.436994 -0.123500 -2.024858
v -2.437006 -0.123500 -1.874960
v -2.437011 -0.123500 -1.724973
v -2.437014 -0.123500 -1.574991
v -2.437015 -0.123500 -1.425000
v -2.437015 -0.123500 -1.275000
v -2.376359 -0.123068 -2.320200
v -2.377024 -0.123500 -2.174130
v -2.377337 -0.123500 -2.024936
v -2.377361 -0.123500 -1.874987
v -2.377369 -0.123500 -1.724992
v -2.377374 -0.123500 -1.574997
v -2.377375 -0.123500 -1.425000
v -2.377375 -0.123500 -1.275000
v -2.315164 -0.123223 -2.322049
v -2.315591 -0.123500 -2.174913
v -2.315621 -0.123500 -2.024989
v -2.315625 -0.123500 -1.875000
v -2.315625 -0.123500 -1.725000
v -2.315625 -0.123500 -1.575000
v -2.315625 -0.123500 -1.425000
v -2.315625 -0.123500 -1.275000
v -2.253540 -0.123500 -2.323806
v -2.253870 -0.123500 -2.174989
v -2.253875 -0.123500 -2.024999
v -2.253875 -0.123500 -1.875000
v -2.253875 -0.123500 -1.725000
v -2.253875 -0.123500 -1.575000
v -2.253875 -0.123500 -1.425000
v -2.253875 -0.123500 -1.275000
v -2.192049 -0.123500 -2.324779
v -2.192125 -0.123500 -2.174999
v -2.192125 -0.123500 -2.025000
v -2.192125 -0.123500 -1.875000
v -2.192125 -0.123500 -1.725000
v -2.192125 -0.123500 -1.575000
v -2.192125 -0.123500 -1.425000
v -2.192125 -0.123500 -1.275000
v -2.130368 -0.123500 -2.324978
v -2.130375 -0.123500 -2.175000
v -2.130375 -0.123500 -2.025000
v -2.130375 -0.123500 -1.875000
v -2.130375 -0.123500 -1.725000
v -2.130375 -0.123500 -1.575000
v -2.130375 -0.123500 -1.425000
v -2.130375 -0.123500 -1.275000
v -2.068624 -0.123500 -2.324998
v -2.068625 -0.123500 -2.175000
v -2.068625 -0.123500 -2.025000
v -2.068625 -0.123500 -1.875000
v -2.068625 -0.123500 -1.725000
v -2.068625 -0.123500 -1.575000
v -2.068625 -0.123500 -1.425000
v -2.068625 -0.123500 -1.275000
v -2.006875 -0.123500 -2.325000
v -2.006875 -0.123500 -2.175000
v -2.006875 -0.123500 -2.025000
v -2.006875 -0.123500 -1.875000
v -2.006875 -0.123500 -1.725000
v -2.006875 -0.123500 -1.575000
v -2.006875 -0.123500 -1.425000
v -2.006875 -0.123500 -1.275000
v -2.437015 -0.123500 -1.125000
v -2.437015 -0.123500 -0.975000
v -2.437015 -0.123500 -0.825000
v -2.437015 -0.123500 -0.675000
v -2.437015 -0.123500 -0.525000
v -2.437015 -0.123500 -0.375000
v -2.437015 -0.123500 -0.225000
v -2.437015 -0.123500 -0.075000
v -2.377375 -0.123500 -1.125000
v -2.377375 -0.123500 -0.975000
v -2.377375 -0.123500 -0.825000
v -2.377375 -0.123500 -0.675000
v -2.377375 -0.123500 -0.525000
v -2.377375 -0.123500 -0.375000
v -2.377375 -0.123500 -0.225000
v -2.377375 -0.123500 -0.075000
v -2.315625 -0.123500 -1.125000
v -2.315625 -0.123500 -0.975000
v -2.315625 -0.123500 -0.825000
v -2.315625 -0.123500 -0.675000
v -2.315625 -0.123500 -0.525000
v -2.315625 -0.123500 -0.375000
v -2.315625 -0.123500 -0.225000
v -2.315625 -0.123500 -0.075000
v -2.253875 -0.123500 -1.125000
v -2.253875 -0.123500 -0.975000
v -2.253875 -0.123500 -0.825000
v -2.253875 -0.123500 -0.675000
v -2.253875 -0.123500 -0.525000
v -2.253875 -0.123500 -0.375000
v -2.253875 -0.123500 -0.225000
v -2.253875 -0.123500 -0.075000
v -2.192125 -0.123500 -1.125000
v -2.192125 -0.123500 -0.975000
v -2.192125 -0.123500 -0.825000
v -2.192125 -0.123500 -0.675000
v -2.192125 -0.123500 -0.525000
v -2.192125 -0.123500 -0.375000
v -2.192125 -0.123500 -0.225000
v -2.192125 -0.123500 -0.075000
v -2.130375 -0.123500 -1.125000
v -2.130375 -0.123500 -0.975000
v -2.130375 -0.123500 -0.825000
v -2.130375 -0.123500 -0.675000
v -2.130375 -0.123500 -0.525000
v -2.130375 -0.123500 -0.375000
v -2.130375 -0.123500 -0.225000
v -2.130375 -0.123500 -0.075000
v -2.068625 -0.123500 -1.125000
v -2.068625 -0.123500 -0.975000
v -2.068625 -0.123500 -0.825000
v -2.068625 -0.123500 -0.675000
v -2.068625 -0.123500 -0.525000
v -2.068625 -0.123500 -0.375000
v -2.068625 -0.123500 -0.225000
v -2.068625 -0.123500 -0.075000
v -2.006875 -0.123500 -1.125000
v -2.006875 -0.123500 -0.975000
v -2.006875 -0.123500 -0.825000
v -2.006875 -0.123500 -0.675000
v -2.006875 -0.123500 -0.525000
v -2.006875 -0.123500 -0.375000
v -2.006875 -0.123500 -0.225000
v -2.006875 -0.123500 -0.075000
v -1.945125 -0.123500 -2.325000
v -1.945125 -0.123500 -2.175000
v -1.945125 -0.123500 -2.025000
v -1.945125 -0.123500 -1.875000
v -1.945125 -0.123500 -1.725000
v -1.945125 -0.123500 -1.575000
v -1.945125 -0.123500 -1.425000
v -1.945125 -0.123500 -1.275000
v -1.883375 -0.123500 -2.325000
v -1.883375 -0.123500 -2.175000
v -1.883375 -0.123500 -2.025000
v -1.883375 -0.123500 -1.875000
v -1.883375 -0.123500 -1.725000
v -1.883375 -0.123500 -1.575000
v -1.883375 -0.123500 -1.425000
v -1.883375 -0.123500 -1.275000
v -1.821625 -0.123500 -2.325000
v -1.821625 -0.123500 -2.175000
v -1.821625 -0.123500 -2.025000
v -1.821625 -0.123500 -1.875000
v -1.821625 -0.123500 -1.725000
v -1.821625 -0.123500 -1.575000
v -1.821625 -0.123500 -1.425000
v -1.821625 -0.123500 -1.275000
v -1.759875 -0.123500 -2.325000
v -1.759875 -0.123500 -2.175000
v -1.759875 -0.123500 -2.025000
v -1.759875 -0.123500 -1.875000
v -1.759875 -0.123500 -1.725000
v -1.759875 -0.123500 -1.575000
v -1.759875 -0.123500 -1.425000
v -1.759875 -0.123500 -1.275000
v -1.698125 -0.123500 -2.325000
v -1.698125 -0.123500 -2.175000
v -1.698125 -0.123500 -2.025000
v -1.698125 -0.123500 -1.875000
v -1.698125 -0.123500 -1.725000
v -1.698125 -0.123500 -1.575000
v -1.698125 -0.123500 -1.425000
v -1.698125 -0.123500 -1.275000
v -1.636375 -0.123500 -2.325000
v -1.636375 -0.123500 -2.175000
v -1.636375 -0.123500 -2.025000
v -1.636375 -0.123500 -1.875000
v -1.636375 -0.123500 -1.725000
v -1.636375 -0.123500 -1.575000
v -1.636375 -0.123500 -1.425000
v -1.636375 -0.123500 -1.275000
v -1.574625 -0.123500 -2.325000
v -1.574625 -0.123500 -2.175000
v -1.574625 -0.123500 -2.025000
v -1.574625 -0.123500 -1.875000
v -1.574625 -0.123500 -1.725000
v -1.574625 -0.123500 -1.575000
v -1.574625 -0.123500 -1.425000
v -1.574625 -0.123500 -1.275000
v -1.512875 -0.123500 -2.325000
v -1.512875 -0.123500 -2.175000
v -1.512875 -0.123500 -2.025000
v -1.512875 -0.123500 -1.875000
v -1.512875 -0.123500 -1.725000
v -1.512875 -0.123500 -1.575000
v -1.512875 -0.123500 -1.425000
v -1.512875 -0.123500 -1.275000
v -1.945125 -0.123500 -1.125000
v -1.945125 -0.123500 -0.975000
v -1.945125 -0.123500 -0.825000
v -1.945125 -0.123500 -0.675000
v -1.945125 -0.123500 -0.525000
v -1.945125 -0.123500 -0.375000
v -1.945125 -0.123500 -0.225000
v -1.945125 -0.123500 -0.075000
v -1.883375 -0.123500 -1.125000
v -1.883375 -0.123500 -0.975000
v -1.883375 -0.123500 -0.825000
v -1.883375 -0.123500 -0.675000
v -1.883375 -0.123500 -0.525000
v -1.883375 -0.123500 -0.375000
v -1.883375 -0.123500 -0.225000
v -1.883375 -0.123500 -0.075000
v -1.821625 -0.123500 -1.125000
v -1.821625 -0.123500 -0.975000
v -1.821625 -0.123500 -0.825000
v -1.821625 -0.123500 -0.675000
v -1.821625 -0.123500 -0.525000
v -1.821625 -0.123500 -0.375000
v -1.821625 -0.123500 -0.225000
v -1.821625 -0.123500 -0.075000
v -1.759875 -0.123500 -1.125000
v -1.759875 -0.123500 -0.975000
v -1.759875 -0.123500 -0.825000
v -1.759875 -0.123500 -0.675000
v -1.759875 -0.123500 -0.525000
v -1.759875 -0.123500 -0.375000
v -1.759875 -0.123500 -0.225000
v -1.759875 -0.123500 -0.075000
v -1.698125 -0.123500 -1.125000
v -1.698125 -0.123500 -0.975000
v -1.698125 -0.123500 -0.825000
v -1.698125 -0.123500 -0.675000
v -1.698125 -0.123500 -0.525000
v -1.698125 -0.123500 -0.375000
v -1.698125 -0.123500 -0.225000
v -1.698125 -0.123500 -0.075000
v -1.636375 -0.123500 -1.125000
v -1.636375 -0.123500 -0.975000
v -1.636375 -0.123500 -0.825000
v -1.636375 -0.123500 -0.675000
v -1.636375 -0.123500 -0.525000
v -1.636375 -0.123500 -0.375000
v -1.636375 -0.123500 -0.225000
v -1.636375 -0.123500 -0.075000
v -1.574625 -0.123500 -1.125000
v -1.574625 -0.123500 -0.975000
v -1.574625 -0.123500 -0.825000
v -1.574625 -0.123500 -0.675000
v -1.574625 -0.123500 -0.525000
v -1.574625 -0.123500 -0.375000
v -1.574625 -0.123500 -0.225000
v -1.574625 -0.123500 -0.075000
v -1.512875 -0.123500 -1.125000
v -1.512875 -0.123500 -0.975000
v -1.512875 -0.123500 -0.825000
v -1.512875 -0.123500 -0.675000
v -1.512875 -0.123500 -0.525000
v -1.512875 -0.123500 -0.375000
v -1.512875 -0.123500 -0.225000
v -1.512875 -0.123500 -0.075000
v -1.451125 -0.123500 -2.325000
v -1.451125 -0.123500 -2.175000
v -1.451125 -0.123500 -2.025000
v -1.451125 -0.123500 -1.875000
v -1.451125 -0.123500 -1.725000
v -1.451125 -0.123500 -1.575000
v -1.451125 -0.123500 -1.425000
v -1.451125 -0.123500 -1.275000
v -1.389375 -0.123500 -2.325000
v -1.389375 -0.123500 -2.175000
v -1.389375 -0.123500 -2.025000
v -1.389375 -0.123500 -1.875000
v -1.389375 -0.123500 -1.725000
v -1.389375 -0.123500 -1.575000
v -1.389375 -0.123500 -1.425000
v -1.389375 -0.123500 -1.275000
v -1.327625 -0.123500 -2.325000
v -1.327625 -0.123500 -2.175000
v -1.327625 -0.123500 -2.025000
v -1.327625 -0.123500 -1.875000
v -1.327625 -0.123500 -1.725000
v -1.327625 -0.123500 -1.575000
v -1.327625 -0.123500 -1.425000
v -1.327625 -0.123500 -1.275000
v -1.265875 -0.123500 -2.325000
v -1.265875 -0.123500 -2.175000
v -1.265875 -0.123500 -2.025000
v -1.265875 -0.123500 -1.875000
v -1.265875 -0.123500 -1.725000
v -1.265875 -0.123500 -1.575000
v -1.265875 -0.123500 -1.425000
v -1.265875 -0.123500 -1.275000
v -1.204125 -0.123500 -2.325000
v -1.204125 -0.123500 -2.175000
v -1.204125 -0.123500 -2.025000
v -1.204125 -0.123500 -1.875000
v -1.204125 -0.123500 -1.725000
v -1.204125 -0.123500 -1.575000
v -1.204125 -0.123500 -1.425000
v -1.204125 -0.123500 -1.275000
v -1.142375 -0.123500 -2.325000
v -1.142375 -0.123500 -2.175000
v -1.142375 -0.123500 -2.025000
v -1.142375 -0.123500 -1.875000
v -1.142375 -0.123500 -1.725000
v -1.142375 -0.123500 -1.575000
v -1.142375 -0.123500 -1.425000
v -1.142375 -0.123500 -1.275000
v -1.080625 -0.123500 -2.325000
v -1.080625 -0.123500 -2.175000
v -1.080625 -0.123500 -2.025000
v -1.080625 -0.123500 -1.875000
v -1.080625 -0.123500 -1.725000
v -1.080625 -0.123500 -1.575000
v -1.080625 -0.123500 -1.425000
v -1.080625 -0.123500 -1.275000
v -1.018875 -0.123500 -2.325000
v -1.018875 -0.123500 -2.175000
v -1.018875 -0.123500 -2.025000
v -1.018875 -0.123500 -1.875000
v -1.018875 -0.123500 -1.725000
v -1.018875 -0.123500 -1.575000
v -1.018875 -0.123500 -1.425000
v -1.018875 -0.123500 -1.275000
v -1.451125 -0.123500 -1.125000
v -1.451125 -0.123500 -0.975000
v -1.451125 -0.123500 -0.825000
v -1.451125 -0.123500 -0.675000
v -1.451125 -0.123500 -0.525000
v -1.451125 -0.123500 -0.375000
v -1.451125 -0.123500 -0.225000
v -1.451125 -0.123500 -0.075000
v -1.389375 -0.123500 -1.125000
v -1.389375 -0.123500 -0.975000
v -1.389375 -0.123500 -0.825000
v -1.389375 -0.123500 -0.675000
v -1.389375 -0.123500 -0.525000
v -1.389375 -0.123500 -0.375000
v -1.389375 -0.123500 -0.225000
v -1.389375 -0.123500 -0.075000
v -1.327625 -0.123500 -1.125000
v -1.327625 -0.123500 -0.975000
v -1.327625 -0.123500 -0.825000
v -1.327625 -0.123500 -0.675000
v -1.327625 -0.123500 -0.525000
v -1.327625 -0.123500 -0.375000
v -1.327625 -0.123500 -0.225000
v -1.327625 -0.123500 -0.075000
v -1.265875 -0.123500 -1.125000
v -1.265875 -0.123500 -0.975000
v -1.265875 -0.123500 -0.825000
v -1.265875 -0.123500 -0.675000
v -1.265875 -0.123500 -0.525000
v -1.265875 -0.123500 -0.375000
v -1.265875 -0.123500 -0.225000
v -1.265875 -0.123500 -0.075000
v -1.204125 -0.123500 -1.125000
v -1.204125 -0.123500 -0.975000
v -1.204125 -0.123500 -0.825000
v -1.204125 -0.123500 -0.675000
v -1.204125 -0.123500 -0.525000
v -1.204125 -0.123500 -0.375000
v -1.204125 -0.123500 -0.225000
v -1.204125 -0.123500 -0.075000
v -1.142375 -0.123500 -1.125000
v -1.142375 -0.123500 -0.975000
v -1.142375 -0.123500 -0.825000
v -1.142375 -0.123500 -0.675000
v -1.142375 -0.123500 -0.525000
v -1.142375 -0.123500 -0.375000
v -1.142375 -0.123500 -0.225000
v -1.142375 -0.123500 -0.075000
v -1.080625 -0.123500 -1.125000
v -1.080625 -0.123500 -0.975000
v -1.080625 -0.123500 -0.825000
v -1.080625 -0.123500 -0.675000
v -1.080625 -0.123500 -0.525000
v -1.080625 -0.123500 -0.375000
v -1.080625 -0.123500 -0.225000
v -1.080625 -0.123500 -0.075000
v -1.018875 -0.123500 -1.125000
v -1.018875 -0.123500 -0.975000
v -1.018875 -0.123500 -0.825000
v -1.018875 -0.123500 -0.675000
v -1.018875 -0.123500 -0.525000
v -1.018875 -0.123500 -0.375000
v -1.018875 -0.123500 -0.225000
v -1.018875 -0.123500 -0.075000
v -0.957125 -0.123500 -2.325000
v -0.957125 -0.123500 -2.175000
v -0.957125 -0.123500 -2.025000
v -0.957125 -0.123500 -1.875000
v -0.957125 -0.123500 -1.725000
v -0.957125 -0.123500 -1.575000
v -0.957125 -0.123500 -1.425000
v -0.957125 -0.123500 -1.275000
v -0.895375 -0.123500 -2.325000
v -0.895375 -0.123500 -2.175000
v -0.895375 -0.123500 -2.025000
v -0.895375 -0.123500 -1.875000
v -0.895375 -0.123500 -1.725000
v -0.895375 -0.123500 -1.575000
v -0.895375 -0.123500 -1.425000
v -0.895375 -0.123500 -1.275000
v -0.833625 -0.123500 -2.325000
v -0.833625 -0.123500 -2.175000
v -0.833625 -0.123500 -2.025000
v -0.833625 -0.123500 -1.875000
v -0.833625 -0.123500 -1.725000
v -0.833625 -0.123500 -1.575000
v -0.833625 -0.123500 -1.425000
v -0.833625 -0.123500 -1.275000
v -0.771875 -0.123500 -2.325000
v -0.771875 -0.123500 -2.175000
v -0.771875 -0.123500 -2.025000
v -0.771875 -0.123500 -1.875000
v -0.771875 -0.123500 -1.725000
v -0.771875 -0.123500 -1.575000
v -0.771875 -0.123500 -1.425000
v -0.771875 -0.123500 -1.275000
v -0.710125 -0.123500 -2.325000
v -0.710125 -0.123500 -2.175000
v -0.710125 -0.123500 -2.025000
v -0.710125 -0.123500 -1.875000
v -0.710125 -0.123500 -1.725000
v -0.710125 -0.123500 -1.575000
v -0.710125 -0.123500 -1.425000
v -0.710125 -0.123500 -1.275000
v -0.648375 -0.123500 -2.325000
v -0.648375 -0.123500 -2.175000
v -0.648375 -0.123500 -2.025000
v -0.648375 -0.123500 -1.875000
v -0.648375 -0.123500 -1.725000
v -0.648375 -0.123500 -1.575000
v -0.648375 -0.123500 -1.425000
v -0.648375 -0.123500 -1.275000
v -0.586625 -0.123500 -2.325000
v -0.586625 -0.123500 -2.175000
v -0.586625 -0.123500 -2.025000
v -0.586625 -0.123500 -1.875000
v -0.586625 -0.123500 -1.725000
v -0.586625 -0.123500 -1.575000
v -0.586625 -0.123500 -1.425000
v -0.586625 -0.123500 -1.275000
v -0.524875 -0.123500 -2.325000
v -0.524875 -0.123500 -2.175000
v -0.524875 -0.123500 -2.025000
v -0.524875 -0.123500 -1.875000
v -0.524875 -0.123500 -1.725000
v -0.524875 -0.123500 -1.575000
v -0.524875 -0.123500 -1.425000
v -0.524875 -0.123500 -1.275000
v -0.957125 -0.123500 -1.125000
v -0.957125 -0.123500 -0.975000
v -0.957125 -0.123500 -0.825000
v -0.957125 -0.123500 -0.675000
v -0.957125 -0.123500 -0.525000
v -0.957125 -0.123500 -0.375000
v -0.957125 -0.123500 -0.225000
v -0.957125 -0.123500 -0.075000
v -0.895375 -0.123500 -1.125000
v -0.895375 -0.123500 -0.975000
v -0.895375 -0.123500 -0.825000
v -0.895375 -0.123500 -0.675000
v -0.895375 -0.123500 -0.525000
v -0.895375 -0.123500 -0.375000
v -0.895375 -0.123500 -0.225000
v -0.895375 -0.123500 -0.075000
v -0.833625 -0.123500 -1.125000
v -0.833625 -0.123500 -0.975000
v -0.833625 -0.123500 -0.825000
v -0.833625 -0.123500 -0.675000
v -0.833625 -0.123500 -0.525000
v -0.833625 -0.123500 -0.375000
v -0.833625 -0.123500 -0.225000
v -0.833625 -0.123500 -0.075000
v -0.771875 -0.123500 -1.125000
v -0.771875 -0.123500 -0.975000
v -0.771875 -0.123500 -0.825000
v -0.771875 -0.123500 -0.675000
v -0.771875 -0.123500 -0.525000
v -0.771875 -0.123500 -0.375000
v -0.771875 -0.123500 -0.225000
v -0.771875 -0.123500 -0.075000
v -0.710125 -0.123500 -1.125000
v -0.710125 -0.123500 -0.975000
v -0.710125 -0.123500 -0.825000
v -0.710125 -0.123500 -0.675000
v -0.710125 -0.123500 -0.525000
v -0.710125 -0.123500 -0.375000
v -0.710125 -0.123500 -0.225000
v -0.710125 -0.123500 -0.075000
v -0.648375 -0.123500 -1.125000
v -0.648375 -0.123500 -0.975000
v -0.648375 -0.123500 -0.825000
v -0.648375 -0.123500 -0.675000
v -0.648375 -0.123500 -0.525000
v -0.648375 -0.123500 -0.375000
v -0.648375 -0.123500 -0.225000
v -0.648375 -0.123500 -0.075000
v -0.586625 -0.123500 -1.125000
v -0.586625 -0.123500 -0.975000
v -0.586625 -0.123500 -0.825000
v -0.586625 -0.123500 -0.675000
v -0.586625 -0.123500 -0.525000
v -0.586625 -0.123500 -0.375000
v -0.586625 -0.123500 -0.225000
v -0.586625 -0.123500 -0.075000
v -0.524875 -0.123500 -1.125000
v -0.524875 -0.123500 -0.975000
v -0.524875 -0.123500 -0.825000
v -0.524875 -0.123500 -0.675000
v -0.524875 -0.123500 -0.525000
v -0.524875 -0.123500 -0.375000
v -0.524875 -0.123500 -0.225000
v -0.524875 -0.123500 -0.075000
v -0.463125 -0.123500 -2.325000
v -0.463125 -0.123500 -2.175000
v -0.463125 -0.123500 -2.025000
v -0.463125 -0.123500 -1.875000
v -0.463125 -0.123500 -1.725000
v -0.463125 -0.123500 -1.575000
v -0.463125 -0.123500 -1.425000
v -0.463125 -0.123500 -1.275000
v -0.401375 -0.123500 -2.325000
v -0.401375 -0.123500 -2.175000
v -0.401375 -0.123500 -2.025000
v -0.401375 -0.123500 -1.875000
v -0.401375 -0.123500 -1.725000
v -0.401375 -0.123500 -1.575000
v -0.401375 -0.123500 -1.425000
v -0.401375 -0.123500 -1.275000
v -0.339625 -0.123500 -2.325000
v -0.339625 -0.123500 -2.175000
v -0.339625 -0.123500 -2.025000
v -0.339625 -0.123500 -1.875000
v -0.339625 -0.123500 -1.725000
v -0.339625 -0.123500 -1.575000
v -0.339625 -0.123500 -1.425000
v -0.339625 -0.123500 -1.275000
v -0.277875 -0.123500 -2.325000
v -0.277875 -0.123500 -2.175000
v -0.277875 -0.123500 -2.025000
v -0.277875 -0.123500 -1.875000
v -0.277875 -0.123500 -1.725000
v -0.277875 -0.123500 -1.575000
v -0.277875 -0.123500 -1.425000
v -0.277875 -0.123500 -1.275000
v -0.216125 -0.123500 -2.325000
v -0.216125 -0.123500 -2.175000
v -0.216125 -0.123500 -2.025000
v -0.216125 -0.123500 -1.875000
v -0.216125 -0.123500 -1.725000
v -0.216125 -0.123500 -1.575000
v -0.216125 -0.123500 -1.425000
v -0.216125 -0.123500 -1.275000
v -0.154375 -0.123500 -2.325000
v -0.154375 -0.123500 -2.175000
v -0.154375 -0.123500 -2.025000
v -0.154375 -0.123500 -1.875000
v -0.154375 -0.123500 -1.725000
v -0.154375 -0.123500 -1.575000
v -0.154375 -0.123500 -1.425000
v -0.154375 -0.123500 -1.275000
v -0.092625 -0.123500 -2.325000
v -0.092625 -0.123500 -2.175000
v -0.092625 -0.123500 -2.025000
v -0.092625 -0.123500 -1.875000
v -0.092625 -0.123500 -1.725000
v -0.092625 -0.123500 -1.575000
v -0.092625 -0.123500 -1.425000
v -0.092625 -0.123500 -1.275000
v -0.030875 -0.123500 -2.325000
v -0.030875 -0.123500 -2.175000
v -0.030875 -0.123500 -2.025000
v -0.030875 -0.123500 -1.875000
v -0.030875 -0.123500 -1.725000
v -0.030875 -0.123500 -1.575000
v -0.030875 -0.123500 -1.425000
v -0.030875 -0.123500 -1.275000
v -0.463125 -0.123500 -1.125000
v -0.463125 -0.123500 -0.975000
v -0.463125 -0.123500 -0.825000
v -0.463125 -0.123500 -0.675000
v -0.463125 -0.123500 -0.525000
v -0.463125 -0.123500 -0.375000
v -0.463125 -0.123500 -0.225000
v -0.463125 -0.123500 -0.075000
v -0.401375 -0.123500 -1.125000
v -0.401375 -0.123500 -0.975000
v -0.401375 -0.123500 -0.825000
v -0.401375 -0.123500 -0.675000
v -0.401375 -0.123500 -0.525000
v -0.401375 -0.123500 -0.375000
v -0.401375 -0.123500 -0.225000
v -0.401375 -0.123500 -0.075000
v -0.339625 -0.123500 -1.125000
v -0.339625 -0.123500 -0.975000
v -0.339625 -0.123500 -0.825000
v -0.339625 -0.123500 -0.675000
v -0.339625 -0.123500 -0.525000
v -0.339625 -0.123500 -0.375000
v -0.339625 -0.123500 -0.225000
v -0.339625 -0.123500 -0.075000
v -0.277875 -0.123500 -1.125000
v -0.277875 -0.123500 -0.975000
v -0.277875 -0.123500 -0.825000
v -0.277875 -0.123500 -0.675000
v -0.277875 -0.123500 -0.525000
v -0.277875 -0.123500 -0.375000
v -0.277875 -0.123500 -0.225000
v -0.277875 -0.123500 -0.075000
v -0.216125 -0.123500 -1.125000
v -0.216125 -0.123500 -0.975000
v -0.216125 -0.123500 -0.825000
v -0.216125 -0.123500 -0.675000
v -0.216125 -0.123500 -0.525000
v -0.216125 -0.123500 -0.375000
v -0.216125 -0.123500 -0.225000
v -0.216125 -0.123500 -0.075000
v -0.154375 -0.123500 -1.125000
v -0.154375 -0.123500 -0.975000
v -0.154375 -0.123500 -0.825000
v -0.154375 -0.123500 -0.675000
v -0.154375 -0.123500 -0.525000
v -0.154375 -0.123500 -0.375000
v -0.154375 -0.123500 -0.225000
v -0.154375 -0.123500 -0.075000
v -0.092625 -0.123500 -1.125000
v -0.092625 -0.123500 -0.975000
v -0.092625 -0.123500 -0.825000
v -0.092625 -0.123500 -0.675000
v -0.092625 -0.123500 -0.525000
v -0.092625 -0.123500 -0.375000
v -0.092625 -0.123500 -0.225000
v -0.092625 -0.123500 -0.075000
v -0.030875 -0.123500 -1.125000
v -0.030875 -0.123500 -0.975000
v -0.030875 -0.123500 -0.825000
v -0.030875 -0.123500 -0.675000
v -0.030875 -0.123500 -0.525000
v -0.030875 -0.123500 -0.375000
v -0.030875 -0.123500 -0.225000
v -0.030875 -0.123500 -0.075000
v -2.461993 0.030712 -2.279161
v -2.470000 0.030844 -2.170713
v -2.470000 0.030853 -2.024757
v -2.470000 0.030861 -1.874985
v -2.470000 0.030870 -1.724990
v -2.470000 0.030874 -1.574997
v -2.470000 0.030875 -1.425000
v -2.470000 0.030875 -1.275000
v -2.463003 0.089945 -2.273699
v -2.469706 0.090832 -2.171180
v -2.469830 0.090501 -2.024764
v -2.469911 0.090497 -1.874958
v -2.470000 0.090511 -1.724972
v -2.470000 0.090514 -1.574991
v -2.470000 0.090515 -1.425000
v -2.470000 0.090515 -1.275000
v -2.465291 0.119678 -2.262668
v -2.469275 0.122994 -2.172543
v -2.469527 0.123046 -2.024839
v -2.469739 0.123239 -1.874953
v -2.469913 0.123413 -1.724969
v -2.470000 0.123500 -1.574990
v -2.470000 0.123500 -1.425000
v -2.470000 0.123500 -1.275000
v -2.470000 0.030875 -1.125000
v -2.470000 0.030875 -0.975000
v -2.470000 0.030875 -0.825000
v -2.470000 0.030875 -0.675000
v -2.470000 0.030875 -0.525000
v -2.470000 0.030875 -0.375000
v -2.470000 0.030875 -0.225000
v -2.470000 0.030875 -0.075000
v -2.470000 0.090515 -1.125000
v -2.470000 0.090515 -0.975000
v -2.470000 0.090515 -0.825000
v -2.470000 0.090515 -0.675000
v -2.470000 0.090515 -0.525000
v -2.470000 0.090515 -0.375000
v -2.470000 0.090515 -0.225000
v -2.470000 0.090515 -0.075000
v -2.470000 0.123500 -1.125000
v -2.470000 0.123500 -0.975000
v -2.470000 0.123500 -0.825000
v -2.470000 0.123500 -0.675000
v -2.470000 0.123500 -0.525000
v -2.470000 0.123500 -0.375000
v -2.470000 0.123500 -0.225000
v -2.470000 0.123500 -0.075000
v -2.434052 0.123107 -2.313095
v -2.436808 0.123500 -2.173082
v -2.436989 0.123500 -2.024882
v -2.437006 0.123500 -1.874960
v -2.437011 0.123500 -1.724973
v -2.437014 0.123500 -1.574991
v -2.437015 0.123500 -1.425000
v -2.437015 0.123500 -1.275000
v -2.376400 0.123413 -2.320357
v -2.377040 0.123500 -2.174267
v -2.377340 0.123500 -2.024961
v -2.377361 0.123500 -1.874987
v -2.377369 0.123500 -1.724992
v -2.377374 0.123500 -1.574997
v -2.377375 0.123500 -1.425000
v -2.377375 0.123500 -1.275000
v -2.315233 0.123500 -2.322167
v -2.315617 0.123500 -2.174978
v -2.315625 0.123500 -2.024999
v -2.315625 0.123500 -1.875000
v -2.315625 0.123500 -1.725000
v -2.315625 0.123500 -1.575000
v -2.315625 0.123500 -1.425000
v -2.315625 0.123500 -1.275000
v -2.253543 0.123500 -2.323845
v -2.253874 0.123500 -2.174998
v -2.253875 0.123500 -2.025000
v -2.253875 0.123500 -1.875000
v -2.253875 0.123500 -1.725000
v -2.253875 0.123500 -1.575000
v -2.253875 0.123500 -1.425000
v -2.253875 0.123500 -1.275000
v -2.192052 0.123500 -2.324823
v -2.192125 0.123500 -2.175000
v -2.192125 0.123500 -2.025000
v -2.192125 0.123500 -1.875000
v -2.192125 0.123500 -1.725000
v -2.192125 0.123500 -1.575000
v -2.192125 0.123500 -1.425000
v -2.192125 0.123500 -1.275000
v -2.130375 0.123500 -2.325000
v -2.130375 0.123500 -2.175000
v -2.130375 0.123500 -2.025000
v -2.130375 0.123500 -1.875000
v -2.130375 0.123500 -1.725000
v -2.130375 0.123500 -1.575000
v -2.130375 0.123500 -1.425000
v -2.130375 0.123500 -1.275000
v -2.068625 0.123500 -2.325000
v -2.068625 0.123500 -2.175000
v -2.068625 0.123500 -2.025000
v -2.068625 0.123500 -1.875000
v -2.068625 0.123500 -1.725000
v -2.068625 0.123500 -1.575000
v -2.068625 0.123500 -1.425000
v -2.068625 0.123500 -1.275000
v -2.006875 0.123500 -2.325000
v -2.006875 0.123500 -2.175000
v -2.006875 0.123500 -2.025000
v -2.006875 0.123500 -1.875000
v -2.006875 0.123500 -1.725000
v -2.006875 0.123500 -1.575000
v -2.006875 0.123500 -1.425000
v -2.006875 0.123500 -1.275000
v -2.437015 0.123500 -1.125000
v -2.437015 0.123500 -0.975000
v -2.437015 0.123500 -0.825000
v -2.437015 0.123500 -0.675000
v -2.437015 0.123500 -0.525000
v -2.437015 0.123500 -0.375000
v -2.437015 0.123500 -0.225000
v -2.437015 0.123500 -0.075000
v -2.377375 0.123500 -1.125000
v -2.377375 0.123500 -0.975000
v -2.377375 0.123500 -0.825000
v -2.377375 0.123500 -0.675000
v -2.377375 0.123500 -0.525000
v -2.377375 0.123500 -0.375000
v -2.377375 0.123500 -0.225000
v -2.377375 0.123500 -0.075000
v -2.315625 0.123500 -1.125000
v -2.315625 0.123500 -0.975000
v -2.315625 0.123500 -0.825000
v -2.315625 0.123500 -0.675000
v -2.315625 0.123500 -0.525000
v -2.315625 0.123500 -0.375000
v -2.315625 0.123500 -0.225000
v -2.315625 0.123500 -0.075000
v -2.253875 0.123500 -1.125000
v -2.253875 0.123500 -0.975000
v -2.253875 0.123500 -0.825000
v -2.253875 0.123500 -0.675000
v -2.253875 0.123500 -0.525000
v -2.253875 0.123500 -0.375000
v -2.253875 0.123500 -0.225000
v -2.253875 0.123500 -0.075000
v -2.192125 0.123500 -1.125000
v -2.192125 0.123500 -0.975000
v -2.192125 0.123500 -0.825000
v -2.192125 0.123500 -0.675000
v -2.192125 0.123500 -0.525000
v -2.192125 0.123500 -0.375000
v -2.192125 0.123500 -0.225000
v -2.192125 0.123500 -0.075000
v -2.130375 0.123500 -1.125000
v -2.130375 0.123500 -0.975000
v -2.130375 0.123500 -0.825000
v -2.130375 0.123500 -0.675000
v -2.130375 0.123500 -0.525000
v -2.130375 0.123500 -0.375000
v -2.130375 0.123500 -0.225000
v -2.130375 0.123500 -0.075000
v -2.068625 0.123500 -1.125000
v -2.068625 0.123500 -0.975000
v -2.068625 0.123500 -0.825000
v -2.068625 0.123500 -0.675000
v -2.068625 0.123500 -0.525000
v -2.068625 0.123500 -0.375000
v -2.068625 0.123500 -0.225000
v -2.068625 0.123500 -0.075000
v -2.006875 0.123500 -1.125000
v -2.006875 0.123500 -0.975000
v -2.006875 0.123500 -0.825000
v -2.006875 0.123500 -0.675000
v -2.006875 0.123500 -0.525000
v -2.006875 0.123500 -0.375000
v -2.006875 0.123500 -0.225000
v -2.006875 0.123500 -0.075000
v -1.945125 0.123500 -2.325000
v -1.945125 0.123500 -2.175000
v -1.945125 0.123500 -2.025000
v -1.945125 0.123500 -1.875000
v -1.945125 0.123500 -1.725000
v -1.945125 0.123500 -1.575000
v -1.945125 0.123500 -1.425000
v -1.945125 0.123500 -1.275000
v -1.883375 0.123500 -2.325000
v -1.883375 0.123500 -2.175000
v -1.883375 0.123500 -2.025000
v -1.883375 0.123500 -1.875000
v -1.883375 0.123500 -1.725000
v -1.883375 0.123500 -1.575000
v -1.883375 0.123500 -1.425000
v -1.883375 0.123500 -1.275000
v -1.821625 0.123500 -2.325000
v -1.821625 0.123500 -2.175000
v -1.821625 0.123500 -2.025000
v -1.821625 0.123500 -1.875000
v -1.821625 0.123500 -1.725000
v -1.821625 0.123500 -1.575000
v -1.821625 0.123500 -1.425000
v -1.821625 0.123500 -1.275000
v -1.759875 0.123500 -2.325000
v -1.759875 0.123500 -2.175000
v -1.759875 0.123500 -2.025000
v -1.759875 0.123500 -1.875000
v -1.759875 0.123500 -1.725000
v -1.759875 0.123500 -1.575000
v -1.759875 0.123500 -1.425000
v -1.759875 0.123500 -1.275000
v -1.698125 0.123500 -2.325000
v -1.698125 0.123500 -2.175000
v -1.698125 0.123500 -2.025000
v -1.698125 0.123500 -1.875000
v -1.698125 0.123500 -1.725000
v -1.698125 0.123500 -1.575000
v -1.698125 0.123500 -1.425000
v -1.698125 0.123500 -1.275000
v -1.636375 0.123500 -2.325000
v -1.636375 0.123500 -2.175000
v -1.636375 0.123500 -2.025000
v -1.636375 0.123500 -1.875000
v -1.636375 0.123500 -1.725000
v -1.636375 0.123500 -1.575000
v -1.636375 0.123500 -1.425000
v -1.636375 0.123500 -1.275000
v -1.574625 0.123500 -2.325000
v -1.574625 0.123500 -2.175000
v -1.574625 0.123500 -2.025000
v -1.574625 0.123500 -1.875000
v -1.574625 0.123500 -1.725000
v -1.574625 0.123500 -1.575000
v -1.574625 0.123500 -1.425000
v -1.574625 0.123500 -1.275000
v -1.512875 0.123500 -2.325000
v -1.512875 0.123500 -2.175000
v -1.512875 0.123500 -2.025000
v -1.512875 0.123500 -1.875000
v -1.512875 0.123500 -1.725000
v -1.512875 0.123500 -1.575000
v -1.512875 0.123500 -1.425000
v -1.512875 0.123500 -1.275000
v -1.945125 0.123500 -1.125000
v -1.945125 0.123500 -0.975000
v -1.945125 0.123500 -0.825000
v -1.945125 0.123500 -0.675000
v -1.945125 0.123500 -0.525000
v -1.945125 0.123500 -0.375000
v -1.945125 0.123500 -0.225000
v -1.945125 0.123500 -0.075000
v -1.883375 0.123500 -1.125000
v -1.883375 0.123500 -0.975000
v -1.883375 0.123500 -0.825000
v -1.883375 0.123500 -0.675000
v -1.883375 0.123500 -0.525000
v -1.883375 0.123500 -0.375000
v -1.883375 0.123500 -0.225000
v -1.883375 0.123500 -0.075000
v -1.821625 0.123500 -1.125000
v -1.821625 0.123500 -0.975000
v -1.821625 0.123500 -0.825000
v -1.821625 0.123500 -0.675000
v -1.821625 0.123500 -0.525000
v -1.821625 0.123500 -0.375000
v -1.821625 0.123500 -0.225000
v -1.821625 0.123500 -0.075000
v -1.759875 0.123500 -1.125000
v -1.759875 0.123500 -0.975000
v -1.759875 0.123500 -0.825000
v -1.759875 0.123500 -0.675000
v -1.759875 0.123500 -0.525000
v -1.759875 0.123500 -0.375000
v -1.759875 0.123500 -0.225000
v -1.759875 0.123500 -0.075000
v -1.698125 0.123500 -1.125000
v -1.698125 0.123500 -0.975000
v -1.698125 0.123500 -0.825000
v -1.698125 0.123500 -0.675000
v -1.698125 0.123500 -0.525000
v -1.698125 0.123500 -0.375000
v -1.698125 0.123500 -0.225000
v -1.698125 0.123500 -0.075000
v -1.636375 0.123500 -1.125000
v -1.636375 0.123500 -0.975000
v -1.636375 0.123500 -0.825000
v -1.636375 0.123500 -0.675000
v -1.636375 0.123500 -0.525000
v -1.636375 0.123500 -0.375000
v -1.636375 0.123500 -0.225000
v -1.636375 0.123500 -0.075000
v -1.574625 0.123500 -1.125000
v -1.574625 0.123500 -0.975000
v -1.574625 0.123500 -0.825000
v -1.574625 0.123500 -0.675000
v -1.574625 0.123500 -0.525000
v -1.574625 0.123500 -0.375000
v -1.574625 0.123500 -0.225000
v -1.574625 0.123500 -0.075000
v -1.512875 0.123500 -1.125000
v -1.512875 0.123500 -0.975000
v -1.512875 0.123500 -0.825000
v -1.512875 0.123500 -0.675000
v -1.512875 0.123500 -0.525000
v -1.512875 0.123500 -0.375000
v -1.512875 0.123500 -0.225000
v -1.512875 0.123500 -0.075000
v -1.451125 0.123500 -2.325000
v -1.451125 0.123500 -2.175000
v -1.451125 0.123500 -2.025000
v -1.451125 0.123500 -1.875000
v -1.451125 0.123500 -1.725000
v -1.451125 0.123500 -1.575000
v -1.451125 0.123500 -1.425000
v -1.451125 0.123500 -1.275000
v -1.389375 0.123500 -2.325000
v -1.389375 0.123500 -2.175000
v -1.389375 0.123500 -2.025000
v -1.389375 0.123500 -1.875000
v -1.389375 0.123500 -1.725000
v -1.389375 0.123500 -1.575000
v -1.389375 0.123500 -1.425000
v -1.389375 0.123500 -1.275000
v -1.327625 0.123500 -2.325000
v -1.327625 0.123500 -2.175000
v -1.327625 0.123500 -2.025000
v -1.327625 0.123500 -1.875000
v -1.327625 0.123500 -1.725000
v -1.327625 0.123500 -1.575000
v -1.327625 0.123500 -1.425000
v -1.327625 0.123500 -1.275000
v -1.265875 0.123500 -2.325000
v -1.265875 0.123500 -2.175000
v -1.265875 0.123500 -2.025000
v -1.265875 0.123500 -1.875000
v -1.265875 0.123500 -1.725000
v -1.265875 0.123500 -1.575000
v -1.265875 0.123500 -1.425000
v -1.265875 0.123500 -1.275000
v -1.204125 0.123500 -2.325000
v -1.204125 0.123500 -2.175000
v -1.204125 0.123500 -2.025000
v -1.204125 0.123500 -1.875000
v -1.204125 0.123500 -1.725000
v -1.204125 0.123500 -1.575000
v -1.204125 0.123500 -1.425000
v -1.204125 0.123500 -1.275000
v -1.142375 0.123500 -2.325000
v -1.142375 0.123500 -2.175000
v -1.142375 0.123500 -2.025000
v -1.142375 0.123500 -1.875000
v -1.142375 0.123500 -1.725000
v -1.142375 0.123500 -1.575000
v -1.142375 0.123500 -1.425000
v -1.142375 0.123500 -1.275000
v -1.080625 0.123500 -2.325000
v -1.080625 0.123500 -2.175000
v -1.080625 0.123500 -2.025000
v -1.080625 0.123500 -1.875000
v -1.080625 0.123500 -1.725000
v -1.080625 0.123500 -1.575000
v -1.080625 0.123500 -1.425000
v -1.080625 0.123500 -1.275000
v -1.018875 0.123500 -2.325000
v -1.018875 0.123500 -2.175000
v -1.018875 0.123500 -2.025000
v -1.018875 0.123500 -1.875000
v -1.018875 0.123500 -1.725000
v -1.018875 0.123500 -1.575000
v -1.018875 0.123500 -1.425000
v -1.018875 0.123500 -1.275000
v -1.451125 0.123500 -1.125000
v -1.451125 0.123500 -0.975000
v -1.451125 0.123500 -0.825000
v -1.451125 0.123500 -0.675000
v -1.451125 0.123500 -0.525000
v -1.451125 0.123500 -0.375000
v -1.451125 0.123500 -0.225000
v -1.451125 0.123500 -0.075000
v -1.389375 0.123500 -1.125000
v -1.389375 0.123500 -0.975000
v -1.389375 0.123500 -0.825000
v -1.389375 0.123500 -0.675000
v -1.389375 0.123500 -0.525000
v -1.389375 0.123500 -0.375000
v -1.389375 0.123500 -0.225000
v -1.389375 0.123500 -0.075000
v -1.327625 0.123500 -1.125000
v -1.327625 0.123500 -0.975000
v -1.327625 0.123500 -0.825000
v -1.327625 0.123500 -0.675000
v -1.327625 0.123500 -0.525000
v -1.327625 0.123500 -0.375000
v -1.327625 0.123500 -0.225000
v -1.327625 0.123500 -0.075000
v -1.265875 0.123500 -1.125000
v -1.265875 0.123500 -0.975000
v -1.265875 0.123500 -0.825000
v -1.265875 0.123500 -0.675000
v -1.265875 0.123500 -0.525000
v -1.265875 0.123500 -0.375000
v -1.265875 0.123500 -0.225000
v -1.265875 0.123500 -0.075000
v -1.204125 0.123500 -1.125000
v -1.204125 0.123500 -0.975000
v -1.204125 0.123500 -0.825000
v -1.204125 0.123500 -0.675000
v -1.204125 0.123500 -0.525000
v -1.204125 0.123500 -0.375000
v -1.204125 0.123500 -0.225000
v -1.204125 0.123500 -0.075000
v -1.142375 0.123500 -1.125000
v -1.142375 0.123500 -0.975000
v -1.142375 0.123500 -0.825000
v -1.142375 0.123500 -0.675000
v -1.142375 0.123500 -0.525000
v -1.142375 0.123500 -0.375000
v -1.142375 0.123500 -0.225000
v -1.142375 0.123500 -0.075000
v -1.080625 0.123500 -1.125000
v -1.080625 0.123500 -0.975000
v -1.080625 0.123500 -0.825000
v -1.080625 0.123500 -0.675000
v -1.080625 0.123500 -0.525000
v -1.080625 0.123500 -0.375000
v -1.080625 0.123500 -0.225000
v -1.080625 0.123500 -0.075000
v -1.018875 0.123500 -1.125000
v -1.018875 0.123500 -0.975000
v -1.018875 0.123500 -0.825000
v -1.018875 0.123500 -0.675000
v -1.018875 0.123500 -0.525000
v -1.018875 0.123500 -0.375000
v -1.018875 0.123500 -0.225000
v -1.018875 0.123500 -0.075000
v -0.957125 0.123500 -2.325000
v -0.957125 0.123500 -2.175000
v -0.957125 0.123500 -2.025000
v -0.957125 0.123500 -1.875000
v -0.957125 0.123500 -1.725000
v -0.957125 0.123500 -1.575000
v -0.957125 0.123500 -1.425000
v -0.957125 0.123500 -1.275000
v -0.895375 0.123500 -2.325000
v -0.895375 0.123500 -2.175000
v -0.895375 0.123500 -2.025000
v -0.895375 0.123500 -1.875000
v -0.895375 0.123500 -1.725000
v -0.895375 0.123500 -1.575000
v -0.895375 0.123500 -1.425000
v -0.895375 0.123500 -1.275000
v -0.833625 0.123500 -2.325000
v -0.833625 0.123500 -2.175000
v -0.833625 0.123500 -2.025000
v -0.833625 0.123500 -1.875000
v -0.833625 0.123500 -1.725000
v -0.833625 0.123500 -1.575000
v -0.833625 0.123500 -1.425000
v -0.833625 0.123500 -1.275000
v -0.771875 0.123500 -2.325000
v -0.771875 0.123500 -2.175000
v -0.771875 0.123500 -2.025000
v -0.771875 0.123500 -1.875000
v -0.771875 0.123500 -1.725000
v -0.771875 0.123500 -1.575000
v -0.771875 0.123500 -1.425000
v -0.771875 0.123500 -1.275000
v -0.710125 0.123500 -2.325000
v -0.710125 0.123500 -2.175000
v -0.710125 0.123500 -2.025000
v -0.710125 0.123500 -1.875000
v -0.710125 0.123500 -1.725000
v -0.710125 0.123500 -1.575000
v -0.710125 0.123500 -1.425000
v -0.710125 0.123500 -1.275000
v -0.648375 0.123500 -2.325000
v -0.648375 0.123500 -2.175000
v -0.648375 0.123500 -2.025000
v -0.648375 0.123500 -1.875000
v -0.648375 0.123500 -1.725000
v -0.648375 0.123500 -1.575000
v -0.648375 0.123500 -1.425000
v -0.648375 0.123500 -1.275000
v -0.586625 0.123500 -2.325000
v -0.586625 0.123500 -2.175000
v -0.586625 0.123500 -2.025000
v -0.586625 0.123500 -1.875000
v -0.586625 0.123500 -1.725000
v -0.586625 0.123500 -1.575000
v -0.586625 0.123500 -1.425000
v -0.586625 0.123500 -1.275000
v -0.524875 0.123500 -2.325000
v -0.524875 0.123500 -2.175000
v -0.524875 0.123500 -2.025000
v -0.524875 0.123500 -1.875000
v -0.524875 0.123500 -1.725000
v -0.524875 0.123500 -1.575000
v -0.524875 0.123500 -1.425000
v -0.524875 0.123500 -1.275000
v -0.957125 0.123500 -1.125000
v -0.957125 0.123500 -0.975000
v -0.957125 0.123500 -0.825000
v -0.957125 0.123500 -0.675000
v -0.957125 0.123500 -0.525000
v -0.957125 0.123500 -0.375000
v -0.957125 0.123500 -0.225000
v -0.957125 0.123500 -0.075000
v -0.895375 0.123500 -1.125000
v -0.895375 0.123500 -0.975000
v -0.895375 0.123500 -0.825000
v -0.895375 0.123500 -0.675000
v -0.895375 0.123500 -0.525000
v -0.895375 0.123500 -0.375000
v -0.895375 0.123500 -0.225000
v -0.895375 0.123500 -0.075000
v -0.833625 0.123500 -1.125000
v -0.833625 0.123500 -0.975000
v -0.833625 0.123500 -0.825000
v -0.833625 0.123500 -0.675000
v -0.833625 0.123500 -0.525000
v -0.833625 0.123500 -0.375000
v -0.833625 0.123500 -0.225000
v -0.833625 0.123500 -0.075000
v -0.771875 0.123500 -1.125000
v -0.771875 0.123500 -0.975000
v -0.771875 0.123500 -0.825000
v -0.771875 0.123500 -0.675000
v -0.771875 0.123500 -0.525000
v -0.771875 0.123500 -0.375000
v -0.771875 0.123500 -0.225000
v -0.771875 0.123500 -0.075000
v -0.710125 0.123500 -1.125000
v -0.710125 0.123500 -0.975000
v -0.710125 0.123500 -0.825000
v -0.710125 0.123500 -0.675000
v -0.710125 0.123500 -0.525000
v -0.710125 0.123500 -0.375000
v -0.710125 0.123500 -0.225000
v -0.710125 0.123500 -0.075000
v -0.648375 0.123500 -1.125000
v -0.648375 0.123500 -0.975000
v -0.648375 0.123500 -0.825000
v -0.648375 0.123500 -0.675000
v -0.648375 0.123500 -0.525000
v -0.648375 0.123500 -0.375000
v -0.648375 0.123500 -0.225000
v -0.648375 0.123500 -0.075000
v -0.586625 0.123500 -1.125000
v -0.586625 0.123500 -0.975000
v -0.586625 0.123500 -0.825000
v -0.586625 0.123500 -0.675000
v -0.586625 0.123500 -0.525000
v -0.586625 0.123500 -0.375000
v -0.586625 0.123500 -0.225000
v -0.586625 0.123500 -0.075000
v -0.524875 0.123500 -1.125000
v -0.524875 0.123500 -0.975000
v -0.524875 0.123500 -0.825000
v -0.524875 0.123500 -0.675000
v -0.524875 0.123500 -0.525000
v -0.524875 0.123500 -0.375000
v -0.524875 0.123500 -0.225000
v -0.524875 0.123500 -0.075000
v -0.463125 0.123500 -2.325000
v -0.463125 0.123500 -2.175000
v -0.463125 0.123500 -2.025000
v -0.463125 0.123500 -1.875000
v -0.463125 0.123500 -1.725000
v -0.463125 0.123500 -1.575000
v -0.463125 0.123500 -1.425000
v -0.463125 0.123500 -1.275000
v -0.401375 0.123500 -2.325000
v -0.401375 0.123500 -2.175000
v -0.401375 0.123500 -2.025000
v -0.401375 0.123500 -1.875000
v -0.401375 0.123500 -1.725000
v -0.401375 0.123500 -1.575000
v -0.401375 0.123500 -1.425000
v -0.401375 0.123500 -1.275000
v -0.339625 0.123500 -2.325000
v -0.339625 0.123500 -2.175000
v -0.339625 0.123500 -2.025000
v -0.339625 0.123500 -1.875000
v -0.339625 0.123500 -1.725000
v -0.339625 0.123500 -1.575000
v -0.339625 0.123500 -1.425000
v -0.339625 0.123500 -1.275000
v -0.277875 0.123500 -2.325000
v -0.277875 0.123500 -2.175000
v -0.277875 0.123500 -2.025000
v -0.277875 0.123500 -1.875000
v -0.277875 0.123500 -1.725000
v -0.277875 0.123500 -1.575000
v -0.277875 0.123500 -1.425000
v -0.277875 0.123500 -1.275000
v -0.216125 0.123500 -2.325000
v -0.216125 0.123500 -2.175000
v -0.216125 0.123500 -2.025000
v -0.216125 0.123500 -1.875000
v -0.216125 0.123500 -1.725000
v -0.216125 0.123500 -1.575000
v -0.216125 0.123500 -1.425000
v -0.216125 0.123500 -1.275000
v -0.154375 0.123500 -2.325000
v -0.154375 0.123500 -2.175000
v -0.154375 0.123500 -2.025000
v -0.154375 0.123500 -1.875000
v -0.154375 0.123500 -1.725000
v -0.154375 0.123500 -1.575000
v -0.154375 0.123500 -1.425000
v -0.154375 0.123500 -1.275000
v -0.092625 0.123500 -2.325000
v -0.092625 0.123500 -2.175000
v -0.092625 0.123500 -2.025000
v -0.092625 0.123500 -1.875000
v -0.092625 0.123500 -1.725000
v -0.092625 0.123500 -1.575000
v -0.092625 0.123500 -1.425000
v -0.092625 0.123500 -1.275000
v -0.030875 0.123500 -2.325000
v -0.030875 0.123500 -2.175000
v -0.030875 0.123500 -2.025000
v -0.030875 0.123500 -1.875000
v -0.030875 0.123500 -1.725000
v -0.030875 0.123500 -1.575000
v -0.030875 0.123500 -1.425000
v -0.030875 0.123500 -1.275000
v -0.463125 0.123500 -1.125000
v -0.463125 0.123500 -0.975000
v -0.463125 0.123500 -0.825000
v -0.463125 0.123500 -0.675000
v -0.463125 0.123500 -0.525000
v -0.463125 0.123500 -0.375000
v -0.463125 0.123500 -0.225000
v -0.463125 0.123500 -0.075000
v -0.401375 0.123500 -1.125000
v -0.401375 0.123500 -0.975000
v -0.401375 0.123500 -0.825000
v -0.401375 0.123500 -0.675000
v -0.401375 0.123500 -0.525000
v -0.401375 0.123500 -0.375000
v -0.401375 0.123500 -0.225000
v -0.401375 0.123500 -0.075000
v -0.339625 0.123500 -1.125000
v -0.339625 0.123500 -0.975000
v -0.339625 0.123500 -0.825000
v -0.339625 0.123500 -0.675000
v -0.339625 0.123500 -0.525000
v -0.339625 0.123500 -0.375000
v -0.339625 0.123500 -0.225000
v -0.339625 0.123500 -0.075000
v -0.277875 0.123500 -1.125000
v -0.277875 0.123500 -0.975000
v -0.277875 0.123500 -0.825000
v -0.277875 0.123500 -0.675000
v -0.277875 0.123500 -0.525000
v -0.277875 0.123500 -0.375000
v -0.277875 0.123500 -0.225000
v -0.277875 0.123500 -0.075000
v -0.216125 0.123500 -1.125000
v -0.216125 0.123500 -0.975000
v -0.216125 0.123500 -0.825000
v -0.216125 0.123500 -0.675000
v -0.216125 0.123500 -0.525000
v -0.216125 0.123500 -0.375000
v -0.216125 0.123500 -0.225000
v -0.216125 0.123500 -0.075000
v -0.154375 0.123500 -1.125000
v -0.154375 0.123500 -0.975000
v -0.154375 0.123500 -0.825000
v -0.154375 0.123500 -0.675000
v -0.154375 0.123500 -0.525000
v -0.154375 0.123500 -0.375000
v -0.154375 0.123500 -0.225000
v -0.154375 0.123500 -0.075000
v -0.092625 0.123500 -1.125000
v -0.092625 0.123500 -0.975000
v -0.092625 0.123500 -0.825000
v -0.092625 0.123500 -0.675000
v -0.092625 0.123500 -0.525000
v -0.092625 0.123500 -0.375000
v -0.092625 0.123500 -0.225000
v -0.092625 0.123500 -0.075000
v -0.030875 0.123500 -1.125000
v -0.030875 0.123500 -0.975000
v -0.030875 0.123500 -0.825000
v -0.030875 0.123500 -0.675000
v -0.030875 0.123500 -0.525000
v -0.030875 0.123500 -0.375000
v -0.030875 0.123500 -0.225000
v -0.030875 0.123500 -0.075000
v -0.025876 -0.123500 -1.275000
v -0.025876 -0.123500 -0.075000
v -0.025876 0.123500 -2.325000
v -0.025876 0.123500 -1.125000
v -0.025876 -0.123500 -2.325000
v -0.025876 -0.123500 -1.125000
v -0.025876 0.123500 -2.175000
v -0.025876 0.123500 -0.975000
v -0.025876 -0.123500 -2.175000
v -0.025876 -0.123500 -0.975000
v -0.025876 0.123500 -2.025000
v -0.025876 0.123500 -0.825000
v -0.025876 -0.123500 -2.025000
v -0.025876 -0.123500 -0.825000
v -0.025876 0.123500 -1.875000
v -0.025876 0.123500 -0.675000
v -0.025876 -0.123500 -1.875000
v -0.025876 -0.123500 -0.675000
v -0.025876 0.123500 -1.725000
v -0.025876 0.123500 -0.525000
v -0.025876 -0.123500 -1.725000
v -0.025876 -0.123500 -0.525000
v -0.025876 0.123500 -1.575000
v -0.025876 0.123500 -0.375000
v -0.025876 -0.123500 -1.575000
v -0.025876 -0.123500 -0.375000
v -0.025876 0.123500 -1.425000
v -0.025876 0.123500 -0.225000
v -0.025876 -0.123500 -1.425000
v -0.025876 -0.123500 -0.225000
v -0.025876 0.123500 -1.275000
v -0.025876 0.123500 -0.075000
v -2.421968 -0.115676 -2.342765
v -2.449337 -0.089981 -2.342765
v -2.448922 -0.030532 -2.342765
v -1.883375 -0.123500 -2.342765
v -0.463125 -0.123500 -2.342765
v -0.401375 -0.123500 -2.342765
v -0.339625 -0.123500 -2.342765
v -0.277875 -0.123500 -2.342765
v -0.216125 -0.123500 -2.342765
v -0.154375 -0.123500 -2.342765
v -0.092625 -0.123500 -2.342765
v -0.030875 -0.123500 -2.342765
v -2.130369 0.123500 -2.342765
v -1.451125 0.123500 -2.342765
v -1.389375 0.123500 -2.342765
v -1.327625 0.123500 -2.342765
v -1.265875 0.123500 -2.342765
v -1.204125 0.123500 -2.342765
v -1.142375 0.123500 -2.342765
v -1.080625 0.123500 -2.342765
v -1.018875 0.123500 -2.342765
v -2.314798 -0.123223 -2.342765
v -1.698125 -0.123500 -2.342765
v -1.451125 -0.123500 -2.342765
v -1.389375 -0.123500 -2.342765
v -1.327625 -0.123500 -2.342765
v -1.265875 -0.123500 -2.342765
v -1.204125 -0.123500 -2.342765
v -1.142375 -0.123500 -2.342765
v -1.080625 -0.123500 -2.342765
v -1.018875 -0.123500 -2.342765
v -2.427168 0.122284 -2.342765
v -2.191996 0.123500 -2.342765
v -2.068625 0.123500 -2.342765
v -1.698125 0.123500 -2.342765
v -0.957125 0.123500 -2.342765
v -0.895375 0.123500 -2.342765
v -0.833625 0.123500 -2.342765
v -0.771875 0.123500 -2.342765
v -0.710125 0.123500 -2.342765
v -0.648375 0.123500 -2.342765
v -0.586625 0.123500 -2.342765
v -0.524875 0.123500 -2.342765
v -0.957125 -0.123500 -2.342765
v -0.895375 -0.123500 -2.342765
v -0.833625 -0.123500 -2.342765
v -0.771875 -0.123500 -2.342765
v -0.710125 -0.123500 -2.342765
v -0.648375 -0.123500 -2.342765
v -0.586625 -0.123500 -2.342765
v -0.524875 -0.123500 -2.342765
v -2.253421 0.123500 -2.342765
v -2.006875 0.123500 -2.342765
v -1.883375 0.123500 -2.342765
v -1.636375 0.123500 -2.342765
v -1.574625 0.123500 -2.342765
v -1.512875 0.123500 -2.342765
v -2.446717 -0.092165 -2.342765
v -2.376015 -0.122988 -2.342765
v -1.821625 -0.123500 -2.342765
v -1.636375 -0.123500 -2.342765
v -1.574625 -0.123500 -2.342765
v -1.512875 -0.123500 -2.342765
v -2.314967 0.123483 -2.342765
v -1.821625 0.123500 -2.342765
v -2.446984 0.093469 -2.342765
v -1.945125 -0.123500 -2.342765
v -1.759875 -0.123500 -2.342765
v -2.191993 -0.123500 -2.342765
v -2.130358 -0.123500 -2.342765
v -2.068623 -0.123500 -2.342765
v -2.376042 0.123291 -2.342765
v -2.253422 -0.123500 -2.342765
v -2.006875 -0.123500 -2.342765
v -2.448922 0.030580 -2.342765
v -2.449231 0.089935 -2.342765
v -1.945125 0.123500 -2.342765
v -1.759875 0.123500 -2.342765
v -0.463125 0.123500 -2.342765
v -0.401375 0.123500 -2.342765
v -0.339625 0.123500 -2.342765
v -0.277875 0.123500 -2.342765
v -0.216125 0.123500 -2.342765
v -0.154375 0.123500 -2.342765
v -0.092625 0.123500 -2.342765
v -0.030875 0.123500 -2.342765
v -0.025876 0.123500 -2.342765
v -0.025876 -0.123500 -2.342765
v -0.463125 -0.123500 0.003368
v -0.401375 -0.123500 0.003368
v -0.339625 -0.123500 0.003368
v -0.277875 -0.123500 0.003368
v -0.216125 -0.123500 0.003368
v -0.154375 -0.123500 0.003368
v -0.092625 -0.123500 0.003368
v -0.030875 -0.123500 0.003368
v -1.451125 0.123500 0.003368
v -1.389375 0.123500 0.003368
v -1.327625 0.123500 0.003368
v -1.265875 0.123500 0.003368
v -1.204125 0.123500 0.003368
v -1.142375 0.123500 0.003368
v -1.080625 0.123500 0.003368
v -1.018875 0.123500 0.003368
v -1.451125 -0.123500 0.003368
v -1.389375 -0.123500 0.003368
v -1.327625 -0.123500 0.003368
v -1.265875 -0.123500 0.003368
v -1.204125 -0.123500 0.003368
v -1.142375 -0.123500 0.003368
v -1.080625 -0.123500 0.003368
v -1.018875 -0.123500 0.003368
v -0.957125 0.123500 0.003368
v -0.895375 0.123500 0.003368
v -0.833625 0.123500 0.003368
v -0.771875 0.123500 0.003368
v -0.710125 0.123500 0.003368
v -0.648375 0.123500 0.003368
v -0.586625 0.123500 0.003368
v -0.524875 0.123500 0.003368
v -0.957125 -0.123500 0.003368
v -0.895375 -0.123500 0.003368
v -0.833625 -0.123500 0.003368
v -0.771875 -0.123500 0.003368
v -0.710125 -0.123500 0.003368
v -0.648375 -0.123500 0.003368
v -0.586625 -0.123500 0.003368
v -0.524875 -0.123500 0.003368
v -1.945125 0.123500 0.003368
v -1.883375 0.123500 0.003368
v -1.821625 0.123500 0.003368
v -1.759875 0.123500 0.003368
v -1.698125 0.123500 0.003368
v -1.636375 0.123500 0.003368
v -1.574625 0.123500 0.003368
v -1.512875 0.123500 0.003368
v -1.945125 -0.123500 0.003368
v -1.883375 -0.123500 0.003368
v -1.821625 -0.123500 0.003368
v -1.759875 -0.123500 0.003368
v -1.698125 -0.123500 0.003368
v -1.636375 -0.123500 0.003368
v -1.574625 -0.123500 0.003368
v -1.512875 -0.123500 0.003368
v -2.437015 -0.123500 0.003368
v -2.377375 -0.123500 0.003368
v -2.315625 -0.123500 0.003368
v -2.253875 -0.123500 0.003368
v -2.192125 -0.123500 0.003368
v -2.130375 -0.123500 0.003368
v -2.068625 -0.123500 0.003368
v -2.006875 -0.123500 0.003368
v -2.437015 0.123500 0.003368
v -2.377375 0.123500 0.003368
v -2.315625 0.123500 0.003368
v -2.253875 0.123500 0.003368
v -2.192125 0.123500 0.003368
v -2.130375 0.123500 0.003368
v -2.068625 0.123500 0.003368
v -2.006875 0.123500 0.003368
v -2.470000 0.030875 0.003368
v -2.470000 0.090515 0.003368
v -2.470000 0.123500 0.003368
v -2.470000 -0.090515 0.003368
v -2.470000 -0.123500 0.003368
v -2.470000 -0.030875 0.003368
v -0.463125 0.123500 0.003368
v -0.401375 0.123500 0.003368
v -0.339625 0.123500 0.003368
v -0.277875 0.123500 0.003368
v -0.216125 0.123500 0.003368
v -0.154375 0.123500 0.003368
v -0.092625 0.123500 0.003368
v -0.030875 0.123500 0.003368
v -0.025876 0.123500 0.003368
v -0.025876 -0.123500 0.003368
vn -0.9984 0.0207 -0.0530
vn -1.0000 -0.0074 -0.0012
vn -1.0000 -0.0040 -0.0012
vn -1.0000 -0.0014 -0.0009
vn -1.0000 -0.0000 -0.0006
vn -1.0000 -0.0000 -0.0000
vn -0.9977 0.0038 -0.0679
vn -1.0000 -0.0061 -0.0004
vn -1.0000 -0.0040 -0.0004
vn -1.0000 -0.0022 -0.0003
vn -1.0000 -0.0007 -0.0003
vn -0.0000 -0.0000 -1.0000
vn 0.0488 -0.9971 -0.0585
vn -0.0154 -0.9999 -0.0003
vn -0.0111 -0.9999 -0.0007
vn -0.0053 -1.0000 -0.0006
vn -0.0013 -1.0000 -0.0003
vn -0.0000 -1.0000 -0.0000
vn -0.6863 -0.7224 -0.0846
vn -0.0923 -0.9949 -0.0408
vn -0.0013 -1.0000 -0.0024
vn -0.0023 -1.0000 -0.0009
vn -0.0000 -0.0000 1.0000
vn -0.9973 -0.0000 -0.0736
vn -0.9976 -0.0031 -0.0695
vn -1.0000 0.0039 -0.0004
vn -1.0000 0.0022 -0.0003
vn -1.0000 0.0007 -0.0003
vn -0.9983 -0.0214 -0.0549
vn -0.9999 0.0113 -0.0013
vn -1.0000 0.0073 -0.0010
vn -1.0000 0.0039 -0.0009
vn -1.0000 0.0013 -0.0003
vn -0.0762 0.9969 -0.0183
vn -0.0148 0.9999 -0.0002
vn -0.0110 0.9999 -0.0007
vn -0.0053 1.0000 -0.0006
vn -0.0013 1.0000 -0.0003
vn -0.0000 1.0000 -0.0000
vn -0.0027 1.0000 -0.0017
vn -0.0007 1.0000 -0.0003
vn 1.0000 -0.0000 -0.0000
vn -0.9801 -0.0018 -0.1983
vn -0.8678 0.3868 -0.3121
vn -0.0023 1.0000 -0.0032
vn -0.0001 1.0000 -0.0004
vn -0.8069 0.5549 -0.2026
vn -0.0134 0.9997 -0.0200
vn -0.0032 -1.0000 -0.0019
vn -0.0045 -1.0000 -0.0000
vn -0.9795 -0.0000 -0.2013
vn -0.7168 -0.6002 -0.3548
vn -0.9800 0.0045 -0.1992
vn -0.1669 -0.9859 0.0144
s 0
f 10//1 9//1 1//1 2//1
f 11//2 10//2 2//2 3//2
f 12//3 11//3 3//3 4//3
f 13//4 12//4 4//4 5//4
f 14//5 13//5 5//5 6//5
f 15//6 14//6 6//6 7//6
f 16//6 15//6 7//6 8//6
f 18//7 17//7 9//7 10//7
f 19//8 18//8 10//8 11//8
f 20//9 19//9 11//9 12//9
f 21//10 20//10 12//10 13//10
f 22//11 21//11 13//11 14//11
f 23//6 22//6 14//6 15//6
f 24//6 23//6 15//6 16//6
f 33//6 16//6 8//6 25//6
f 34//6 33//6 25//6 26//6
f 35//6 34//6 26//6 27//6
f 36//6 35//6 27//6 28//6
f 37//6 36//6 28//6 29//6
f 38//6 37//6 29//6 30//6
f 39//6 38//6 30//6 31//6
f 40//6 39//6 31//6 32//6
f 41//6 24//6 16//6 33//6
f 42//6 41//6 33//6 34//6
f 43//6 42//6 34//6 35//6
f 44//6 43//6 35//6 36//6
f 45//6 44//6 36//6 37//6
f 46//6 45//6 37//6 38//6
f 47//6 46//6 38//6 39//6
f 48//6 47//6 39//6 40//6
f 1487//12 1488//12 1489//12 1490//12 1491//12 1492//12 1493//12 1494//12 1495//12 1496//12 1420//12 1419//12 1418//12 1417//12 1416//12 1415//12 1414//12 1413//12 1459//12 1458//12 1457//12 1456//12 1455//12 1454//12 1453//12 1452//12 1439//12 1438//12 1437//12 1436//12 1435//12 1434//12 1433//12 1432//12 1471//12 1470//12 1469//12 1431//12 1476//12 1468//12 1412//12 1475//12 1482//12 1479//12 1478//12 1477//12 1481//12 1430//12 1467//12 1409//12 1466//12 1410//12 1411//12 1483//12 1484//12 1474//12 1440//12 1480//12 1472//12 1460//12 1441//12 1421//12 1442//12 1461//12 1485//12 1462//12 1473//12 1486//12 1443//12 1463//12 1464//12 1465//12 1422//12 1423//12 1424//12 1425//12 1426//12 1427//12 1428//12 1429//12 1444//12 1445//12 1446//12 1447//12 1448//12 1449//12 1450//12 1451//12
f 50//13 2//13 1//13 49//13
f 51//14 3//14 2//14 50//14
f 52//15 4//15 3//15 51//15
f 53//16 5//16 4//16 52//16
f 54//17 6//17 5//17 53//17
f 55//18 7//18 6//18 54//18
f 56//18 8//18 7//18 55//18
f 1466//19 1409//19 49//19
f 58//20 50//20 49//20 57//20
f 59//18 51//18 50//18 58//18
f 60//18 52//18 51//18 59//18
f 61//18 53//18 52//18 60//18
f 62//18 54//18 53//18 61//18
f 63//18 55//18 54//18 62//18
f 64//18 56//18 55//18 63//18
f 66//21 58//21 57//21 65//21
f 67//18 59//18 58//18 66//18
f 68//18 60//18 59//18 67//18
f 69//18 61//18 60//18 68//18
f 70//18 62//18 61//18 69//18
f 71//18 63//18 62//18 70//18
f 72//18 64//18 63//18 71//18
f 74//22 66//22 65//22 73//22
f 75//18 67//18 66//18 74//18
f 76//18 68//18 67//18 75//18
f 77//18 69//18 68//18 76//18
f 78//18 70//18 69//18 77//18
f 79//18 71//18 70//18 78//18
f 80//18 72//18 71//18 79//18
f 82//18 74//18 73//18 81//18
f 83//18 75//18 74//18 82//18
f 84//18 76//18 75//18 83//18
f 85//18 77//18 76//18 84//18
f 86//18 78//18 77//18 85//18
f 87//18 79//18 78//18 86//18
f 88//18 80//18 79//18 87//18
f 90//18 82//18 81//18 89//18
f 91//18 83//18 82//18 90//18
f 92//18 84//18 83//18 91//18
f 93//18 85//18 84//18 92//18
f 94//18 86//18 85//18 93//18
f 95//18 87//18 86//18 94//18
f 96//18 88//18 87//18 95//18
f 98//18 90//18 89//18 97//18
f 99//18 91//18 90//18 98//18
f 100//18 92//18 91//18 99//18
f 101//18 93//18 92//18 100//18
f 102//18 94//18 93//18 101//18
f 103//18 95//18 94//18 102//18
f 104//18 96//18 95//18 103//18
f 106//18 98//18 97//18 105//18
f 107//18 99//18 98//18 106//18
f 108//18 100//18 99//18 107//18
f 109//18 101//18 100//18 108//18
f 110//18 102//18 101//18 109//18
f 111//18 103//18 102//18 110//18
f 112//18 104//18 103//18 111//18
f 113//18 25//18 8//18 56//18
f 114//18 26//18 25//18 113//18
f 115//18 27//18 26//18 114//18
f 116//18 28//18 27//18 115//18
f 117//18 29//18 28//18 116//18
f 118//18 30//18 29//18 117//18
f 119//18 31//18 30//18 118//18
f 120//18 32//18 31//18 119//18
f 121//18 113//18 56//18 64//18
f 122//18 114//18 113//18 121//18
f 123//18 115//18 114//18 122//18
f 124//18 116//18 115//18 123//18
f 125//18 117//18 116//18 124//18
f 126//18 118//18 117//18 125//18
f 127//18 119//18 118//18 126//18
f 128//18 120//18 119//18 127//18
f 129//18 121//18 64//18 72//18
f 130//18 122//18 121//18 129//18
f 131//18 123//18 122//18 130//18
f 132//18 124//18 123//18 131//18
f 133//18 125//18 124//18 132//18
f 134//18 126//18 125//18 133//18
f 135//18 127//18 126//18 134//18
f 136//18 128//18 127//18 135//18
f 137//18 129//18 72//18 80//18
f 138//18 130//18 129//18 137//18
f 139//18 131//18 130//18 138//18
f 140//18 132//18 131//18 139//18
f 141//18 133//18 132//18 140//18
f 142//18 134//18 133//18 141//18
f 143//18 135//18 134//18 142//18
f 144//18 136//18 135//18 143//18
f 145//18 137//18 80//18 88//18
f 146//18 138//18 137//18 145//18
f 147//18 139//18 138//18 146//18
f 148//18 140//18 139//18 147//18
f 149//18 141//18 140//18 148//18
f 150//18 142//18 141//18 149//18
f 151//18 143//18 142//18 150//18
f 152//18 144//18 143//18 151//18
f 153//18 145//18 88//18 96//18
f 154//18 146//18 145//18 153//18
f 155//18 147//18 146//18 154//18
f 156//18 148//18 147//18 155//18
f 157//18 149//18 148//18 156//18
f 158//18 150//18 149//18 157//18
f 159//18 151//18 150//18 158//18
f 160//18 152//18 151//18 159//18
f 161//18 153//18 96//18 104//18
f 162//18 154//18 153//18 161//18
f 163//18 155//18 154//18 162//18
f 164//18 156//18 155//18 163//18
f 165//18 157//18 156//18 164//18
f 166//18 158//18 157//18 165//18
f 167//18 159//18 158//18 166//18
f 168//18 160//18 159//18 167//18
f 169//18 161//18 104//18 112//18
f 170//18 162//18 161//18 169//18
f 171//18 163//18 162//18 170//18
f 172//18 164//18 163//18 171//18
f 173//18 165//18 164//18 172//18
f 174//18 166//18 165//18 173//18
f 175//18 167//18 166//18 174//18
f 176//18 168//18 167//18 175//18
f 178//18 106//18 105//18 177//18
f 179//18 107//18 106//18 178//18
f 180//18 108//18 107//18 179//18
f 181//18 109//18 108//18 180//18
f 182//18 110//18 109//18 181//18
f 183//18 111//18 110//18 182//18
f 184//18 112//18 111//18 183//18
f 186//18 178//18 177//18 185//18
f 187//18 179//18 178//18 186//18
f 188//18 180//18 179//18 187//18
f 189//18 181//18 180//18 188//18
f 190//18 182//18 181//18 189//18
f 191//18 183//18 182//18 190//18
f 192//18 184//18 183//18 191//18
f 194//18 186//18 185//18 193//18
f 195//18 187//18 186//18 194//18
f 196//18 188//18 187//18 195//18
f 197//18 189//18 188//18 196//18
f 198//18 190//18 189//18 197//18
f 199//18 191//18 190//18 198//18
f 200//18 192//18 191//18 199//18
f 202//18 194//18 193//18 201//18
f 203//18 195//18 194//18 202//18
f 204//18 196//18 195//18 203//18
f 205//18 197//18 196//18 204//18
f 206//18 198//18 197//18 205//18
f 207//18 199//18 198//18 206//18
f 208//18 200//18 199//18 207//18
f 210//18 202//18 201//18 209//18
f 211//18 203//18 202//18 210//18
f 212//18 204//18 203//18 211//18
f 213//18 205//18 204//18 212//18
f 214//18 206//18 205//18 213//18
f 215//18 207//18 206//18 214//18
f 216//18 208//18 207//18 215//18
f 218//18 210//18 209//18 217//18
f 219//18 211//18 210//18 218//18
f 220//18 212//18 211//18 219//18
f 221//18 213//18 212//18 220//18
f 222//18 214//18 213//18 221//18
f 223//18 215//18 214//18 222//18
f 224//18 216//18 215//18 223//18
f 226//18 218//18 217//18 225//18
f 227//18 219//18 218//18 226//18
f 228//18 220//18 219//18 227//18
f 229//18 221//18 220//18 228//18
f 230//18 222//18 221//18 229//18
f 231//18 223//18 222//18 230//18
f 232//18 224//18 223//18 231//18
f 234//18 226//18 225//18 233//18
f 235//18 227//18 226//18 234//18
f 236//18 228//18 227//18 235//18
f 237//18 229//18 228//18 236//18
f 238//18 230//18 229//18 237//18
f 239//18 231//18 230//18 238//18
f 240//18 232//18 231//18 239//18
f 241//18 169//18 112//18 184//18
f 242//18 170//18 169//18 241//18
f 243//18 171//18 170//18 242//18
f 244//18 172//18 171//18 243//18
f 245//18 173//18 172//18 244//18
f 246//18 174//18 173//18 245//18
f 247//18 175//18 174//18 246//18
f 248//18 176//18 175//18 247//18
f 249//18 241//18 184//18 192//18
f 250//18 242//18 241//18 249//18
f 251//18 243//18 242//18 250//18
f 252//18 244//18 243//18 251//18
f 253//18 245//18 244//18 252//18
f 254//18 246//18 245//18 253//18
f 255//18 247//18 246//18 254//18
f 256//18 248//18 247//18 255//18
f 257//18 249//18 192//18 200//18
f 258//18 250//18 249//18 257//18
f 259//18 251//18 250//18 258//18
f 260//18 252//18 251//18 259//18
f 261//18 253//18 252//18 260//18
f 262//18 254//18 253//18 261//18
f 263//18 255//18 254//18 262//18
f 264//18 256//18 255//18 263//18
f 265//18 257//18 200//18 208//18
f 266//18 258//18 257//18 265//18
f 267//18 259//18 258//18 266//18
f 268//18 260//18 259//18 267//18
f 269//18 261//18 260//18 268//18
f 270//18 262//18 261//18 269//18
f 271//18 263//18 262//18 270//18
f 272//18 264//18 263//18 271//18
f 273//18 265//18 208//18 216//18
f 274//18 266//18 265//18 273//18
f 275//18 267//18 266//18 274//18
f 276//18 268//18 267//18 275//18
f 277//18 269//18 268//18 276//18
f 278//18 270//18 269//18 277//18
f 279//18 271//18 270//18 278//18
f 280//18 272//18 271//18 279//18
f 281//18 273//18 216//18 224//18
f 282//18 274//18 273//18 281//18
f 283//18 275//18 274//18 282//18
f 284//18 276//18 275//18 283//18
f 285//18 277//18 276//18 284//18
f 286//18 278//18 277//18 285//18
f 287//18 279//18 278//18 286//18
f 288//18 280//18 279//18 287//18
f 289//18 281//18 224//18 232//18
f 290//18 282//18 281//18 289//18
f 291//18 283//18 282//18 290//18
f 292//18 284//18 283//18 291//18
f 293//18 285//18 284//18 292//18
f 294//18 286//18 285//18 293//18
f 295//18 287//18 286//18 294//18
f 296//18 288//18 287//18 295//18
f 297//18 289//18 232//18 240//18
f 298//18 290//18 289//18 297//18
f 299//18 291//18 290//18 298//18
f 300//18 292//18 291//18 299//18
f 301//18 293//18 292//18 300//18
f 302//18 294//18 293//18 301//18
f 303//18 295//18 294//18 302//18
f 304//18 296//18 295//18 303//18
f 306//18 234//18 233//18 305//18
f 307//18 235//18 234//18 306//18
f 308//18 236//18 235//18 307//18
f 309//18 237//18 236//18 308//18
f 310//18 238//18 237//18 309//18
f 311//18 239//18 238//18 310//18
f 312//18 240//18 239//18 311//18
f 314//18 306//18 305//18 313//18
f 315//18 307//18 306//18 314//18
f 316//18 308//18 307//18 315//18
f 317//18 309//18 308//18 316//18
f 318//18 310//18 309//18 317//18
f 319//18 311//18 310//18 318//18
f 320//18 312//18 311//18 319//18
f 322//18 314//18 313//18 321//18
f 323//18 315//18 314//18 322//18
f 324//18 316//18 315//18 323//18
f 325//18 317//18 316//18 324//18
f 326//18 318//18 317//18 325//18
f 327//18 319//18 318//18 326//18
f 328//18 320//18 319//18 327//18
f 330//18 322//18 321//18 329//18
f 331//18 323//18 322//18 330//18
f 332//18 324//18 323//18 331//18
f 333//18 325//18 324//18 332//18
f 334//18 326//18 325//18 333//18
f 335//18 327//18 326//18 334//18
f 336//18 328//18 327//18 335//18
f 338//18 330//18 329//18 337//18
f 339//18 331//18 330//18 338//18
f 340//18 332//18 331//18 339//18
f 341//18 333//18 332//18 340//18
f 342//18 334//18 333//18 341//18
f 343//18 335//18 334//18 342//18
f 344//18 336//18 335//18 343//18
f 346//18 338//18 337//18 345//18
f 347//18 339//18 338//18 346//18
f 348//18 340//18 339//18 347//18
f 349//18 341//18 340//18 348//18
f 350//18 342//18 341//18 349//18
f 351//18 343//18 342//18 350//18
f 352//18 344//18 343//18 351//18
f 354//18 346//18 345//18 353//18
f 355//18 347//18 346//18 354//18
f 356//18 348//18 347//18 355//18
f 357//18 349//18 348//18 356//18
f 358//18 350//18 349//18 357//18
f 359//18 351//18 350//18 358//18
f 360//18 352//18 351//18 359//18
f 362//18 354//18 353//18 361//18
f 363//18 355//18 354//18 362//18
f 364//18 356//18 355//18 363//18
f 365//18 357//18 356//18 364//18
f 366//18 358//18 357//18 365//18
f 367//18 359//18 358//18 366//18
f 368//18 360//18 359//18 367//18
f 369//18 297//18 240//18 312//18
f 370//18 298//18 297//18 369//18
f 371//18 299//18 298//18 370//18
f 372//18 300//18 299//18 371//18
f 373//18 301//18 300//18 372//18
f 374//18 302//18 301//18 373//18
f 375//18 303//18 302//18 374//18
f 376//18 304//18 303//18 375//18
f 377//18 369//18 312//18 320//18
f 378//18 370//18 369//18 377//18
f 379//18 371//18 370//18 378//18
f 380//18 372//18 371//18 379//18
f 381//18 373//18 372//18 380//18
f 382//18 374//18 373//18 381//18
f 383//18 375//18 374//18 382//18
f 384//18 376//18 375//18 383//18
f 385//18 377//18 320//18 328//18
f 386//18 378//18 377//18 385//18
f 387//18 379//18 378//18 386//18
f 388//18 380//18 379//18 387//18
f 389//18 381//18 380//18 388//18
f 390//18 382//18 381//18 389//18
f 391//18 383//18 382//18 390//18
f 392//18 384//18 383//18 391//18
f 393//18 385//18 328//18 336//18
f 394//18 386//18 385//18 393//18
f 395//18 387//18 386//18 394//18
f 396//18 388//18 387//18 395//18
f 397//18 389//18 388//18 396//18
f 398//18 390//18 389//18 397//18
f 399//18 391//18 390//18 398//18
f 400//18 392//18 391//18 399//18
f 401//18 393//18 336//18 344//18
f 402//18 394//18 393//18 401//18
f 403//18 395//18 394//18 402//18
f 404//18 396//18 395//18 403//18
f 405//18 397//18 396//18 404//18
f 406//18 398//18 397//18 405//18
f 407//18 399//18 398//18 406//18
f 408//18 400//18 399//18 407//18
f 409//18 401//18 344//18 352//18
f 410//18 402//18 401//18 409//18
f 411//18 403//18 402//18 410//18
f 412//18 404//18 403//18 411//18
f 413//18 405//18 404//18 412//18
f 414//18 406//18 405//18 413//18
f 415//18 407//18 406//18 414//18
f 416//18 408//18 407//18 415//18
f 417//18 409//18 352//18 360//18
f 418//18 410//18 409//18 417//18
f 419//18 411//18 410//18 418//18
f 420//18 412//18 411//18 419//18
f 421//18 413//18 412//18 420//18
f 422//18 414//18 413//18 421//18
f 423//18 415//18 414//18 422//18
f 424//18 416//18 415//18 423//18
f 425//18 417//18 360//18 368//18
f 426//18 418//18 417//18 425//18
f 427//18 419//18 418//18 426//18
f 428//18 420//18 419//18 427//18
f 429//18 421//18 420//18 428//18
f 430//18 422//18 421//18 429//18
f 431//18 423//18 422//18 430//18
f 432//18 424//18 423//18 431//18
f 434//18 362//18 361//18 433//18
f 435//18 363//18 362//18 434//18
f 436//18 364//18 363//18 435//18
f 437//18 365//18 364//18 436//18
f 438//18 366//18 365//18 437//18
f 439//18 367//18 366//18 438//18
f 440//18 368//18 367//18 439//18
f 442//18 434//18 433//18 441//18
f 443//18 435//18 434//18 442//18
f 444//18 436//18 435//18 443//18
f 445//18 437//18 436//18 444//18
f 446//18 438//18 437//18 445//18
f 447//18 439//18 438//18 446//18
f 448//18 440//18 439//18 447//18
f 450//18 442//18 441//18 449//18
f 451//18 443//18 442//18 450//18
f 452//18 444//18 443//18 451//18
f 453//18 445//18 444//18 452//18
f 454//18 446//18 445//18 453//18
f 455//18 447//18 446//18 454//18
f 456//18 448//18 447//18 455//18
f 458//18 450//18 449//18 457//18
f 459//18 451//18 450//18 458//18
f 460//18 452//18 451//18 459//18
f 461//18 453//18 452//18 460//18
f 462//18 454//18 453//18 461//18
f 463//18 455//18 454//18 462//18
f 464//18 456//18 455//18 463//18
f 466//18 458//18 457//18 465//18
f 467//18 459//18 458//18 466//18
f 468//18 460//18 459//18 467//18
f 469//18 461//18 460//18 468//18
f 470//18 462//18 461//18 469//18
f 471//18 463//18 462//18 470//18
f 472//18 464//18 463//18 471//18
f 474//18 466//18 465//18 473//18
f 475//18 467//18 466//18 474//18
f 476//18 468//18 467//18 475//18
f 477//18 469//18 468//18 476//18
f 478//18 470//18 469//18 477//18
f 479//18 471//18 470//18 478//18
f 480//18 472//18 471//18 479//18
f 482//18 474//18 473//18 481//18
f 483//18 475//18 474//18 482//18
f 484//18 476//18 475//18 483//18
f 485//18 477//18 476//18 484//18
f 486//18 478//18 477//18 485//18
f 487//18 479//18 478//18 486//18
f 488//18 480//18 479//18 487//18
f 490//18 482//18 481//18 489//18
f 491//18 483//18 482//18 490//18
f 492//18 484//18 483//18 491//18
f 493//18 485//18 484//18 492//18
f 494//18 486//18 485//18 493//18
f 495//18 487//18 486//18 494//18
f 496//18 488//18 487//18 495//18
f 497//18 425//18 368//18 440//18
f 498//18 426//18 425//18 497//18
f 499//18 427//18 426//18 498//18
f 500//18 428//18 427//18 499//18
f 501//18 429//18 428//18 500//18
f 502//18 430//18 429//18 501//18
f 503//18 431//18 430//18 502//18
f 504//18 432//18 431//18 503//18
f 505//18 497//18 440//18 448//18
f 506//18 498//18 497//18 505//18
f 507//18 499//18 498//18 506//18
f 508//18 500//18 499//18 507//18
f 509//18 501//18 500//18 508//18
f 510//18 502//18 501//18 509//18
f 511//18 503//18 502//18 510//18
f 512//18 504//18 503//18 511//18
f 513//18 505//18 448//18 456//18
f 514//18 506//18 505//18 513//18
f 515//18 507//18 506//18 514//18
f 516//18 508//18 507//18 515//18
f 517//18 509//18 508//18 516//18
f 518//18 510//18 509//18 517//18
f 519//18 511//18 510//18 518//18
f 520//18 512//18 511//18 519//18
f 521//18 513//18 456//18 464//18
f 522//18 514//18 513//18 521//18
f 523//18 515//18 514//18 522//18
f 524//18 516//18 515//18 523//18
f 525//18 517//18 516//18 524//18
f 526//18 518//18 517//18 525//18
f 527//18 519//18 518//18 526//18
f 528//18 520//18 519//18 527//18
f 529//18 521//18 464//18 472//18
f 530//18 522//18 521//18 529//18
f 531//18 523//18 522//18 530//18
f 532//18 524//18 523//18 531//18
f 533//18 525//18 524//18 532//18
f 534//18 526//18 525//18 533//18
f 535//18 527//18 526//18 534//18
f 536//18 528//18 527//18 535//18
f 537//18 529//18 472//18 480//18
f 538//18 530//18 529//18 537//18
f 539//18 531//18 530//18 538//18
f 540//18 532//18 531//18 539//18
f 541//18 533//18 532//18 540//18
f 542//18 534//18 533//18 541//18
f 543//18 535//18 534//18 542//18
f 544//18 536//18 535//18 543//18
f 545//18 537//18 480//18 488//18
f 546//18 538//18 537//18 545//18
f 547//18 539//18 538//18 546//18
f 548//18 540//18 539//18 547//18
f 549//18 541//18 540//18 548//18
f 550//18 542//18 541//18 549//18
f 551//18 543//18 542//18 550//18
f 552//18 544//18 543//18 551//18
f 553//18 545//18 488//18 496//18
f 554//18 546//18 545//18 553//18
f 555//18 547//18 546//18 554//18
f 556//18 548//18 547//18 555//18
f 557//18 549//18 548//18 556//18
f 558//18 550//18 549//18 557//18
f 559//18 551//18 550//18 558//18
f 560//18 552//18 551//18 559//18
f 562//18 490//18 489//18 561//18
f 563//18 491//18 490//18 562//18
f 564//18 492//18 491//18 563//18
f 565//18 493//18 492//18 564//18
f 566//18 494//18 493//18 565//18
f 567//18 495//18 494//18 566//18
f 568//18 496//18 495//18 567//18
f 570//18 562//18 561//18 569//18
f 571//18 563//18 562//18 570//18
f 572//18 564//18 563//18 571//18
f 573//18 565//18 564//18 572//18
f 574//18 566//18 565//18 573//18
f 575//18 567//18 566//18 574//18
f 576//18 568//18 567//18 575//18
f 578//18 570//18 569//18 577//18
f 579//18 571//18 570//18 578//18
f 580//18 572//18 571//18 579//18
f 581//18 573//18 572//18 580//18
f 582//18 574//18 573//18 581//18
f 583//18 575//18 574//18 582//18
f 584//18 576//18 575//18 583//18
f 586//18 578//18 577//18 585//18
f 587//18 579//18 578//18 586//18
f 588//18 580//18 579//18 587//18
f 589//18 581//18 580//18 588//18
f 590//18 582//18 581//18 589//18
f 591//18 583//18 582//18 590//18
f 592//18 584//18 583//18 591//18
f 594//18 586//18 585//18 593//18
f 595//18 587//18 586//18 594//18
f 596//18 588//18 587//18 595//18
f 597//18 589//18 588//18 596//18
f 598//18 590//18 589//18 597//18
f 599//18 591//18 590//18 598//18
f 600//18 592//18 591//18 599//18
f 602//18 594//18 593//18 601//18
f 603//18 595//18 594//18 602//18
f 604//18 596//18 595//18 603//18
f 605//18 597//18 596//18 604//18
f 606//18 598//18 597//18 605//18
f 607//18 599//18 598//18 606//18
f 608//18 600//18 599//18 607//18
f 610//18 602//18 601//18 609//18
f 611//18 603//18 602//18 610//18
f 612//18 604//18 603//18 611//18
f 613//18 605//18 604//18 612//18
f 614//18 606//18 605//18 613//18
f 615//18 607//18 606//18 614//18
f 616//18 608//18 607//18 615//18
f 618//18 610//18 609//18 617//18
f 619//18 611//18 610//18 618//18
f 620//18 612//18 611//18 619//18
f 621//18 613//18 612//18 620//18
f 622//18 614//18 613//18 621//18
f 623//18 615//18 614//18 622//18
f 624//18 616//18 615//18 623//18
f 625//18 553//18 496//18 568//18
f 626//18 554//18 553//18 625//18
f 627//18 555//18 554//18 626//18
f 628//18 556//18 555//18 627//18
f 629//18 557//18 556//18 628//18
f 630//18 558//18 557//18 629//18
f 631//18 559//18 558//18 630//18
f 632//18 560//18 559//18 631//18
f 633//18 625//18 568//18 576//18
f 634//18 626//18 625//18 633//18
f 635//18 627//18 626//18 634//18
f 636//18 628//18 627//18 635//18
f 637//18 629//18 628//18 636//18
f 638//18 630//18 629//18 637//18
f 639//18 631//18 630//18 638//18
f 640//18 632//18 631//18 639//18
f 641//18 633//18 576//18 584//18
f 642//18 634//18 633//18 641//18
f 643//18 635//18 634//18 642//18
f 644//18 636//18 635//18 643//18
f 645//18 637//18 636//18 644//18
f 646//18 638//18 637//18 645//18
f 647//18 639//18 638//18 646//18
f 648//18 640//18 639//18 647//18
f 649//18 641//18 584//18 592//18
f 650//18 642//18 641//18 649//18
f 651//18 643//18 642//18 650//18
f 652//18 644//18 643//18 651//18
f 653//18 645//18 644//18 652//18
f 654//18 646//18 645//18 653//18
f 655//18 647//18 646//18 654//18
f 656//18 648//18 647//18 655//18
f 657//18 649//18 592//18 600//18
f 658//18 650//18 649//18 657//18
f 659//18 651//18 650//18 658//18
f 660//18 652//18 651//18 659//18
f 661//18 653//18 652//18 660//18
f 662//18 654//18 653//18 661//18
f 663//18 655//18 654//18 662//18
f 664//18 656//18 655//18 663//18
f 665//18 657//18 600//18 608//18
f 666//18 658//18 657//18 665//18
f 667//18 659//18 658//18 666//18
f 668//18 660//18 659//18 667//18
f 669//18 661//18 660//18 668//18
f 670//18 662//18 661//18 669//18
f 671//18 663//18 662//18 670//18
f 672//18 664//18 663//18 671//18
f 673//18 665//18 608//18 616//18
f 674//18 666//18 665//18 673//18
f 675//18 667//18 666//18 674//18
f 676//18 668//18 667//18 675//18
f 677//18 669//18 668//18 676//18
f 678//18 670//18 669//18 677//18
f 679//18 671//18 670//18 678//18
f 680//18 672//18 671//18 679//18
f 681//18 673//18 616//18 624//18
f 682//18 674//18 673//18 681//18
f 683//18 675//18 674//18 682//18
f 684//18 676//18 675//18 683//18
f 685//18 677//18 676//18 684//18
f 686//18 678//18 677//18 685//18
f 687//18 679//18 678//18 686//18
f 688//18 680//18 679//18 687//18
f 1572//6 40//6 32//6 1573//6
f 1574//6 48//6 40//6 1572//6
f 1553//18 1573//18 32//18 120//18
f 1554//18 1553//18 120//18 128//18
f 1555//18 1554//18 128//18 136//18
f 1556//18 1555//18 136//18 144//18
f 1557//18 1556//18 144//18 152//18
f 1558//18 1557//18 152//18 160//18
f 1559//18 1558//18 160//18 168//18
f 1503//23 1504//23 1584//23 1583//23 1582//23 1581//23 1580//23 1579//23 1578//23 1577//23 1576//23 1575//23 1528//23 1527//23 1526//23 1525//23 1524//23 1523//23 1522//23 1521//23 1512//23 1511//23 1510//23 1509//23 1508//23 1507//23 1506//23 1505//23 1544//23 1543//23 1542//23 1541//23 1540//23 1539//23 1538//23 1537//23 1568//23 1567//23 1566//23 1565//23 1564//23 1563//23 1562//23 1561//23 1571//23 1570//23 1569//23 1574//23 1572//23 1573//23 1553//23 1554//23 1555//23 1556//23 1557//23 1558//23 1559//23 1560//23 1545//23 1546//23 1547//23 1548//23 1549//23 1550//23 1551//23 1552//23 1513//23 1514//23 1515//23 1516//23 1517//23 1518//23 1519//23 1520//23 1529//23 1530//23 1531//23 1532//23 1533//23 1534//23 1535//23 1536//23 1497//23 1498//23 1499//23 1500//23 1501//23 1502//23
f 1560//18 1559//18 168//18 176//18
f 1545//18 1560//18 176//18 248//18
f 1546//18 1545//18 248//18 256//18
f 1547//18 1546//18 256//18 264//18
f 1548//18 1547//18 264//18 272//18
f 1549//18 1548//18 272//18 280//18
f 1550//18 1549//18 280//18 288//18
f 1551//18 1550//18 288//18 296//18
f 1552//18 1551//18 296//18 304//18
f 1513//18 1552//18 304//18 376//18
f 1514//18 1513//18 376//18 384//18
f 1515//18 1514//18 384//18 392//18
f 1516//18 1515//18 392//18 400//18
f 1517//18 1516//18 400//18 408//18
f 1518//18 1517//18 408//18 416//18
f 1519//18 1518//18 416//18 424//18
f 1520//18 1519//18 424//18 432//18
f 1529//18 1520//18 432//18 504//18
f 1530//18 1529//18 504//18 512//18
f 1531//18 1530//18 512//18 520//18
f 1532//18 1531//18 520//18 528//18
f 1533//18 1532//18 528//18 536//18
f 1534//18 1533//18 536//18 544//18
f 1535//18 1534//18 544//18 552//18
f 1536//18 1535//18 552//18 560//18
f 1497//18 1536//18 560//18 632//18
f 1498//18 1497//18 632//18 640//18
f 1499//18 1498//18 640//18 648//18
f 1500//18 1499//18 648//18 656//18
f 1501//18 1500//18 656//18 664//18
f 1502//18 1501//18 664//18 672//18
f 1503//18 1502//18 672//18 680//18
f 1504//18 1503//18 680//18 688//18
f 690//24 689//24 17//24 18//24
f 691//6 690//6 18//6 19//6
f 692//6 691//6 19//6 20//6
f 693//6 692//6 20//6 21//6
f 694//6 693//6 21//6 22//6
f 695//6 694//6 22//6 23//6
f 696//6 695//6 23//6 24//6
f 698//25 697//25 689//25 690//25
f 699//26 698//26 690//26 691//26
f 700//27 699//27 691//27 692//27
f 701//28 700//28 692//28 693//28
f 702//6 701//6 693//6 694//6
f 703//6 702//6 694//6 695//6
f 704//6 703//6 695//6 696//6
f 706//29 705//29 697//29 698//29
f 707//30 706//30 698//30 699//30
f 708//31 707//31 699//31 700//31
f 709//32 708//32 700//32 701//32
f 710//33 709//33 701//33 702//33
f 711//6 710//6 702//6 703//6
f 712//6 711//6 703//6 704//6
f 713//6 696//6 24//6 41//6
f 714//6 713//6 41//6 42//6
f 715//6 714//6 42//6 43//6
f 716//6 715//6 43//6 44//6
f 717//6 716//6 44//6 45//6
f 718//6 717//6 45//6 46//6
f 719//6 718//6 46//6 47//6
f 720//6 719//6 47//6 48//6
f 721//6 704//6 696//6 713//6
f 722//6 721//6 713//6 714//6
f 723//6 722//6 714//6 715//6
f 724//6 723//6 715//6 716//6
f 725//6 724//6 716//6 717//6
f 726//6 725//6 717//6 718//6
f 727//6 726//6 718//6 719//6
f 728//6 727//6 719//6 720//6
f 729//6 712//6 704//6 721//6
f 730//6 729//6 721//6 722//6
f 731//6 730//6 722//6 723//6
f 732//6 731//6 723//6 724//6
f 733//6 732//6 724//6 725//6
f 734//6 733//6 725//6 726//6
f 735//6 734//6 726//6 727//6
f 736//6 735//6 727//6 728//6
f 706//34 738//34 737//34 705//34
f 707//35 739//35 738//35 706//35
f 708//36 740//36 739//36 707//36
f 709//37 741//37 740//37 708//37
f 710//38 742//38 741//38 709//38
f 711//39 743//39 742//39 710//39
f 712//39 744//39 743//39 711//39
f 738//40 746//40 745//40 737//40
f 739//39 747//39 746//39 738//39
f 740//39 748//39 747//39 739//39
f 741//39 749//39 748//39 740//39
f 742//39 750//39 749//39 741//39
f 743//39 751//39 750//39 742//39
f 744//39 752//39 751//39 743//39
f 746//41 754//41 753//41 745//41
f 747//39 755//39 754//39 746//39
f 748//39 756//39 755//39 747//39
f 749//39 757//39 756//39 748//39
f 750//39 758//39 757//39 749//39
f 751//39 759//39 758//39 750//39
f 752//39 760//39 759//39 751//39
f 754//39 762//39 761//39 753//39
f 755//39 763//39 762//39 754//39
f 756//39 764//39 763//39 755//39
f 757//39 765//39 764//39 756//39
f 758//39 766//39 765//39 757//39
f 759//39 767//39 766//39 758//39
f 760//39 768//39 767//39 759//39
f 762//39 770//39 769//39 761//39
f 763//39 771//39 770//39 762//39
f 764//39 772//39 771//39 763//39
f 765//39 773//39 772//39 764//39
f 766//39 774//39 773//39 765//39
f 767//39 775//39 774//39 766//39
f 768//39 776//39 775//39 767//39
f 770//39 778//39 777//39 769//39
f 771//39 779//39 778//39 770//39
f 772//39 780//39 779//39 771//39
f 773//39 781//39 780//39 772//39
f 774//39 782//39 781//39 773//39
f 775//39 783//39 782//39 774//39
f 776//39 784//39 783//39 775//39
f 778//39 786//39 785//39 777//39
f 779//39 787//39 786//39 778//39
f 780//39 788//39 787//39 779//39
f 781//39 789//39 788//39 780//39
f 782//39 790//39 789//39 781//39
f 783//39 791//39 790//39 782//39
f 784//39 792//39 791//39 783//39
f 786//39 794//39 793//39 785//39
f 787//39 795//39 794//39 786//39
f 788//39 796//39 795//39 787//39
f 789//39 797//39 796//39 788//39
f 790//39 798//39 797//39 789//39
f 791//39 799//39 798//39 790//39
f 792//39 800//39 799//39 791//39
f 729//39 801//39 744//39 712//39
f 730//39 802//39 801//39 729//39
f 731//39 803//39 802//39 730//39
f 732//39 804//39 803//39 731//39
f 733//39 805//39 804//39 732//39
f 734//39 806//39 805//39 733//39
f 735//39 807//39 806//39 734//39
f 736//39 808//39 807//39 735//39
f 801//39 809//39 752//39 744//39
f 802//39 810//39 809//39 801//39
f 803//39 811//39 810//39 802//39
f 804//39 812//39 811//39 803//39
f 805//39 813//39 812//39 804//39
f 806//39 814//39 813//39 805//39
f 807//39 815//39 814//39 806//39
f 808//39 816//39 815//39 807//39
f 809//39 817//39 760//39 752//39
f 810//39 818//39 817//39 809//39
f 811//39 819//39 818//39 810//39
f 812//39 820//39 819//39 811//39
f 813//39 821//39 820//39 812//39
f 814//39 822//39 821//39 813//39
f 815//39 823//39 822//39 814//39
f 816//39 824//39 823//39 815//39
f 817//39 825//39 768//39 760//39
f 818//39 826//39 825//39 817//39
f 819//39 827//39 826//39 818//39
f 820//39 828//39 827//39 819//39
f 821//39 829//39 828//39 820//39
f 822//39 830//39 829//39 821//39
f 823//39 831//39 830//39 822//39
f 824//39 832//39 831//39 823//39
f 825//39 833//39 776//39 768//39
f 826//39 834//39 833//39 825//39
f 827//39 835//39 834//39 826//39
f 828//39 836//39 835//39 827//39
f 829//39 837//39 836//39 828//39
f 830//39 838//39 837//39 829//39
f 831//39 839//39 838//39 830//39
f 832//39 840//39 839//39 831//39
f 833//39 841//39 784//39 776//39
f 834//39 842//39 841//39 833//39
f 835//39 843//39 842//39 834//39
f 836//39 844//39 843//39 835//39
f 837//39 845//39 844//39 836//39
f 838//39 846//39 845//39 837//39
f 839//39 847//39 846//39 838//39
f 840//39 848//39 847//39 839//39
f 841//39 849//39 792//39 784//39
f 842//39 850//39 849//39 841//39
f 843//39 851//39 850//39 842//39
f 844//39 852//39 851//39 843//39
f 845//39 853//39 852//39 844//39
f 846//39 854//39 853//39 845//39
f 847//39 855//39 854//39 846//39
f 848//39 856//39 855//39 847//39
f 849//39 857//39 800//39 792//39
f 850//39 858//39 857//39 849//39
f 851//39 859//39 858//39 850//39
f 852//39 860//39 859//39 851//39
f 853//39 861//39 860//39 852//39
f 854//39 862//39 861//39 853//39
f 855//39 863//39 862//39 854//39
f 856//39 864//39 863//39 855//39
f 794//39 866//39 865//39 793//39
f 795//39 867//39 866//39 794//39
f 796//39 868//39 867//39 795//39
f 797//39 869//39 868//39 796//39
f 798//39 870//39 869//39 797//39
f 799//39 871//39 870//39 798//39
f 800//39 872//39 871//39 799//39
f 866//39 874//39 873//39 865//39
f 867//39 875//39 874//39 866//39
f 868//39 876//39 875//39 867//39
f 869//39 877//39 876//39 868//39
f 870//39 878//39 877//39 869//39
f 871//39 879//39 878//39 870//39
f 872//39 880//39 879//39 871//39
f 874//39 882//39 881//39 873//39
f 875//39 883//39 882//39 874//39
f 876//39 884//39 883//39 875//39
f 877//39 885//39 884//39 876//39
f 878//39 886//39 885//39 877//39
f 879//39 887//39 886//39 878//39
f 880//39 888//39 887//39 879//39
f 882//39 890//39 889//39 881//39
f 883//39 891//39 890//39 882//39
f 884//39 892//39 891//39 883//39
f 885//39 893//39 892//39 884//39
f 886//39 894//39 893//39 885//39
f 887//39 895//39 894//39 886//39
f 888//39 896//39 895//39 887//39
f 890//39 898//39 897//39 889//39
f 891//39 899//39 898//39 890//39
f 892//39 900//39 899//39 891//39
f 893//39 901//39 900//39 892//39
f 894//39 902//39 901//39 893//39
f 895//39 903//39 902//39 894//39
f 896//39 904//39 903//39 895//39
f 898//39 906//39 905//39 897//39
f 899//39 907//39 906//39 898//39
f 900//39 908//39 907//39 899//39
f 901//39 909//39 908//39 900//39
f 902//39 910//39 909//39 901//39
f 903//39 911//39 910//39 902//39
f 904//39 912//39 911//39 903//39
f 906//39 914//39 913//39 905//39
f 907//39 915//39 914//39 906//39
f 908//39 916//39 915//39 907//39
f 909//39 917//39 916//39 908//39
f 910//39 918//39 917//39 909//39
f 911//39 919//39 918//39 910//39
f 912//39 920//39 919//39 911//39
f 914//39 922//39 921//39 913//39
f 915//39 923//39 922//39 914//39
f 916//39 924//39 923//39 915//39
f 917//39 925//39 924//39 916//39
f 918//39 926//39 925//39 917//39
f 919//39 927//39 926//39 918//39
f 920//39 928//39 927//39 919//39
f 857//39 929//39 872//39 800//39
f 858//39 930//39 929//39 857//39
f 859//39 931//39 930//39 858//39
f 860//39 932//39 931//39 859//39
f 861//39 933//39 932//39 860//39
f 862//39 934//39 933//39 861//39
f 863//39 935//39 934//39 862//39
f 864//39 936//39 935//39 863//39
f 929//39 937//39 880//39 872//39
f 930//39 938//39 937//39 929//39
f 931//39 939//39 938//39 930//39
f 932//39 940//39 939//39 931//39
f 933//39 941//39 940//39 932//39
f 934//39 942//39 941//39 933//39
f 935//39 943//39 942//39 934//39
f 936//39 944//39 943//39 935//39
f 937//39 945//39 888//39 880//39
f 938//39 946//39 945//39 937//39
f 939//39 947//39 946//39 938//39
f 940//39 948//39 947//39 939//39
f 941//39 949//39 948//39 940//39
f 942//39 950//39 949//39 941//39
f 943//39 951//39 950//39 942//39
f 944//39 952//39 951//39 943//39
f 945//39 953//39 896//39 888//39
f 946//39 954//39 953//39 945//39
f 947//39 955//39 954//39 946//39
f 948//39 956//39 955//39 947//39
f 949//39 957//39 956//39 948//39
f 950//39 958//39 957//39 949//39
f 951//39 959//39 958//39 950//39
f 952//39 960//39 959//39 951//39
f 953//39 961//39 904//39 896//39
f 954//39 962//39 961//39 953//39
f 955//39 963//39 962//39 954//39
f 956//39 964//39 963//39 955//39
f 957//39 965//39 964//39 956//39
f 958//39 966//39 965//39 957//39
f 959//39 967//39 966//39 958//39
f 960//39 968//39 967//39 959//39
f 961//39 969//39 912//39 904//39
f 962//39 970//39 969//39 961//39
f 963//39 971//39 970//39 962//39
f 964//39 972//39 971//39 963//39
f 965//39 973//39 972//39 964//39
f 966//39 974//39 973//39 965//39
f 967//39 975//39 974//39 966//39
f 968//39 976//39 975//39 967//39
f 969//39 977//39 920//39 912//39
f 970//39 978//39 977//39 969//39
f 971//39 979//39 978//39 970//39
f 972//39 980//39 979//39 971//39
f 973//39 981//39 980//39 972//39
f 974//39 982//39 981//39 973//39
f 975//39 983//39 982//39 974//39
f 976//39 984//39 983//39 975//39
f 977//39 985//39 928//39 920//39
f 978//39 986//39 985//39 977//39
f 979//39 987//39 986//39 978//39
f 980//39 988//39 987//39 979//39
f 981//39 989//39 988//39 980//39
f 982//39 990//39 989//39 981//39
f 983//39 991//39 990//39 982//39
f 984//39 992//39 991//39 983//39
f 922//39 994//39 993//39 921//39
f 923//39 995//39 994//39 922//39
f 924//39 996//39 995//39 923//39
f 925//39 997//39 996//39 924//39
f 926//39 998//39 997//39 925//39
f 927//39 999//39 998//39 926//39
f 928//39 1000//39 999//39 927//39
f 994//39 1002//39 1001//39 993//39
f 995//39 1003//39 1002//39 994//39
f 996//39 1004//39 1003//39 995//39
f 997//39 1005//39 1004//39 996//39
f 998//39 1006//39 1005//39 997//39
f 999//39 1007//39 1006//39 998//39
f 1000//39 1008//39 1007//39 999//39
f 1002//39 1010//39 1009//39 1001//39
f 1003//39 1011//39 1010//39 1002//39
f 1004//39 1012//39 1011//39 1003//39
f 1005//39 1013//39 1012//39 1004//39
f 1006//39 1014//39 1013//39 1005//39
f 1007//39 1015//39 1014//39 1006//39
f 1008//39 1016//39 1015//39 1007//39
f 1010//39 1018//39 1017//39 1009//39
f 1011//39 1019//39 1018//39 1010//39
f 1012//39 1020//39 1019//39 1011//39
f 1013//39 1021//39 1020//39 1012//39
f 1014//39 1022//39 1021//39 1013//39
f 1015//39 1023//39 1022//39 1014//39
f 1016//39 1024//39 1023//39 1015//39
f 1018//39 1026//39 1025//39 1017//39
f 1019//39 1027//39 1026//39 1018//39
f 1020//39 1028//39 1027//39 1019//39
f 1021//39 1029//39 1028//39 1020//39
f 1022//39 1030//39 1029//39 1021//39
f 1023//39 1031//39 1030//39 1022//39
f 1024//39 1032//39 1031//39 1023//39
f 1026//39 1034//39 1033//39 1025//39
f 1027//39 1035//39 1034//39 1026//39
f 1028//39 1036//39 1035//39 1027//39
f 1029//39 1037//39 1036//39 1028//39
f 1030//39 1038//39 1037//39 1029//39
f 1031//39 1039//39 1038//39 1030//39
f 1032//39 1040//39 1039//39 1031//39
f 1034//39 1042//39 1041//39 1033//39
f 1035//39 1043//39 1042//39 1034//39
f 1036//39 1044//39 1043//39 1035//39
f 1037//39 1045//39 1044//39 1036//39
f 1038//39 1046//39 1045//39 1037//39
f 1039//39 1047//39 1046//39 1038//39
f 1040//39 1048//39 1047//39 1039//39
f 1042//39 1050//39 1049//39 1041//39
f 1043//39 1051//39 1050//39 1042//39
f 1044//39 1052//39 1051//39 1043//39
f 1045//39 1053//39 1052//39 1044//39
f 1046//39 1054//39 1053//39 1045//39
f 1047//39 1055//39 1054//39 1046//39
f 1048//39 1056//39 1055//39 1047//39
f 985//39 1057//39 1000//39 928//39
f 986//39 1058//39 1057//39 985//39
f 987//39 1059//39 1058//39 986//39
f 988//39 1060//39 1059//39 987//39
f 989//39 1061//39 1060//39 988//39
f 990//39 1062//39 1061//39 989//39
f 991//39 1063//39 1062//39 990//39
f 992//39 1064//39 1063//39 991//39
f 1057//39 1065//39 1008//39 1000//39
f 1058//39 1066//39 1065//39 1057//39
f 1059//39 1067//39 1066//39 1058//39
f 1060//39 1068//39 1067//39 1059//39
f 1061//39 1069//39 1068//39 1060//39
f 1062//39 1070//39 1069//39 1061//39
f 1063//39 1071//39 1070//39 1062//39
f 1064//39 1072//39 1071//39 1063//39
f 1065//39 1073//39 1016//39 1008//39
f 1066//39 1074//39 1073//39 1065//39
f 1067//39 1075//39 1074//39 1066//39
f 1068//39 1076//39 1075//39 1067//39
f 1069//39 1077//39 1076//39 1068//39
f 1070//39 1078//39 1077//39 1069//39
f 1071//39 1079//39 1078//39 1070//39
f 1072//39 1080//39 1079//39 1071//39
f 1073//39 1081//39 1024//39 1016//39
f 1074//39 1082//39 1081//39 1073//39
f 1075//39 1083//39 1082//39 1074//39
f 1076//39 1084//39 1083//39 1075//39
f 1077//39 1085//39 1084//39 1076//39
f 1078//39 1086//39 1085//39 1077//39
f 1079//39 1087//39 1086//39 1078//39
f 1080//39 1088//39 1087//39 1079//39
f 1081//39 1089//39 1032//39 1024//39
f 1082//39 1090//39 1089//39 1081//39
f 1083//39 1091//39 1090//39 1082//39
f 1084//39 1092//39 1091//39 1083//39
f 1085//39 1093//39 1092//39 1084//39
f 1086//39 1094//39 1093//39 1085//39
f 1087//39 1095//39 1094//39 1086//39
f 1088//39 1096//39 1095//39 1087//39
f 1089//39 1097//39 1040//39 1032//39
f 1090//39 1098//39 1097//39 1089//39
f 1091//39 1099//39 1098//39 1090//39
f 1092//39 1100//39 1099//39 1091//39
f 1093//39 1101//39 1100//39 1092//39
f 1094//39 1102//39 1101//39 1093//39
f 1095//39 1103//39 1102//39 1094//39
f 1096//39 1104//39 1103//39 1095//39
f 1097//39 1105//39 1048//39 1040//39
f 1098//39 1106//39 1105//39 1097//39
f 1099//39 1107//39 1106//39 1098//39
f 1100//39 1108//39 1107//39 1099//39
f 1101//39 1109//39 1108//39 1100//39
f 1102//39 1110//39 1109//39 1101//39
f 1103//39 1111//39 1110//39 1102//39
f 1104//39 1112//39 1111//39 1103//39
f 1105//39 1113//39 1056//39 1048//39
f 1106//39 1114//39 1113//39 1105//39
f 1107//39 1115//39 1114//39 1106//39
f 1108//39 1116//39 1115//39 1107//39
f 1109//39 1117//39 1116//39 1108//39
f 1110//39 1118//39 1117//39 1109//39
f 1111//39 1119//39 1118//39 1110//39
f 1112//39 1120//39 1119//39 1111//39
f 1050//39 1122//39 1121//39 1049//39
f 1051//39 1123//39 1122//39 1050//39
f 1052//39 1124//39 1123//39 1051//39
f 1053//39 1125//39 1124//39 1052//39
f 1054//39 1126//39 1125//39 1053//39
f 1055//39 1127//39 1126//39 1054//39
f 1056//39 1128//39 1127//39 1055//39
f 1122//39 1130//39 1129//39 1121//39
f 1123//39 1131//39 1130//39 1122//39
f 1124//39 1132//39 1131//39 1123//39
f 1125//39 1133//39 1132//39 1124//39
f 1126//39 1134//39 1133//39 1125//39
f 1127//39 1135//39 1134//39 1126//39
f 1128//39 1136//39 1135//39 1127//39
f 1130//39 1138//39 1137//39 1129//39
f 1131//39 1139//39 1138//39 1130//39
f 1132//39 1140//39 1139//39 1131//39
f 1133//39 1141//39 1140//39 1132//39
f 1134//39 1142//39 1141//39 1133//39
f 1135//39 1143//39 1142//39 1134//39
f 1136//39 1144//39 1143//39 1135//39
f 1138//39 1146//39 1145//39 1137//39
f 1139//39 1147//39 1146//39 1138//39
f 1140//39 1148//39 1147//39 1139//39
f 1141//39 1149//39 1148//39 1140//39
f 1142//39 1150//39 1149//39 1141//39
f 1143//39 1151//39 1150//39 1142//39
f 1144//39 1152//39 1151//39 1143//39
f 1146//39 1154//39 1153//39 1145//39
f 1147//39 1155//39 1154//39 1146//39
f 1148//39 1156//39 1155//39 1147//39
f 1149//39 1157//39 1156//39 1148//39
f 1150//39 1158//39 1157//39 1149//39
f 1151//39 1159//39 1158//39 1150//39
f 1152//39 1160//39 1159//39 1151//39
f 1154//39 1162//39 1161//39 1153//39
f 1155//39 1163//39 1162//39 1154//39
f 1156//39 1164//39 1163//39 1155//39
f 1157//39 1165//39 1164//39 1156//39
f 1158//39 1166//39 1165//39 1157//39
f 1159//39 1167//39 1166//39 1158//39
f 1160//39 1168//39 1167//39 1159//39
f 1162//39 1170//39 1169//39 1161//39
f 1163//39 1171//39 1170//39 1162//39
f 1164//39 1172//39 1171//39 1163//39
f 1165//39 1173//39 1172//39 1164//39
f 1166//39 1174//39 1173//39 1165//39
f 1167//39 1175//39 1174//39 1166//39
f 1168//39 1176//39 1175//39 1167//39
f 1170//39 1178//39 1177//39 1169//39
f 1171//39 1179//39 1178//39 1170//39
f 1172//39 1180//39 1179//39 1171//39
f 1173//39 1181//39 1180//39 1172//39
f 1174//39 1182//39 1181//39 1173//39
f 1175//39 1183//39 1182//39 1174//39
f 1176//39 1184//39 1183//39 1175//39
f 1113//39 1185//39 1128//39 1056//39
f 1114//39 1186//39 1185//39 1113//39
f 1115//39 1187//39 1186//39 1114//39
f 1116//39 1188//39 1187//39 1115//39
f 1117//39 1189//39 1188//39 1116//39
f 1118//39 1190//39 1189//39 1117//39
f 1119//39 1191//39 1190//39 1118//39
f 1120//39 1192//39 1191//39 1119//39
f 1185//39 1193//39 1136//39 1128//39
f 1186//39 1194//39 1193//39 1185//39
f 1187//39 1195//39 1194//39 1186//39
f 1188//39 1196//39 1195//39 1187//39
f 1189//39 1197//39 1196//39 1188//39
f 1190//39 1198//39 1197//39 1189//39
f 1191//39 1199//39 1198//39 1190//39
f 1192//39 1200//39 1199//39 1191//39
f 1193//39 1201//39 1144//39 1136//39
f 1194//39 1202//39 1201//39 1193//39
f 1195//39 1203//39 1202//39 1194//39
f 1196//39 1204//39 1203//39 1195//39
f 1197//39 1205//39 1204//39 1196//39
f 1198//39 1206//39 1205//39 1197//39
f 1199//39 1207//39 1206//39 1198//39
f 1200//39 1208//39 1207//39 1199//39
f 1201//39 1209//39 1152//39 1144//39
f 1202//39 1210//39 1209//39 1201//39
f 1203//39 1211//39 1210//39 1202//39
f 1204//39 1212//39 1211//39 1203//39
f 1205//39 1213//39 1212//39 1204//39
f 1206//39 1214//39 1213//39 1205//39
f 1207//39 1215//39 1214//39 1206//39
f 1208//39 1216//39 1215//39 1207//39
f 1209//39 1217//39 1160//39 1152//39
f 1210//39 1218//39 1217//39 1209//39
f 1211//39 1219//39 1218//39 1210//39
f 1212//39 1220//39 1219//39 1211//39
f 1213//39 1221//39 1220//39 1212//39
f 1214//39 1222//39 1221//39 1213//39
f 1215//39 1223//39 1222//39 1214//39
f 1216//39 1224//39 1223//39 1215//39
f 1217//39 1225//39 1168//39 1160//39
f 1218//39 1226//39 1225//39 1217//39
f 1219//39 1227//39 1226//39 1218//39
f 1220//39 1228//39 1227//39 1219//39
f 1221//39 1229//39 1228//39 1220//39
f 1222//39 1230//39 1229//39 1221//39
f 1223//39 1231//39 1230//39 1222//39
f 1224//39 1232//39 1231//39 1223//39
f 1225//39 1233//39 1176//39 1168//39
f 1226//39 1234//39 1233//39 1225//39
f 1227//39 1235//39 1234//39 1226//39
f 1228//39 1236//39 1235//39 1227//39
f 1229//39 1237//39 1236//39 1228//39
f 1230//39 1238//39 1237//39 1229//39
f 1231//39 1239//39 1238//39 1230//39
f 1232//39 1240//39 1239//39 1231//39
f 1233//39 1241//39 1184//39 1176//39
f 1234//39 1242//39 1241//39 1233//39
f 1235//39 1243//39 1242//39 1234//39
f 1236//39 1244//39 1243//39 1235//39
f 1237//39 1245//39 1244//39 1236//39
f 1238//39 1246//39 1245//39 1237//39
f 1239//39 1247//39 1246//39 1238//39
f 1240//39 1248//39 1247//39 1239//39
f 1178//39 1250//39 1249//39 1177//39
f 1179//39 1251//39 1250//39 1178//39
f 1180//39 1252//39 1251//39 1179//39
f 1181//39 1253//39 1252//39 1180//39
f 1182//39 1254//39 1253//39 1181//39
f 1183//39 1255//39 1254//39 1182//39
f 1184//39 1256//39 1255//39 1183//39
f 1250//39 1258//39 1257//39 1249//39
f 1251//39 1259//39 1258//39 1250//39
f 1252//39 1260//39 1259//39 1251//39
f 1253//39 1261//39 1260//39 1252//39
f 1254//39 1262//39 1261//39 1253//39
f 1255//39 1263//39 1262//39 1254//39
f 1256//39 1264//39 1263//39 1255//39
f 1258//39 1266//39 1265//39 1257//39
f 1259//39 1267//39 1266//39 1258//39
f 1260//39 1268//39 1267//39 1259//39
f 1261//39 1269//39 1268//39 1260//39
f 1262//39 1270//39 1269//39 1261//39
f 1263//39 1271//39 1270//39 1262//39
f 1264//39 1272//39 1271//39 1263//39
f 1266//39 1274//39 1273//39 1265//39
f 1267//39 1275//39 1274//39 1266//39
f 1268//39 1276//39 1275//39 1267//39
f 1269//39 1277//39 1276//39 1268//39
f 1270//39 1278//39 1277//39 1269//39
f 1271//39 1279//39 1278//39 1270//39
f 1272//39 1280//39 1279//39 1271//39
f 1274//39 1282//39 1281//39 1273//39
f 1275//39 1283//39 1282//39 1274//39
f 1276//39 1284//39 1283//39 1275//39
f 1277//39 1285//39 1284//39 1276//39
f 1278//39 1286//39 1285//39 1277//39
f 1279//39 1287//39 1286//39 1278//39
f 1280//39 1288//39 1287//39 1279//39
f 1282//39 1290//39 1289//39 1281//39
f 1283//39 1291//39 1290//39 1282//39
f 1284//39 1292//39 1291//39 1283//39
f 1285//39 1293//39 1292//39 1284//39
f 1286//39 1294//39 1293//39 1285//39
f 1287//39 1295//39 1294//39 1286//39
f 1288//39 1296//39 1295//39 1287//39
f 1290//39 1298//39 1297//39 1289//39
f 1291//39 1299//39 1298//39 1290//39
f 1292//39 1300//39 1299//39 1291//39
f 1293//39 1301//39 1300//39 1292//39
f 1294//39 1302//39 1301//39 1293//39
f 1295//39 1303//39 1302//39 1294//39
f 1296//39 1304//39 1303//39 1295//39
f 1298//39 1306//39 1305//39 1297//39
f 1299//39 1307//39 1306//39 1298//39
f 1300//39 1308//39 1307//39 1299//39
f 1301//39 1309//39 1308//39 1300//39
f 1302//39 1310//39 1309//39 1301//39
f 1303//39 1311//39 1310//39 1302//39
f 1304//39 1312//39 1311//39 1303//39
f 1241//39 1313//39 1256//39 1184//39
f 1242//39 1314//39 1313//39 1241//39
f 1243//39 1315//39 1314//39 1242//39
f 1244//39 1316//39 1315//39 1243//39
f 1245//39 1317//39 1316//39 1244//39
f 1246//39 1318//39 1317//39 1245//39
f 1247//39 1319//39 1318//39 1246//39
f 1248//39 1320//39 1319//39 1247//39
f 1313//39 1321//39 1264//39 1256//39
f 1314//39 1322//39 1321//39 1313//39
f 1315//39 1323//39 1322//39 1314//39
f 1316//39 1324//39 1323//39 1315//39
f 1317//39 1325//39 1324//39 1316//39
f 1318//39 1326//39 1325//39 1317//39
f 1319//39 1327//39 1326//39 1318//39
f 1320//39 1328//39 1327//39 1319//39
f 1321//39 1329//39 1272//39 1264//39
f 1322//39 1330//39 1329//39 1321//39
f 1323//39 1331//39 1330//39 1322//39
f 1324//39 1332//39 1331//39 1323//39
f 1325//39 1333//39 1332//39 1324//39
f 1326//39 1334//39 1333//39 1325//39
f 1327//39 1335//39 1334//39 1326//39
f 1328//39 1336//39 1335//39 1327//39
f 1329//39 1337//39 1280//39 1272//39
f 1330//39 1338//39 1337//39 1329//39
f 1331//39 1339//39 1338//39 1330//39
f 1332//39 1340//39 1339//39 1331//39
f 1333//39 1341//39 1340//39 1332//39
f 1334//39 1342//39 1341//39 1333//39
f 1335//39 1343//39 1342//39 1334//39
f 1336//39 1344//39 1343//39 1335//39
f 1337//39 1345//39 1288//39 1280//39
f 1338//39 1346//39 1345//39 1337//39
f 1339//39 1347//39 1346//39 1338//39
f 1340//39 1348//39 1347//39 1339//39
f 1341//39 1349//39 1348//39 1340//39
f 1342//39 1350//39 1349//39 1341//39
f 1343//39 1351//39 1350//39 1342//39
f 1344//39 1352//39 1351//39 1343//39
f 1345//39 1353//39 1296//39 1288//39
f 1346//39 1354//39 1353//39 1345//39
f 1347//39 1355//39 1354//39 1346//39
f 1348//39 1356//39 1355//39 1347//39
f 1349//39 1357//39 1356//39 1348//39
f 1350//39 1358//39 1357//39 1349//39
f 1351//39 1359//39 1358//39 1350//39
f 1352//39 1360//39 1359//39 1351//39
f 1353//39 1361//39 1304//39 1296//39
f 1354//39 1362//39 1361//39 1353//39
f 1355//39 1363//39 1362//39 1354//39
f 1356//39 1364//39 1363//39 1355//39
f 1357//39 1365//39 1364//39 1356//39
f 1358//39 1366//39 1365//39 1357//39
f 1359//39 1367//39 1366//39 1358//39
f 1360//39 1368//39 1367//39 1359//39
f 1361//39 1369//39 1312//39 1304//39
f 1362//39 1370//39 1369//39 1361//39
f 1363//39 1371//39 1370//39 1362//39
f 1364//39 1372//39 1371//39 1363//39
f 1365//39 1373//39 1372//39 1364//39
f 1366//39 1374//39 1373//39 1365//39
f 1367//39 1375//39 1374//39 1366//39
f 1368//39 1376//39 1375//39 1367//39
f 1569//6 720//6 48//6 1574//6
f 1570//6 728//6 720//6 1569//6
f 1571//6 736//6 728//6 1570//6
f 1571//39 1561//39 808//39 736//39
f 1561//39 1562//39 816//39 808//39
f 1562//39 1563//39 824//39 816//39
f 1563//39 1564//39 832//39 824//39
f 1564//39 1565//39 840//39 832//39
f 1565//39 1566//39 848//39 840//39
f 1566//39 1567//39 856//39 848//39
f 1567//39 1568//39 864//39 856//39
f 1568//39 1537//39 936//39 864//39
f 1537//39 1538//39 944//39 936//39
f 1538//39 1539//39 952//39 944//39
f 1539//39 1540//39 960//39 952//39
f 1540//39 1541//39 968//39 960//39
f 1541//39 1542//39 976//39 968//39
f 1542//39 1543//39 984//39 976//39
f 1543//39 1544//39 992//39 984//39
f 1544//39 1505//39 1064//39 992//39
f 1505//39 1506//39 1072//39 1064//39
f 1506//39 1507//39 1080//39 1072//39
f 1507//39 1508//39 1088//39 1080//39
f 1508//39 1509//39 1096//39 1088//39
f 1509//39 1510//39 1104//39 1096//39
f 1510//39 1511//39 1112//39 1104//39
f 1511//39 1512//39 1120//39 1112//39
f 1512//39 1521//39 1192//39 1120//39
f 1521//39 1522//39 1200//39 1192//39
f 1522//39 1523//39 1208//39 1200//39
f 1523//39 1524//39 1216//39 1208//39
f 1524//39 1525//39 1224//39 1216//39
f 1525//39 1526//39 1232//39 1224//39
f 1526//39 1527//39 1240//39 1232//39
f 1527//39 1528//39 1248//39 1240//39
f 1528//39 1575//39 1320//39 1248//39
f 1575//39 1576//39 1328//39 1320//39
f 1576//39 1577//39 1336//39 1328//39
f 1577//39 1578//39 1344//39 1336//39
f 1578//39 1579//39 1352//39 1344//39
f 1579//39 1580//39 1360//39 1352//39
f 1580//39 1581//39 1368//39 1360//39
f 1581//39 1582//39 1376//39 1368//39
f 1385//18 618//18 617//18 1381//18
f 1389//18 619//18 618//18 1385//18
f 1393//18 620//18 619//18 1389//18
f 1397//18 621//18 620//18 1393//18
f 1401//18 622//18 621//18 1397//18
f 1405//18 623//18 622//18 1401//18
f 1377//18 624//18 623//18 1405//18
f 1382//18 681//18 624//18 1377//18
f 1386//18 682//18 681//18 1382//18
f 1390//18 683//18 682//18 1386//18
f 1394//18 684//18 683//18 1390//18
f 1398//18 685//18 684//18 1394//18
f 1402//18 686//18 685//18 1398//18
f 1406//18 687//18 686//18 1402//18
f 1378//18 688//18 687//18 1406//18
f 1584//18 1504//18 688//18 1378//18
f 1582//39 1583//39 1408//39 1376//39
f 1376//39 1408//39 1404//39 1375//39
f 1312//39 1407//39 1403//39 1311//39
f 1375//39 1404//39 1400//39 1374//39
f 1311//39 1403//39 1399//39 1310//39
f 1374//39 1400//39 1396//39 1373//39
f 1310//39 1399//39 1395//39 1309//39
f 1373//39 1396//39 1392//39 1372//39
f 1309//39 1395//39 1391//39 1308//39
f 1372//39 1392//39 1388//39 1371//39
f 1308//39 1391//39 1387//39 1307//39
f 1371//39 1388//39 1384//39 1370//39
f 1307//39 1387//39 1383//39 1306//39
f 1369//39 1380//39 1407//39 1312//39
f 1370//39 1384//39 1380//39 1369//39
f 1306//39 1383//39 1379//39 1305//39
f 1583//42 1584//42 1378//42 1406//42 1402//42 1398//42 1394//42 1390//42 1386//42 1382//42 1377//42 1405//42 1401//42 1397//42 1393//42 1389//42 1385//42 1381//42 1496//42 1495//42 1379//42 1383//42 1387//42 1391//42 1395//42 1399//42 1403//42 1407//42 1380//42 1384//42 1388//42 1392//42 1396//42 1400//42 1404//42 1408//42
f 1305//39 1379//39 1495//39 1494//39
f 1297//39 1305//39 1494//39 1493//39
f 1289//39 1297//39 1493//39 1492//39
f 1281//39 1289//39 1492//39 1491//39
f 1273//39 1281//39 1491//39 1490//39
f 1265//39 1273//39 1490//39 1489//39
f 1257//39 1265//39 1489//39 1488//39
f 1249//39 1257//39 1488//39 1487//39
f 697//43 1484//43 1483//43 689//43
f 105//18 97//18 1479//18 1482//18
f 97//18 89//18 1478//18 1479//18
f 81//18 73//18 1481//18 1477//18
f 89//18 81//18 1477//18 1478//18
f 177//18 105//18 1482//18 1475//18
f 705//44 737//44 1474//44 1484//44 697//44
f 881//39 889//39 1486//39 1473//39
f 745//45 753//45 1472//45 1480//45
f 233//18 225//18 1470//18 1471//18
f 225//18 217//18 1469//18 1470//18
f 201//18 193//18 1468//18 1476//18
f 913//39 921//39 1465//39 1464//39
f 905//39 913//39 1464//39 1463//39
f 865//39 873//39 1462//39 1485//39
f 873//39 881//39 1473//39 1462//39
f 793//39 865//39 1485//39 1461//39
f 753//46 761//46 1460//46 1472//46
f 489//18 481//18 1458//18 1459//18
f 481//18 473//18 1457//18 1458//18
f 473//18 465//18 1456//18 1457//18
f 465//18 457//18 1455//18 1456//18
f 457//18 449//18 1454//18 1455//18
f 449//18 441//18 1453//18 1454//18
f 441//18 433//18 1452//18 1453//18
f 1177//39 1249//39 1487//39 1451//39
f 1169//39 1177//39 1451//39 1450//39
f 1161//39 1169//39 1450//39 1449//39
f 1153//39 1161//39 1449//39 1448//39
f 1145//39 1153//39 1448//39 1447//39
f 1137//39 1145//39 1447//39 1446//39
f 1129//39 1137//39 1446//39 1445//39
f 1121//39 1129//39 1445//39 1444//39
f 889//39 897//39 1443//39 1486//39
f 897//39 905//39 1463//39 1443//39
f 785//39 793//39 1461//39 1442//39
f 761//39 769//39 1441//39 1460//39
f 737//47 1440//47 1474//47
f 737//48 745//48 1480//48 1440//48
f 433//18 361//18 1439//18 1452//18
f 361//18 353//18 1438//18 1439//18
f 353//18 345//18 1437//18 1438//18
f 345//18 337//18 1436//18 1437//18
f 337//18 329//18 1435//18 1436//18
f 329//18 321//18 1434//18 1435//18
f 321//18 313//18 1433//18 1434//18
f 305//18 233//18 1471//18 1432//18
f 313//18 305//18 1432//18 1433//18
f 209//18 201//18 1476//18 1431//18
f 217//18 209//18 1431//18 1469//18
f 65//49 57//49 1467//49 1430//49
f 73//50 65//50 1430//50 1481//50
f 1049//39 1121//39 1444//39 1429//39
f 1041//39 1049//39 1429//39 1428//39
f 1033//39 1041//39 1428//39 1427//39
f 1025//39 1033//39 1427//39 1426//39
f 1017//39 1025//39 1426//39 1425//39
f 1009//39 1017//39 1425//39 1424//39
f 1001//39 1009//39 1424//39 1423//39
f 921//39 993//39 1422//39 1465//39
f 993//39 1001//39 1423//39 1422//39
f 769//39 777//39 1421//39 1441//39
f 777//39 785//39 1442//39 1421//39
f 1381//18 617//18 1420//18 1496//18
f 617//18 609//18 1419//18 1420//18
f 609//18 601//18 1418//18 1419//18
f 601//18 593//18 1417//18 1418//18
f 593//18 585//18 1416//18 1417//18
f 585//18 577//18 1415//18 1416//18
f 577//18 569//18 1414//18 1415//18
f 561//18 489//18 1459//18 1413//18
f 569//18 561//18 1413//18 1414//18
f 185//18 177//18 1475//18 1412//18
f 193//18 185//18 1412//18 1468//18
f 689//51 1483//51 1411//51 17//51
f 9//52 1410//52 1466//52 49//52 1//52
f 17//53 1411//53 1410//53 9//53
f 57//54 49//54 1409//54 1467//54
