# Blender 4.5.2 LTS
# www.blender.org
mtllib DeckStarboardRear.mtl
o exact_from_image_slab.001
v 2.399475 0.074358 2.093004
v 2.439877 0.029412 2.020617
v 2.408536 0.029231 2.114696
v 2.379045 0.123463 2.031335
v 2.362081 0.123189 2.168468
v 2.350795 0.123059 2.274169
v 2.392132 0.106296 2.069855
v 2.381924 0.090457 2.152985
v 2.351290 0.088437 2.281033
v 2.382985 0.029567 2.188938
v 2.351774 0.030109 2.279628
v 2.314738 0.123500 2.023968
v 2.313885 0.123486 2.172723
v 2.312713 0.123285 2.320233
v 2.325879 0.088341 2.354870
v 2.325832 0.030428 2.355006
v 2.253872 0.123500 2.024992
v 2.253598 0.123500 2.174340
v 2.252734 0.123500 2.322711
v 2.192125 0.123500 2.025000
v 2.192124 0.123500 2.174999
v 2.191964 0.123500 2.324612
v 2.130375 0.123500 2.025000
v 2.130375 0.123500 2.175000
v 2.130375 0.123500 2.325000
v 2.068625 0.123500 2.025000
v 2.068625 0.123500 2.175000
v 2.068625 0.123500 2.325000
v 2.006875 0.123500 2.025000
v 2.006875 0.123500 2.175000
v 2.006875 0.123500 2.325000
v 2.287913 0.118671 2.465057
v 2.269280 0.108732 2.529341
v 2.292931 0.088442 2.450567
v 2.268314 0.088804 2.536717
v 2.294936 0.030351 2.444779
v 2.267186 0.030248 2.544671
v 2.251785 0.123500 2.471920
v 2.249430 0.123500 2.606636
v 2.258638 0.088684 2.622469
v 2.257627 0.030186 2.629435
v 2.191391 0.123500 2.473993
v 2.190661 0.123500 2.624244
v 2.190212 0.123500 2.774551
v 2.130375 0.123500 2.475000
v 2.130375 0.123500 2.625000
v 2.130346 0.123500 2.774930
v 2.129889 0.123500 2.923300
v 2.128826 0.123500 3.070982
v 2.068625 0.123500 2.475000
v 2.068625 0.123500 2.625000
v 2.068625 0.123500 2.775000
v 2.068489 0.123500 2.924670
v 2.067895 0.123500 3.073602
v 2.066973 0.123500 3.220753
v 2.006875 0.123500 2.475000
v 2.006875 0.123500 2.625000
v 2.006875 0.123500 2.775000
v 2.006875 0.123500 2.925000
v 2.006817 0.123500 3.074859
v 2.006275 0.123500 3.223036
v 2.005264 0.123500 3.370577
v 1.996617 0.119212 3.498083
v 1.998492 0.088309 3.503242
v 1.968747 0.113427 3.582319
v 1.971516 0.089719 3.588552
v 1.971675 0.030093 3.588177
v 1.945125 0.123500 2.025000
v 1.945125 0.123500 2.175000
v 1.945125 0.123500 2.325000
v 1.883375 0.123500 2.025000
v 1.883375 0.123500 2.175000
v 1.883375 0.123500 2.325000
v 1.821625 0.123500 2.025000
v 1.821625 0.123500 2.175000
v 1.821625 0.123500 2.325000
v 1.759875 0.123500 2.025000
v 1.759875 0.123500 2.175000
v 1.759875 0.123500 2.325000
v 1.698125 0.123500 2.025000
v 1.698125 0.123500 2.175000
v 1.698125 0.123500 2.325000
v 1.636375 0.123500 2.025000
v 1.636375 0.123500 2.175000
v 1.636375 0.123500 2.325000
v 1.574625 0.123500 2.025000
v 1.574625 0.123500 2.175000
v 1.574625 0.123500 2.325000
v 1.512875 0.123500 2.025000
v 1.512875 0.123500 2.175000
v 1.512875 0.123500 2.325000
v 1.945125 0.123500 2.475000
v 1.945125 0.123500 2.625000
v 1.945125 0.123500 2.775000
v 1.945125 0.123500 2.925000
v 1.945125 0.123500 3.075000
v 1.944962 0.123500 3.224605
v 1.944251 0.123500 3.373070
v 1.943311 0.123500 3.520591
v 1.883375 0.123500 2.475000
v 1.883375 0.123500 2.625000
v 1.883375 0.123500 2.775000
v 1.883375 0.123500 2.925000
v 1.883375 0.123500 3.075000
v 1.883375 0.123500 3.225000
v 1.883253 0.123500 3.374702
v 1.882580 0.123500 3.522874
v 1.821625 0.123500 2.475000
v 1.821625 0.123500 2.625000
v 1.821625 0.123500 2.775000
v 1.821625 0.123500 2.925000
v 1.821625 0.123500 3.075000
v 1.821625 0.123500 3.225000
v 1.821625 0.123500 3.375000
v 1.821462 0.123500 3.524604
v 1.759875 0.123500 2.475000
v 1.759875 0.123500 2.625000
v 1.759875 0.123500 2.775000
v 1.759875 0.123500 2.925000
v 1.759875 0.123500 3.075000
v 1.759875 0.123500 3.225000
v 1.759875 0.123500 3.375000
v 1.759875 0.123500 3.525000
v 1.698125 0.123500 2.475000
v 1.698125 0.123500 2.625000
v 1.698125 0.123500 2.775000
v 1.698125 0.123500 2.925000
v 1.698125 0.123500 3.075000
v 1.698125 0.123500 3.225000
v 1.698125 0.123500 3.375000
v 1.698125 0.123500 3.525000
v 1.636375 0.123500 2.475000
v 1.636375 0.123500 2.625000
v 1.636375 0.123500 2.775000
v 1.636375 0.123500 2.925000
v 1.636375 0.123500 3.075000
v 1.636375 0.123500 3.225000
v 1.636375 0.123500 3.375000
v 1.636375 0.123500 3.525000
v 1.574625 0.123500 2.475000
v 1.574625 0.123500 2.625000
v 1.574625 0.123500 2.775000
v 1.574625 0.123500 2.925000
v 1.574625 0.123500 3.075000
v 1.574625 0.123500 3.225000
v 1.574625 0.123500 3.375000
v 1.574625 0.123500 3.525000
v 1.512875 0.123500 2.475000
v 1.512875 0.123500 2.625000
v 1.512875 0.123500 2.775000
v 1.512875 0.123500 2.925000
v 1.512875 0.123500 3.075000
v 1.512875 0.123500 3.225000
v 1.512875 0.123500 3.375000
v 1.512875 0.123500 3.525000
v 1.934016 0.119232 3.650138
v 1.902287 0.108566 3.725267
v 1.939320 0.089358 3.662491
v 1.904318 0.087831 3.734095
v 1.940933 0.029953 3.663512
v 1.907828 0.029684 3.747122
v 1.881527 0.123500 3.671333
v 1.876883 0.122371 3.802425
v 1.853274 0.119726 3.909847
v 1.882066 0.087842 3.813577
v 1.856269 0.088867 3.928565
v 1.885119 0.029863 3.828228
v 1.854831 0.029860 3.936405
v 1.820855 0.123500 3.673819
v 1.819892 0.123500 3.821870
v 1.815850 0.122683 3.964095
v 1.787453 0.109115 4.056974
v 1.834271 0.089488 4.009719
v 1.791529 0.083660 4.098639
v 1.777513 0.066984 4.186504
v 1.833859 0.029530 4.011307
v 1.808849 0.029346 4.100629
v 1.781863 0.029526 4.197012
v 1.759855 0.123500 3.674950
v 1.759496 0.123500 3.823930
v 1.758504 0.123500 3.971956
v 1.758160 0.123500 4.121045
v 1.739489 0.123500 4.269160
v 1.731288 0.122740 4.371327
v 1.768893 0.100329 4.155468
v 1.757192 0.085615 4.245999
v 1.730201 0.088492 4.380622
v 1.760984 0.029822 4.271584
v 1.729767 0.030139 4.383077
v 1.698125 0.123500 3.675000
v 1.698074 0.123500 3.824876
v 1.697713 0.123500 3.974246
v 1.697030 0.123500 4.124054
v 1.696242 0.123500 4.272809
v 1.694613 0.123500 4.418872
v 1.675943 0.123500 4.541216
v 1.709224 0.088558 4.456240
v 1.674200 0.091888 4.568066
v 1.655063 0.077582 4.635930
v 1.708986 0.030214 4.457295
v 1.683070 0.030119 4.549857
v 1.636375 0.123500 3.675000
v 1.636375 0.123500 3.825000
v 1.636375 0.123500 3.975000
v 1.636375 0.123500 4.125000
v 1.636104 0.123500 4.274342
v 1.635228 0.123500 4.422394
v 1.638402 0.123500 4.582503
v 1.619560 0.122342 4.717013
v 1.652432 0.109305 4.624197
v 1.636648 0.091210 4.692347
v 1.574625 0.123500 3.675000
v 1.574625 0.123500 3.825000
v 1.574625 0.123500 3.975000
v 1.574625 0.123500 4.125000
v 1.574625 0.123500 4.275000
v 1.574370 0.123500 4.424381
v 1.573712 0.123500 4.573716
v 1.572850 0.123500 4.721857
v 1.512875 0.123500 3.675000
v 1.512875 0.123500 3.825000
v 1.512875 0.123500 3.975000
v 1.512875 0.123500 4.125000
v 1.512875 0.123500 4.275000
v 1.512875 0.123500 4.425000
v 1.512840 0.123500 4.574915
v 1.512437 0.123500 4.723783
v 1.604185 0.118319 4.803966
v 1.567694 0.122203 4.861196
v 1.538966 0.109685 4.951385
v 1.542312 0.082165 4.996449
v 1.511411 0.123500 4.871826
v 1.510091 0.123258 5.017446
v 1.489459 0.121827 5.168182
v 1.519924 0.097039 5.049232
v 1.451125 0.123500 2.025000
v 1.451125 0.123500 2.175000
v 1.451125 0.123500 2.325000
v 1.389375 0.123500 2.025000
v 1.389375 0.123500 2.175000
v 1.389375 0.123500 2.325000
v 1.327625 0.123500 2.025000
v 1.327625 0.123500 2.175000
v 1.327625 0.123500 2.325000
v 1.265875 0.123500 2.025000
v 1.265875 0.123500 2.175000
v 1.265875 0.123500 2.325000
v 1.204125 0.123500 2.025000
v 1.204125 0.123500 2.175000
v 1.204125 0.123500 2.325000
v 1.142375 0.123500 2.025000
v 1.142375 0.123500 2.175000
v 1.142375 0.123500 2.325000
v 1.080625 0.123500 2.025000
v 1.080625 0.123500 2.175000
v 1.080625 0.123500 2.325000
v 1.018875 0.123500 2.025000
v 1.018875 0.123500 2.175000
v 1.018875 0.123500 2.325000
v 1.451125 0.123500 2.475000
v 1.451125 0.123500 2.625000
v 1.451125 0.123500 2.775000
v 1.451125 0.123500 2.925000
v 1.451125 0.123500 3.075000
v 1.451125 0.123500 3.225000
v 1.451125 0.123500 3.375000
v 1.451125 0.123500 3.525000
v 1.389375 0.123500 2.475000
v 1.389375 0.123500 2.625000
v 1.389375 0.123500 2.775000
v 1.389375 0.123500 2.925000
v 1.389375 0.123500 3.075000
v 1.389375 0.123500 3.225000
v 1.389375 0.123500 3.375000
v 1.389375 0.123500 3.525000
v 1.327625 0.123500 2.475000
v 1.327625 0.123500 2.625000
v 1.327625 0.123500 2.775000
v 1.327625 0.123500 2.925000
v 1.327625 0.123500 3.075000
v 1.327625 0.123500 3.225000
v 1.327625 0.123500 3.375000
v 1.327625 0.123500 3.525000
v 1.265875 0.123500 2.475000
v 1.265875 0.123500 2.625000
v 1.265875 0.123500 2.775000
v 1.265875 0.123500 2.925000
v 1.265875 0.123500 3.075000
v 1.265875 0.123500 3.225000
v 1.265875 0.123500 3.375000
v 1.265875 0.123500 3.525000
v 1.204125 0.123500 2.475000
v 1.204125 0.123500 2.625000
v 1.204125 0.123500 2.775000
v 1.204125 0.123500 2.925000
v 1.204125 0.123500 3.075000
v 1.204125 0.123500 3.225000
v 1.204125 0.123500 3.375000
v 1.204125 0.123500 3.525000
v 1.142375 0.123500 2.475000
v 1.142375 0.123500 2.625000
v 1.142375 0.123500 2.775000
v 1.142375 0.123500 2.925000
v 1.142375 0.123500 3.075000
v 1.142375 0.123500 3.225000
v 1.142375 0.123500 3.375000
v 1.142375 0.123500 3.525000
v 1.080625 0.123500 2.475000
v 1.080625 0.123500 2.625000
v 1.080625 0.123500 2.775000
v 1.080625 0.123500 2.925000
v 1.080625 0.123500 3.075000
v 1.080625 0.123500 3.225000
v 1.080625 0.123500 3.375000
v 1.080625 0.123500 3.525000
v 1.018875 0.123500 2.475000
v 1.018875 0.123500 2.625000
v 1.018875 0.123500 2.775000
v 1.018875 0.123500 2.925000
v 1.018875 0.123500 3.075000
v 1.018875 0.123500 3.225000
v 1.018875 0.123500 3.375000
v 1.018875 0.123500 3.525000
v 1.451125 0.123500 3.675000
v 1.451125 0.123500 3.825000
v 1.451125 0.123500 3.975000
v 1.451125 0.123500 4.125000
v 1.451125 0.123500 4.275000
v 1.451125 0.123500 4.425000
v 1.451125 0.123500 4.575000
v 1.451059 0.123500 4.724839
v 1.389375 0.123500 3.675000
v 1.389375 0.123500 3.825000
v 1.389375 0.123500 3.975000
v 1.389375 0.123500 4.125000
v 1.389375 0.123500 4.275000
v 1.389375 0.123500 4.425000
v 1.389375 0.123500 4.575000
v 1.389375 0.123500 4.725000
v 1.327625 0.123500 3.675000
v 1.327625 0.123500 3.825000
v 1.327625 0.123500 3.975000
v 1.327625 0.123500 4.125000
v 1.327625 0.123500 4.275000
v 1.327625 0.123500 4.425000
v 1.327625 0.123500 4.575000
v 1.327625 0.123500 4.725000
v 1.265875 0.123500 3.675000
v 1.265875 0.123500 3.825000
v 1.265875 0.123500 3.975000
v 1.265875 0.123500 4.125000
v 1.265875 0.123500 4.275000
v 1.265875 0.123500 4.425000
v 1.265875 0.123500 4.575000
v 1.265875 0.123500 4.725000
v 1.204125 0.123500 3.675000
v 1.204125 0.123500 3.825000
v 1.204125 0.123500 3.975000
v 1.204125 0.123500 4.125000
v 1.204125 0.123500 4.275000
v 1.204125 0.123500 4.425000
v 1.204125 0.123500 4.575000
v 1.204125 0.123500 4.725000
v 1.142375 0.123500 3.675000
v 1.142375 0.123500 3.825000
v 1.142375 0.123500 3.975000
v 1.142375 0.123500 4.125000
v 1.142375 0.123500 4.275000
v 1.142375 0.123500 4.425000
v 1.142375 0.123500 4.575000
v 1.142375 0.123500 4.725000
v 1.080625 0.123500 3.675000
v 1.080625 0.123500 3.825000
v 1.080625 0.123500 3.975000
v 1.080625 0.123500 4.125000
v 1.080625 0.123500 4.275000
v 1.080625 0.123500 4.425000
v 1.080625 0.123500 4.575000
v 1.080625 0.123500 4.725000
v 1.018875 0.123500 3.675000
v 1.018875 0.123500 3.825000
v 1.018875 0.123500 3.975000
v 1.018875 0.123500 4.125000
v 1.018875 0.123500 4.275000
v 1.018875 0.123500 4.425000
v 1.018875 0.123500 4.575000
v 1.018875 0.123500 4.725000
v 1.450663 0.123500 4.874187
v 1.449942 0.123499 5.023917
v 1.449141 0.123289 5.172678
v 1.446174 0.122305 5.314982
v 1.389372 0.123500 4.874994
v 1.389350 0.123499 5.024946
v 1.389042 0.123499 5.174284
v 1.388147 0.123499 5.322389
v 1.390507 0.123499 5.480389
v 1.327625 0.123500 4.875000
v 1.327624 0.123499 5.024998
v 1.327619 0.123499 5.174992
v 1.327358 0.123499 5.324374
v 1.326670 0.123499 5.473555
v 1.325831 0.123499 5.621460
v 1.319239 0.121221 5.757234
v 1.292469 0.112163 5.833433
v 1.265875 0.123500 4.875000
v 1.265875 0.123500 5.025000
v 1.265875 0.123500 5.175000
v 1.265875 0.123499 5.325000
v 1.265819 0.123499 5.474865
v 1.265361 0.123499 5.623380
v 1.264650 0.123499 5.770110
v 1.262518 0.119127 5.875825
v 1.255116 0.089562 5.931376
v 1.263541 0.029927 5.944331
v 1.204125 0.123500 4.875000
v 1.204125 0.123500 5.025000
v 1.204125 0.123500 5.175000
v 1.204125 0.123499 5.325000
v 1.204125 0.123499 5.475000
v 1.204027 0.123499 5.624594
v 1.203764 0.123499 5.771060
v 1.202507 0.116467 5.904696
v 1.201898 0.106419 5.962961
v 1.142375 0.123500 4.875000
v 1.142375 0.123500 5.025000
v 1.142375 0.123500 5.175000
v 1.142375 0.123500 5.325000
v 1.142375 0.123499 5.475000
v 1.142370 0.123499 5.624845
v 1.142355 0.123499 5.771481
v 1.142211 0.116453 5.908976
v 1.142123 0.107540 5.963866
v 1.080625 0.123500 4.875000
v 1.080625 0.123500 5.025000
v 1.080625 0.123500 5.175000
v 1.080625 0.123500 5.325000
v 1.080625 0.123499 5.475000
v 1.080624 0.123499 5.624861
v 1.080641 0.123499 5.771456
v 1.080439 0.116349 5.911667
v 1.080256 0.109406 5.964802
v 1.018875 0.123500 4.875000
v 1.018875 0.123500 5.025000
v 1.018875 0.123500 5.175000
v 1.018875 0.123500 5.325000
v 1.018875 0.123500 5.475000
v 1.018874 0.123499 5.624866
v 1.018857 0.123499 5.771438
v 1.014848 0.115252 5.925293
v 1.032677 0.110857 5.965522
v 1.233694 0.074497 5.962480
v 1.235516 0.030322 5.962452
v 1.202716 0.082452 5.962948
v 1.203510 0.030526 5.962936
v 1.142239 0.084658 5.963864
v 1.142238 0.030449 5.963863
v 1.080472 0.087277 5.964799
v 1.080497 0.030414 5.964798
v 0.991699 0.111515 5.964931
v 1.014837 0.094358 5.965792
v 1.018731 0.030391 5.965733
v 0.957125 0.123500 2.025000
v 0.957125 0.123500 2.175000
v 0.957125 0.123500 2.325000
v 0.895375 0.123500 2.025000
v 0.895375 0.123500 2.175000
v 0.895375 0.123500 2.325000
v 0.833625 0.123500 2.025000
v 0.833625 0.123500 2.175000
v 0.833625 0.123500 2.325000
v 0.771875 0.123500 2.025000
v 0.771875 0.123500 2.175000
v 0.771875 0.123500 2.325000
v 0.710125 0.123500 2.025000
v 0.710125 0.123500 2.175000
v 0.710125 0.123500 2.325000
v 0.648375 0.123500 2.025000
v 0.648375 0.123500 2.175000
v 0.648375 0.123500 2.325000
v 0.586625 0.123500 2.025000
v 0.586625 0.123500 2.175000
v 0.586625 0.123500 2.325000
v 0.524875 0.123500 2.025000
v 0.524875 0.123500 2.175000
v 0.524875 0.123500 2.325000
v 0.957125 0.123500 2.475000
v 0.957125 0.123500 2.625000
v 0.957125 0.123500 2.775000
v 0.957125 0.123500 2.925000
v 0.957125 0.123500 3.075000
v 0.957125 0.123500 3.225000
v 0.957125 0.123500 3.375000
v 0.957125 0.123500 3.525000
v 0.895375 0.123500 2.475000
v 0.895375 0.123500 2.625000
v 0.895375 0.123500 2.775000
v 0.895375 0.123500 2.925000
v 0.895375 0.123500 3.075000
v 0.895375 0.123500 3.225000
v 0.895375 0.123500 3.375000
v 0.895375 0.123500 3.525000
v 0.833625 0.123500 2.475000
v 0.833625 0.123500 2.625000
v 0.833625 0.123500 2.775000
v 0.833625 0.123500 2.925000
v 0.833625 0.123500 3.075000
v 0.833625 0.123500 3.225000
v 0.833625 0.123500 3.375000
v 0.833625 0.123500 3.525000
v 0.771875 0.123500 2.475000
v 0.771875 0.123500 2.625000
v 0.771875 0.123500 2.775000
v 0.771875 0.123500 2.925000
v 0.771875 0.123500 3.075000
v 0.771875 0.123500 3.225000
v 0.771875 0.123500 3.375000
v 0.771875 0.123500 3.525000
v 0.710125 0.123500 2.475000
v 0.710125 0.123500 2.625000
v 0.710125 0.123500 2.775000
v 0.710125 0.123500 2.925000
v 0.710125 0.123500 3.075000
v 0.710125 0.123500 3.225000
v 0.710125 0.123500 3.375000
v 0.710125 0.123500 3.525000
v 0.648375 0.123500 2.475000
v 0.648375 0.123500 2.625000
v 0.648375 0.123500 2.775000
v 0.648375 0.123500 2.925000
v 0.648375 0.123500 3.075000
v 0.648375 0.123500 3.225000
v 0.648375 0.123500 3.375000
v 0.648375 0.123500 3.525000
v 0.586625 0.123500 2.475000
v 0.586625 0.123500 2.625000
v 0.586625 0.123500 2.775000
v 0.586625 0.123500 2.925000
v 0.586625 0.123500 3.075000
v 0.586625 0.123500 3.225000
v 0.586625 0.123500 3.375000
v 0.586625 0.123500 3.525000
v 0.524875 0.123500 2.475000
v 0.524875 0.123500 2.625000
v 0.524875 0.123500 2.775000
v 0.524875 0.123500 2.925000
v 0.524875 0.123500 3.075000
v 0.524875 0.123500 3.225000
v 0.524875 0.123500 3.375000
v 0.524875 0.123500 3.525000
v 0.957125 0.123500 3.675000
v 0.957125 0.123500 3.825000
v 0.957125 0.123500 3.975000
v 0.957125 0.123500 4.125000
v 0.957125 0.123500 4.275000
v 0.957125 0.123500 4.425000
v 0.957125 0.123500 4.575000
v 0.957125 0.123500 4.725000
v 0.895375 0.123500 3.675000
v 0.895375 0.123500 3.825000
v 0.895375 0.123500 3.975000
v 0.895375 0.123500 4.125000
v 0.895375 0.123500 4.275000
v 0.895375 0.123500 4.425000
v 0.895375 0.123500 4.575000
v 0.895375 0.123500 4.725000
v 0.833625 0.123500 3.675000
v 0.833625 0.123500 3.825000
v 0.833625 0.123500 3.975000
v 0.833625 0.123500 4.125000
v 0.833625 0.123500 4.275000
v 0.833625 0.123500 4.425000
v 0.833625 0.123500 4.575000
v 0.833625 0.123500 4.725000
v 0.771875 0.123500 3.675000
v 0.771875 0.123500 3.825000
v 0.771875 0.123500 3.975000
v 0.771875 0.123500 4.125000
v 0.771875 0.123500 4.275000
v 0.771875 0.123500 4.425000
v 0.771875 0.123500 4.575000
v 0.771875 0.123500 4.725000
v 0.710125 0.123500 3.675000
v 0.710125 0.123500 3.825000
v 0.710125 0.123500 3.975000
v 0.710125 0.123500 4.125000
v 0.710125 0.123500 4.275000
v 0.710125 0.123500 4.425000
v 0.710125 0.123500 4.575000
v 0.710125 0.123500 4.725000
v 0.648375 0.123500 3.675000
v 0.648375 0.123500 3.825000
v 0.648375 0.123500 3.975000
v 0.648375 0.123500 4.125000
v 0.648375 0.123500 4.275000
v 0.648375 0.123500 4.425000
v 0.648375 0.123500 4.575000
v 0.648375 0.123500 4.725000
v 0.586625 0.123500 3.675000
v 0.586625 0.123500 3.825000
v 0.586625 0.123500 3.975000
v 0.586625 0.123500 4.125000
v 0.586625 0.123500 4.275000
v 0.586625 0.123500 4.425000
v 0.586625 0.123500 4.575000
v 0.586625 0.123500 4.725000
v 0.524875 0.123500 3.675000
v 0.524875 0.123500 3.825000
v 0.524875 0.123500 3.975000
v 0.524875 0.123500 4.125000
v 0.524875 0.123500 4.275000
v 0.524875 0.123500 4.425000
v 0.524875 0.123500 4.575000
v 0.524875 0.123500 4.725000
v 0.957125 0.123500 4.875000
v 0.957125 0.123500 5.025000
v 0.957125 0.123500 5.175000
v 0.957125 0.123500 5.325000
v 0.957125 0.123500 5.475000
v 0.957124 0.123499 5.624871
v 0.957069 0.123499 5.771598
v 0.957024 0.116374 5.916516
v 0.895375 0.123500 4.875000
v 0.895375 0.123500 5.025000
v 0.895375 0.123500 5.175000
v 0.895375 0.123500 5.325000
v 0.895375 0.123500 5.475000
v 0.895374 0.123499 5.624876
v 0.895347 0.123499 5.771789
v 0.895299 0.116569 5.916574
v 0.833625 0.123500 4.875000
v 0.833625 0.123500 5.025000
v 0.833625 0.123500 5.175000
v 0.833625 0.123500 5.325000
v 0.833625 0.123500 5.475000
v 0.833624 0.123500 5.624880
v 0.833598 0.123499 5.771910
v 0.833550 0.116836 5.916695
v 0.771875 0.123500 4.875000
v 0.771875 0.123500 5.025000
v 0.771875 0.123500 5.175000
v 0.771875 0.123500 5.325000
v 0.771875 0.123500 5.475000
v 0.771874 0.123500 5.624884
v 0.771848 0.123500 5.772029
v 0.771801 0.117028 5.916780
v 0.710125 0.123500 4.875000
v 0.710125 0.123500 5.025000
v 0.710125 0.123500 5.175000
v 0.710125 0.123500 5.325000
v 0.710125 0.123500 5.475000
v 0.710124 0.123500 5.624888
v 0.710099 0.123500 5.772146
v 0.710052 0.117288 5.916900
v 0.648375 0.123500 4.875000
v 0.648375 0.123500 5.025000
v 0.648375 0.123500 5.175000
v 0.648375 0.123500 5.325000
v 0.648375 0.123500 5.475000
v 0.648374 0.123500 5.624893
v 0.648349 0.123500 5.772261
v 0.648303 0.117478 5.916986
v 0.586625 0.123500 4.875000
v 0.586625 0.123500 5.025000
v 0.586625 0.123500 5.175000
v 0.586625 0.123500 5.325000
v 0.586625 0.123500 5.475000
v 0.586624 0.123500 5.624897
v 0.586600 0.123500 5.772374
v 0.586554 0.117733 5.917104
v 0.524875 0.123500 4.875000
v 0.524875 0.123500 5.025000
v 0.524875 0.123500 5.175000
v 0.524875 0.123500 5.325000
v 0.524875 0.123500 5.475000
v 0.524874 0.123500 5.624901
v 0.524850 0.123500 5.772485
v 0.524805 0.117922 5.917192
v 0.956969 0.111685 5.965511
v 0.956981 0.091386 5.966667
v 0.956963 0.030407 5.966668
v 0.895220 0.111985 5.966497
v 0.895240 0.091340 5.967602
v 0.895224 0.030435 5.967602
v 0.833473 0.112291 5.967512
v 0.833491 0.091295 5.968536
v 0.833476 0.030453 5.968536
v 0.771727 0.112594 5.968511
v 0.771742 0.091251 5.969471
v 0.771728 0.030471 5.969471
v 0.709980 0.112904 5.969520
v 0.709993 0.091209 5.970405
v 0.709980 0.030489 5.970406
v 0.648233 0.113212 5.970513
v 0.648245 0.091168 5.971340
v 0.648232 0.030506 5.971340
v 0.586487 0.113525 5.971515
v 0.586496 0.091129 5.972274
v 0.586484 0.030523 5.972274
v 0.524740 0.113837 5.972503
v 0.524747 0.091091 5.973208
v 0.524736 0.030540 5.973208
v 0.463125 0.123500 2.025000
v 0.463125 0.123500 2.175000
v 0.463125 0.123500 2.325000
v 0.401375 0.123500 2.025000
v 0.401375 0.123500 2.175000
v 0.401375 0.123500 2.325000
v 0.339625 0.123500 2.025000
v 0.339625 0.123500 2.175000
v 0.339625 0.123500 2.325000
v 0.277875 0.123500 2.025000
v 0.277875 0.123500 2.175000
v 0.277875 0.123500 2.325000
v 0.216125 0.123500 2.025000
v 0.216125 0.123500 2.175000
v 0.216125 0.123500 2.325000
v 0.154375 0.123500 2.025000
v 0.154375 0.123500 2.175000
v 0.154375 0.123500 2.325000
v 0.092625 0.123500 2.025000
v 0.092625 0.123500 2.175000
v 0.092625 0.123500 2.325000
v 0.030875 0.123500 2.025000
v 0.030875 0.123500 2.175000
v 0.030875 0.123500 2.325000
v 0.463125 0.123500 2.475000
v 0.463125 0.123500 2.625000
v 0.463125 0.123500 2.775000
v 0.463125 0.123500 2.925000
v 0.463125 0.123500 3.075000
v 0.463125 0.123500 3.225000
v 0.463125 0.123500 3.375000
v 0.463125 0.123500 3.525000
v 0.401375 0.123500 2.475000
v 0.401375 0.123500 2.625000
v 0.401375 0.123500 2.775000
v 0.401375 0.123500 2.925000
v 0.401375 0.123500 3.075000
v 0.401375 0.123500 3.225000
v 0.401375 0.123500 3.375000
v 0.401375 0.123500 3.525000
v 0.339625 0.123500 2.475000
v 0.339625 0.123500 2.625000
v 0.339625 0.123500 2.775000
v 0.339625 0.123500 2.925000
v 0.339625 0.123500 3.075000
v 0.339625 0.123500 3.225000
v 0.339625 0.123500 3.375000
v 0.339625 0.123500 3.525000
v 0.277875 0.123500 2.475000
v 0.277875 0.123500 2.625000
v 0.277875 0.123500 2.775000
v 0.277875 0.123500 2.925000
v 0.277875 0.123500 3.075000
v 0.277875 0.123500 3.225000
v 0.277875 0.123500 3.375000
v 0.277875 0.123500 3.525000
v 0.216125 0.123500 2.475000
v 0.216125 0.123500 2.625000
v 0.216125 0.123500 2.775000
v 0.216125 0.123500 2.925000
v 0.216125 0.123500 3.075000
v 0.216125 0.123500 3.225000
v 0.216125 0.123500 3.375000
v 0.216125 0.123500 3.525000
v 0.154375 0.123500 2.475000
v 0.154375 0.123500 2.625000
v 0.154375 0.123500 2.775000
v 0.154375 0.123500 2.925000
v 0.154375 0.123500 3.075000
v 0.154375 0.123500 3.225000
v 0.154375 0.123500 3.375000
v 0.154375 0.123500 3.525000
v 0.092625 0.123500 2.475000
v 0.092625 0.123500 2.625000
v 0.092625 0.123500 2.775000
v 0.092625 0.123500 2.925000
v 0.092625 0.123500 3.075000
v 0.092625 0.123500 3.225000
v 0.092625 0.123500 3.375000
v 0.092625 0.123500 3.525000
v 0.030875 0.123500 2.475000
v 0.030875 0.123500 2.625000
v 0.030875 0.123500 2.775000
v 0.030875 0.123500 2.925000
v 0.030875 0.123500 3.075000
v 0.030875 0.123500 3.225000
v 0.030875 0.123500 3.375000
v 0.030875 0.123500 3.525000
v 0.463125 0.123500 3.675000
v 0.463125 0.123500 3.825000
v 0.463125 0.123500 3.975000
v 0.463125 0.123500 4.125000
v 0.463125 0.123500 4.275000
v 0.463125 0.123500 4.425000
v 0.463125 0.123500 4.575000
v 0.463125 0.123500 4.725000
v 0.401375 0.123500 3.675000
v 0.401375 0.123500 3.825000
v 0.401375 0.123500 3.975000
v 0.401375 0.123500 4.125000
v 0.401375 0.123500 4.275000
v 0.401375 0.123500 4.425000
v 0.401375 0.123500 4.575000
v 0.401375 0.123500 4.725000
v 0.339625 0.123500 3.675000
v 0.339625 0.123500 3.825000
v 0.339625 0.123500 3.975000
v 0.339625 0.123500 4.125000
v 0.339625 0.123500 4.275000
v 0.339625 0.123500 4.425000
v 0.339625 0.123500 4.575000
v 0.339625 0.123500 4.725000
v 0.277875 0.123500 3.675000
v 0.277875 0.123500 3.825000
v 0.277875 0.123500 3.975000
v 0.277875 0.123500 4.125000
v 0.277875 0.123500 4.275000
v 0.277875 0.123500 4.425000
v 0.277875 0.123500 4.575000
v 0.277875 0.123500 4.725000
v 0.216125 0.123500 3.675000
v 0.216125 0.123500 3.825000
v 0.216125 0.123500 3.975000
v 0.216125 0.123500 4.125000
v 0.216125 0.123500 4.275000
v 0.216125 0.123500 4.425000
v 0.216125 0.123500 4.575000
v 0.216125 0.123500 4.725000
v 0.154375 0.123500 3.675000
v 0.154375 0.123500 3.825000
v 0.154375 0.123500 3.975000
v 0.154375 0.123500 4.125000
v 0.154375 0.123500 4.275000
v 0.154375 0.123500 4.425000
v 0.154375 0.123500 4.575000
v 0.154375 0.123500 4.725000
v 0.092625 0.123500 3.675000
v 0.092625 0.123500 3.825000
v 0.092625 0.123500 3.975000
v 0.092625 0.123500 4.125000
v 0.092625 0.123500 4.275000
v 0.092625 0.123500 4.425000
v 0.092625 0.123500 4.575000
v 0.092625 0.123500 4.725000
v 0.030875 0.123500 3.675000
v 0.030875 0.123500 3.825000
v 0.030875 0.123500 3.975000
v 0.030875 0.123500 4.125000
v 0.030875 0.123500 4.275000
v 0.030875 0.123500 4.425000
v 0.030875 0.123500 4.575000
v 0.030875 0.123500 4.725000
v 0.463125 0.123500 4.875000
v 0.463125 0.123500 5.025000
v 0.463125 0.123500 5.175000
v 0.463125 0.123500 5.325000
v 0.463125 0.123500 5.475000
v 0.463124 0.123500 5.624905
v 0.463101 0.123500 5.772593
v 0.463056 0.118170 5.917309
v 0.401375 0.123500 4.875000
v 0.401375 0.123500 5.025000
v 0.401375 0.123500 5.175000
v 0.401375 0.123500 5.325000
v 0.401375 0.123500 5.475000
v 0.401374 0.123500 5.624909
v 0.401351 0.123500 5.772701
v 0.401307 0.118358 5.917398
v 0.339625 0.123500 4.875000
v 0.339625 0.123500 5.025000
v 0.339625 0.123500 5.175000
v 0.339625 0.123500 5.325000
v 0.339625 0.123500 5.475000
v 0.339624 0.123500 5.624913
v 0.339602 0.123500 5.772807
v 0.339558 0.118600 5.917513
v 0.277875 0.123500 4.875000
v 0.277875 0.123500 5.025000
v 0.277875 0.123500 5.175000
v 0.277875 0.123500 5.325000
v 0.277875 0.123500 5.475000
v 0.277874 0.123500 5.624917
v 0.277852 0.123500 5.772910
v 0.277809 0.118788 5.917603
v 0.216125 0.123500 4.875000
v 0.216125 0.123500 5.025000
v 0.216125 0.123500 5.175000
v 0.216125 0.123500 5.325000
v 0.216125 0.123500 5.475000
v 0.216124 0.123500 5.624921
v 0.216102 0.123500 5.773012
v 0.216060 0.119024 5.917715
v 0.154375 0.123500 4.875000
v 0.154375 0.123500 5.025000
v 0.154375 0.123500 5.175000
v 0.154375 0.123500 5.325000
v 0.154375 0.123500 5.475000
v 0.154374 0.123500 5.624925
v 0.154353 0.123500 5.773112
v 0.154311 0.119210 5.917806
v 0.092625 0.123500 4.875000
v 0.092625 0.123500 5.025000
v 0.092625 0.123500 5.175000
v 0.092625 0.123500 5.325000
v 0.092625 0.123500 5.475000
v 0.092624 0.123500 5.624929
v 0.092603 0.123500 5.773211
v 0.092562 0.119441 5.917915
v 0.030875 0.123500 4.875000
v 0.030875 0.123500 5.025000
v 0.030875 0.123500 5.175000
v 0.030875 0.123500 5.325000
v 0.030875 0.123500 5.475000
v 0.030874 0.123500 5.624932
v 0.030853 0.123500 5.773308
v 0.030813 0.119627 5.918007
v 0.462993 0.114154 5.973499
v 0.462998 0.091054 5.974143
v 0.462989 0.030556 5.974143
v 0.401246 0.114470 5.974483
v 0.401250 0.091019 5.975078
v 0.401241 0.030572 5.975078
v 0.339500 0.114791 5.975473
v 0.339501 0.090986 5.976012
v 0.339493 0.030587 5.976012
v 0.277753 0.115111 5.976453
v 0.277753 0.090953 5.976947
v 0.277745 0.030603 5.976947
v 0.216006 0.115435 5.977437
v 0.216004 0.090922 5.977881
v 0.215997 0.030618 5.977881
v 0.154259 0.115758 5.978413
v 0.154256 0.090892 5.978816
v 0.154249 0.030632 5.978816
v 0.092512 0.116085 5.979390
v 0.092507 0.090863 5.979750
v 0.092501 0.030646 5.979750
v 0.030765 0.116412 5.980361
v 0.030758 0.090836 5.980684
v 0.030753 0.030660 5.980684
v 2.440099 -0.029452 2.019818
v 2.408313 -0.029419 2.115344
v 2.405626 -0.088563 2.103568
v 2.407510 -0.109135 2.007473
v 2.396756 -0.109565 2.080623
v 2.382710 -0.029793 2.189736
v 2.352055 -0.029995 2.278812
v 2.385746 -0.089477 2.180917
v 2.353074 -0.088758 2.275851
v 2.375286 -0.123371 2.021729
v 2.372726 -0.123126 2.153200
v 2.348719 -0.118899 2.260208
v 2.325887 -0.029972 2.354846
v 2.326016 -0.089064 2.354473
v 2.314831 -0.123360 2.023795
v 2.313891 -0.123299 2.172111
v 2.305404 -0.111319 2.305418
v 2.253849 -0.123500 2.024929
v 2.253513 -0.123500 2.174073
v 2.252603 -0.123500 2.322620
v 2.192121 -0.123500 2.024991
v 2.192083 -0.123500 2.174918
v 2.191863 -0.123500 2.324546
v 2.130375 -0.123500 2.025000
v 2.130375 -0.123500 2.175000
v 2.130375 -0.123500 2.325000
v 2.068625 -0.123500 2.025000
v 2.068625 -0.123500 2.175000
v 2.068625 -0.123500 2.325000
v 2.006875 -0.123500 2.025000
v 2.006875 -0.123500 2.175000
v 2.006875 -0.123500 2.325000
v 2.294770 -0.029902 2.445262
v 2.267186 -0.030071 2.544669
v 2.291494 -0.088592 2.454697
v 2.267848 -0.088658 2.537088
v 2.284520 -0.117601 2.465893
v 2.268780 -0.108705 2.530945
v 2.257667 -0.030140 2.629084
v 2.256883 -0.088273 2.620184
v 2.251782 -0.123500 2.472377
v 2.249384 -0.123500 2.606674
v 2.191298 -0.123500 2.474076
v 2.190630 -0.123500 2.624305
v 2.190215 -0.123500 2.774522
v 2.130375 -0.123500 2.475000
v 2.130373 -0.123500 2.624995
v 2.130339 -0.123500 2.774905
v 2.129882 -0.123500 2.923211
v 2.128879 -0.123500 3.070957
v 2.068625 -0.123500 2.475000
v 2.068625 -0.123500 2.624999
v 2.068621 -0.123500 2.774992
v 2.068470 -0.123500 2.924594
v 2.067863 -0.123500 3.073422
v 2.066576 -0.119023 3.219661
v 2.006875 -0.123500 2.475000
v 2.006875 -0.123500 2.625000
v 2.006875 -0.123500 2.775000
v 2.006867 -0.123500 2.924974
v 2.006773 -0.123500 3.074749
v 2.006211 -0.123500 3.222876
v 2.005341 -0.123500 3.370675
v 1.995405 -0.116969 3.495667
v 1.971719 -0.029991 3.588081
v 1.971543 -0.089756 3.588442
v 1.966180 -0.110202 3.576176
v 1.945125 -0.123500 2.025000
v 1.945125 -0.123500 2.175000
v 1.945125 -0.123500 2.325000
v 1.883375 -0.123500 2.025000
v 1.883375 -0.123500 2.175000
v 1.883375 -0.123500 2.325000
v 1.821625 -0.123500 2.025000
v 1.821625 -0.123500 2.175000
v 1.821625 -0.123500 2.325000
v 1.759875 -0.123500 2.025000
v 1.759875 -0.123500 2.175000
v 1.759875 -0.123500 2.325000
v 1.698125 -0.123500 2.025000
v 1.698125 -0.123500 2.175000
v 1.698125 -0.123500 2.325000
v 1.636375 -0.123500 2.025000
v 1.636375 -0.123500 2.175000
v 1.636375 -0.123500 2.325000
v 1.574625 -0.123500 2.025000
v 1.574625 -0.123500 2.175000
v 1.574625 -0.123500 2.325000
v 1.512875 -0.123500 2.025000
v 1.512875 -0.123500 2.175000
v 1.512875 -0.123500 2.325000
v 1.945125 -0.123500 2.475000
v 1.945125 -0.123500 2.625000
v 1.945125 -0.123500 2.775000
v 1.945124 -0.123500 2.924997
v 1.945114 -0.123500 3.074979
v 1.944920 -0.123500 3.224471
v 1.944197 -0.123500 3.372804
v 1.942477 -0.115974 3.518671
v 1.883375 -0.123500 2.475000
v 1.883375 -0.123500 2.625000
v 1.883375 -0.123500 2.775000
v 1.883375 -0.123500 2.925000
v 1.883375 -0.123500 3.075000
v 1.883360 -0.123500 3.224955
v 1.883179 -0.123500 3.374523
v 1.882474 -0.123500 3.522827
v 1.821625 -0.123500 2.475000
v 1.821625 -0.123500 2.625000
v 1.821625 -0.123500 2.775000
v 1.821625 -0.123500 2.925000
v 1.821625 -0.123500 3.075000
v 1.821623 -0.123500 3.224996
v 1.821606 -0.123500 3.374964
v 1.821418 -0.123500 3.524552
v 1.759875 -0.123500 2.475000
v 1.759875 -0.123500 2.625000
v 1.759875 -0.123500 2.775000
v 1.759875 -0.123500 2.925000
v 1.759875 -0.123500 3.075000
v 1.759875 -0.123500 3.225000
v 1.759875 -0.123500 3.375000
v 1.759871 -0.123500 3.524986
v 1.698125 -0.123500 2.475000
v 1.698125 -0.123500 2.625000
v 1.698125 -0.123500 2.775000
v 1.698125 -0.123500 2.925000
v 1.698125 -0.123500 3.075000
v 1.698125 -0.123500 3.225000
v 1.698125 -0.123500 3.375000
v 1.698124 -0.123500 3.524998
v 1.636375 -0.123500 2.475000
v 1.636375 -0.123500 2.625000
v 1.636375 -0.123500 2.775000
v 1.636375 -0.123500 2.925000
v 1.636375 -0.123500 3.075000
v 1.636375 -0.123500 3.225000
v 1.636375 -0.123500 3.375000
v 1.636375 -0.123500 3.525000
v 1.574625 -0.123500 2.475000
v 1.574625 -0.123500 2.625000
v 1.574625 -0.123500 2.775000
v 1.574625 -0.123500 2.925000
v 1.574625 -0.123500 3.075000
v 1.574625 -0.123500 3.225000
v 1.574625 -0.123500 3.375000
v 1.574625 -0.123500 3.525000
v 1.512875 -0.123500 2.475000
v 1.512875 -0.123500 2.625000
v 1.512875 -0.123500 2.775000
v 1.512875 -0.123500 2.925000
v 1.512875 -0.123500 3.075000
v 1.512875 -0.123500 3.225000
v 1.512875 -0.123500 3.375000
v 1.512875 -0.123500 3.525000
v 1.940915 -0.029893 3.663554
v 1.907747 -0.029694 3.747413
v 1.936257 -0.088399 3.654091
v 1.904443 -0.087843 3.735002
v 1.933065 -0.116978 3.647074
v 1.902358 -0.108455 3.725832
v 1.885183 -0.029846 3.828001
v 1.855097 -0.029735 3.935454
v 1.885737 -0.088910 3.820507
v 1.857336 -0.089162 3.927458
v 1.881542 -0.123500 3.671516
v 1.876233 -0.121360 3.801836
v 1.852452 -0.118663 3.905736
v 1.833853 -0.029406 4.011327
v 1.808805 -0.029378 4.100789
v 1.781664 -0.029729 4.197723
v 1.822574 -0.084454 3.986251
v 1.792628 -0.086088 4.104820
v 1.782186 -0.070928 4.195411
v 1.820810 -0.123500 3.673728
v 1.819659 -0.121184 3.821404
v 1.814737 -0.121096 3.961294
v 1.786941 -0.109844 4.063014
v 1.760735 -0.029991 4.272471
v 1.729880 -0.030086 4.382671
v 1.774409 -0.106146 4.165454
v 1.764997 -0.090019 4.256275
v 1.731032 -0.088538 4.378146
v 1.759826 -0.123500 3.674886
v 1.759434 -0.123500 3.823868
v 1.758451 -0.123500 3.972060
v 1.759102 -0.123500 4.123411
v 1.740965 -0.123500 4.269001
v 1.729291 -0.119435 4.363534
v 1.708990 -0.030011 4.457281
v 1.683031 -0.029977 4.549997
v 1.709223 -0.088901 4.456449
v 1.671803 -0.091482 4.567119
v 1.655534 -0.077988 4.637715
v 1.698120 -0.123500 3.674992
v 1.698060 -0.123500 3.824861
v 1.697696 -0.123500 3.974255
v 1.697028 -0.123500 4.123980
v 1.696293 -0.123500 4.272503
v 1.689004 -0.112599 4.407885
v 1.670367 -0.117101 4.536647
v 1.652719 -0.109714 4.625274
v 1.639335 -0.092425 4.697234
v 1.636375 -0.123500 3.675000
v 1.636375 -0.123500 3.825000
v 1.636375 -0.123500 3.975000
v 1.636361 -0.123500 4.124950
v 1.636038 -0.123500 4.274102
v 1.635135 -0.123500 4.422299
v 1.638632 -0.123500 4.582951
v 1.618342 -0.119968 4.715378
v 1.574625 -0.123500 3.675000
v 1.574625 -0.123500 3.825000
v 1.574625 -0.123500 3.975000
v 1.574622 -0.123500 4.124993
v 1.574588 -0.123500 4.274925
v 1.574281 -0.123500 4.424291
v 1.573623 -0.123500 4.573622
v 1.572504 -0.120266 4.721285
v 1.512875 -0.123500 3.675000
v 1.512875 -0.123500 3.825000
v 1.512875 -0.123500 3.975000
v 1.512875 -0.123500 4.125000
v 1.512875 -0.123500 4.275000
v 1.512868 -0.123500 4.424979
v 1.512802 -0.123500 4.574831
v 1.512365 -0.123500 4.723723
v 1.603124 -0.116969 4.800076
v 1.573691 -0.085089 4.879838
v 1.543758 -0.084207 5.001486
v 1.566563 -0.120177 4.858241
v 1.538674 -0.110124 4.955202
v 1.526098 -0.103038 5.059601
v 1.511373 -0.123501 4.871900
v 1.510458 -0.122758 5.018654
v 1.490101 -0.121403 5.167938
v 1.451125 -0.123500 2.025000
v 1.451125 -0.123500 2.175000
v 1.451125 -0.123500 2.325000
v 1.389375 -0.123500 2.025000
v 1.389375 -0.123500 2.175000
v 1.389375 -0.123500 2.325000
v 1.327625 -0.123500 2.025000
v 1.327625 -0.123500 2.175000
v 1.327625 -0.123500 2.325000
v 1.265875 -0.123500 2.025000
v 1.265875 -0.123500 2.175000
v 1.265875 -0.123500 2.325000
v 1.204125 -0.123500 2.025000
v 1.204125 -0.123500 2.175000
v 1.204125 -0.123500 2.325000
v 1.142375 -0.123500 2.025000
v 1.142375 -0.123500 2.175000
v 1.142375 -0.123500 2.325000
v 1.080625 -0.123500 2.025000
v 1.080625 -0.123500 2.175000
v 1.080625 -0.123500 2.325000
v 1.018875 -0.123500 2.025000
v 1.018875 -0.123500 2.175000
v 1.018875 -0.123500 2.325000
v 1.451125 -0.123500 2.475000
v 1.451125 -0.123500 2.625000
v 1.451125 -0.123500 2.775000
v 1.451125 -0.123500 2.925000
v 1.451125 -0.123500 3.075000
v 1.451125 -0.123500 3.225000
v 1.451125 -0.123500 3.375000
v 1.451125 -0.123500 3.525000
v 1.389375 -0.123500 2.475000
v 1.389375 -0.123500 2.625000
v 1.389375 -0.123500 2.775000
v 1.389375 -0.123500 2.925000
v 1.389375 -0.123500 3.075000
v 1.389375 -0.123500 3.225000
v 1.389375 -0.123500 3.375000
v 1.389375 -0.123500 3.525000
v 1.327625 -0.123500 2.475000
v 1.327625 -0.123500 2.625000
v 1.327625 -0.123500 2.775000
v 1.327625 -0.123500 2.925000
v 1.327625 -0.123500 3.075000
v 1.327625 -0.123500 3.225000
v 1.327625 -0.123500 3.375000
v 1.327625 -0.123500 3.525000
v 1.265875 -0.123500 2.475000
v 1.265875 -0.123500 2.625000
v 1.265875 -0.123500 2.775000
v 1.265875 -0.123500 2.925000
v 1.265875 -0.123500 3.075000
v 1.265875 -0.123500 3.225000
v 1.265875 -0.123500 3.375000
v 1.265875 -0.123500 3.525000
v 1.204125 -0.123500 2.475000
v 1.204125 -0.123500 2.625000
v 1.204125 -0.123500 2.775000
v 1.204125 -0.123500 2.925000
v 1.204125 -0.123500 3.075000
v 1.204125 -0.123500 3.225000
v 1.204125 -0.123500 3.375000
v 1.204125 -0.123500 3.525000
v 1.142375 -0.123500 2.475000
v 1.142375 -0.123500 2.625000
v 1.142375 -0.123500 2.775000
v 1.142375 -0.123500 2.925000
v 1.142375 -0.123500 3.075000
v 1.142375 -0.123500 3.225000
v 1.142375 -0.123500 3.375000
v 1.142375 -0.123500 3.525000
v 1.080625 -0.123500 2.475000
v 1.080625 -0.123500 2.625000
v 1.080625 -0.123500 2.775000
v 1.080625 -0.123500 2.925000
v 1.080625 -0.123500 3.075000
v 1.080625 -0.123500 3.225000
v 1.080625 -0.123500 3.375000
v 1.080625 -0.123500 3.525000
v 1.018875 -0.123500 2.475000
v 1.018875 -0.123500 2.625000
v 1.018875 -0.123500 2.775000
v 1.018875 -0.123500 2.925000
v 1.018875 -0.123500 3.075000
v 1.018875 -0.123500 3.225000
v 1.018875 -0.123500 3.375000
v 1.018875 -0.123500 3.525000
v 1.451125 -0.123500 3.675000
v 1.451125 -0.123500 3.825000
v 1.451125 -0.123500 3.975000
v 1.451125 -0.123500 4.125000
v 1.451125 -0.123500 4.275000
v 1.451124 -0.123500 4.424998
v 1.451118 -0.123500 4.574987
v 1.451039 -0.123500 4.724817
v 1.389375 -0.123500 3.675000
v 1.389375 -0.123500 3.825000
v 1.389375 -0.123500 3.975000
v 1.389375 -0.123500 4.125000
v 1.389375 -0.123500 4.275000
v 1.389375 -0.123500 4.425000
v 1.389375 -0.123500 4.575000
v 1.389374 -0.123500 4.724998
v 1.327625 -0.123500 3.675000
v 1.327625 -0.123500 3.825000
v 1.327625 -0.123500 3.975000
v 1.327625 -0.123500 4.125000
v 1.327625 -0.123500 4.275000
v 1.327625 -0.123500 4.425000
v 1.327625 -0.123500 4.575000
v 1.327625 -0.123500 4.725000
v 1.265875 -0.123500 3.675000
v 1.265875 -0.123500 3.825000
v 1.265875 -0.123500 3.975000
v 1.265875 -0.123500 4.125000
v 1.265875 -0.123500 4.275000
v 1.265875 -0.123500 4.425000
v 1.265875 -0.123500 4.575000
v 1.265875 -0.123500 4.725000
v 1.204125 -0.123500 3.675000
v 1.204125 -0.123500 3.825000
v 1.204125 -0.123500 3.975000
v 1.204125 -0.123500 4.125000
v 1.204125 -0.123500 4.275000
v 1.204125 -0.123500 4.425000
v 1.204125 -0.123500 4.575000
v 1.204125 -0.123500 4.725000
v 1.142375 -0.123500 3.675000
v 1.142375 -0.123500 3.825000
v 1.142375 -0.123500 3.975000
v 1.142375 -0.123500 4.125000
v 1.142375 -0.123500 4.275000
v 1.142375 -0.123500 4.425000
v 1.142375 -0.123500 4.575000
v 1.142375 -0.123500 4.725000
v 1.080625 -0.123500 3.675000
v 1.080625 -0.123500 3.825000
v 1.080625 -0.123500 3.975000
v 1.080625 -0.123500 4.125000
v 1.080625 -0.123500 4.275000
v 1.080625 -0.123500 4.425000
v 1.080625 -0.123500 4.575000
v 1.080625 -0.123500 4.725000
v 1.018875 -0.123500 3.675000
v 1.018875 -0.123500 3.825000
v 1.018875 -0.123500 3.975000
v 1.018875 -0.123500 4.125000
v 1.018875 -0.123500 4.275000
v 1.018875 -0.123500 4.425000
v 1.018875 -0.123500 4.575000
v 1.018875 -0.123500 4.725000
v 1.450637 -0.123500 4.874139
v 1.449877 -0.122759 5.023730
v 1.449084 -0.122314 5.172293
v 1.440231 -0.111672 5.303385
v 1.389362 -0.123500 4.874968
v 1.389306 -0.123500 5.024868
v 1.388941 -0.123501 5.174046
v 1.388034 -0.123501 5.322284
v 1.390647 -0.123501 5.480368
v 1.327624 -0.123500 4.874998
v 1.327618 -0.123500 5.024988
v 1.327577 -0.123501 5.174912
v 1.327259 -0.123501 5.324259
v 1.326575 -0.123501 5.473450
v 1.325377 -0.119185 5.620656
v 1.318165 -0.119172 5.754170
v 1.291579 -0.111524 5.832952
v 1.263574 -0.029908 5.944291
v 1.258036 -0.092307 5.945550
v 1.265875 -0.123500 4.875000
v 1.265875 -0.123500 5.025000
v 1.265875 -0.123501 5.175000
v 1.265865 -0.123501 5.324969
v 1.265771 -0.123501 5.474758
v 1.265280 -0.123501 5.623337
v 1.264599 -0.123501 5.770267
v 1.262519 -0.119222 5.876245
v 1.201894 -0.106418 5.962961
v 1.204125 -0.123500 4.875000
v 1.204125 -0.123500 5.025000
v 1.204125 -0.123500 5.175000
v 1.204124 -0.123501 5.324997
v 1.204114 -0.123501 5.474980
v 1.204000 -0.123501 5.624580
v 1.203736 -0.123501 5.771076
v 1.202547 -0.116979 5.905206
v 1.142125 -0.107543 5.963866
v 1.142375 -0.123500 4.875000
v 1.142375 -0.123500 5.025000
v 1.142375 -0.123500 5.175000
v 1.142375 -0.123501 5.325000
v 1.142375 -0.123501 5.475000
v 1.142371 -0.123501 5.624847
v 1.142359 -0.123501 5.771483
v 1.142214 -0.116359 5.908903
v 1.080257 -0.109406 5.964802
v 1.080625 -0.123500 4.875000
v 1.080625 -0.123500 5.025000
v 1.080625 -0.123500 5.175000
v 1.080625 -0.123501 5.325000
v 1.080625 -0.123501 5.475000
v 1.080624 -0.123501 5.624858
v 1.080642 -0.123501 5.771455
v 1.080438 -0.116250 5.911605
v 1.032677 -0.110855 5.965522
v 1.018875 -0.123500 4.875000
v 1.018875 -0.123500 5.025000
v 1.018875 -0.123500 5.175000
v 1.018875 -0.123500 5.325000
v 1.018875 -0.123501 5.475000
v 1.018874 -0.123501 5.624863
v 1.018857 -0.123501 5.771437
v 1.014845 -0.115045 5.925117
v 1.235509 -0.030317 5.962452
v 1.233680 -0.074498 5.962480
v 1.203511 -0.030527 5.962936
v 1.202714 -0.082452 5.962948
v 1.142238 -0.030450 5.963863
v 1.142239 -0.084660 5.963864
v 1.080497 -0.030416 5.964798
v 1.080472 -0.087278 5.964799
v 1.018731 -0.030392 5.965733
v 1.014837 -0.094359 5.965792
v 0.991699 -0.111510 5.964922
v 0.957125 -0.123500 2.025000
v 0.957125 -0.123500 2.175000
v 0.957125 -0.123500 2.325000
v 0.895375 -0.123500 2.025000
v 0.895375 -0.123500 2.175000
v 0.895375 -0.123500 2.325000
v 0.833625 -0.123500 2.025000
v 0.833625 -0.123500 2.175000
v 0.833625 -0.123500 2.325000
v 0.771875 -0.123500 2.025000
v 0.771875 -0.123500 2.175000
v 0.771875 -0.123500 2.325000
v 0.710125 -0.123500 2.025000
v 0.710125 -0.123500 2.175000
v 0.710125 -0.123500 2.325000
v 0.648375 -0.123500 2.025000
v 0.648375 -0.123500 2.175000
v 0.648375 -0.123500 2.325000
v 0.586625 -0.123500 2.025000
v 0.586625 -0.123500 2.175000
v 0.586625 -0.123500 2.325000
v 0.524875 -0.123500 2.025000
v 0.524875 -0.123500 2.175000
v 0.524875 -0.123500 2.325000
v 0.957125 -0.123500 2.475000
v 0.957125 -0.123500 2.625000
v 0.957125 -0.123500 2.775000
v 0.957125 -0.123500 2.925000
v 0.957125 -0.123500 3.075000
v 0.957125 -0.123500 3.225000
v 0.957125 -0.123500 3.375000
v 0.957125 -0.123500 3.525000
v 0.895375 -0.123500 2.475000
v 0.895375 -0.123500 2.625000
v 0.895375 -0.123500 2.775000
v 0.895375 -0.123500 2.925000
v 0.895375 -0.123500 3.075000
v 0.895375 -0.123500 3.225000
v 0.895375 -0.123500 3.375000
v 0.895375 -0.123500 3.525000
v 0.833625 -0.123500 2.475000
v 0.833625 -0.123500 2.625000
v 0.833625 -0.123500 2.775000
v 0.833625 -0.123500 2.925000
v 0.833625 -0.123500 3.075000
v 0.833625 -0.123500 3.225000
v 0.833625 -0.123500 3.375000
v 0.833625 -0.123500 3.525000
v 0.771875 -0.123500 2.475000
v 0.771875 -0.123500 2.625000
v 0.771875 -0.123500 2.775000
v 0.771875 -0.123500 2.925000
v 0.771875 -0.123500 3.075000
v 0.771875 -0.123500 3.225000
v 0.771875 -0.123500 3.375000
v 0.771875 -0.123500 3.525000
v 0.710125 -0.123500 2.475000
v 0.710125 -0.123500 2.625000
v 0.710125 -0.123500 2.775000
v 0.710125 -0.123500 2.925000
v 0.710125 -0.123500 3.075000
v 0.710125 -0.123500 3.225000
v 0.710125 -0.123500 3.375000
v 0.710125 -0.123500 3.525000
v 0.648375 -0.123500 2.475000
v 0.648375 -0.123500 2.625000
v 0.648375 -0.123500 2.775000
v 0.648375 -0.123500 2.925000
v 0.648375 -0.123500 3.075000
v 0.648375 -0.123500 3.225000
v 0.648375 -0.123500 3.375000
v 0.648375 -0.123500 3.525000
v 0.586625 -0.123500 2.475000
v 0.586625 -0.123500 2.625000
v 0.586625 -0.123500 2.775000
v 0.586625 -0.123500 2.925000
v 0.586625 -0.123500 3.075000
v 0.586625 -0.123500 3.225000
v 0.586625 -0.123500 3.375000
v 0.586625 -0.123500 3.525000
v 0.524875 -0.123500 2.475000
v 0.524875 -0.123500 2.625000
v 0.524875 -0.123500 2.775000
v 0.524875 -0.123500 2.925000
v 0.524875 -0.123500 3.075000
v 0.524875 -0.123500 3.225000
v 0.524875 -0.123500 3.375000
v 0.524875 -0.123500 3.525000
v 0.957125 -0.123500 3.675000
v 0.957125 -0.123500 3.825000
v 0.957125 -0.123500 3.975000
v 0.957125 -0.123500 4.125000
v 0.957125 -0.123500 4.275000
v 0.957125 -0.123500 4.425000
v 0.957125 -0.123500 4.575000
v 0.957125 -0.123500 4.725000
v 0.895375 -0.123500 3.675000
v 0.895375 -0.123500 3.825000
v 0.895375 -0.123500 3.975000
v 0.895375 -0.123500 4.125000
v 0.895375 -0.123500 4.275000
v 0.895375 -0.123500 4.425000
v 0.895375 -0.123500 4.575000
v 0.895375 -0.123500 4.725000
v 0.833625 -0.123500 3.675000
v 0.833625 -0.123500 3.825000
v 0.833625 -0.123500 3.975000
v 0.833625 -0.123500 4.125000
v 0.833625 -0.123500 4.275000
v 0.833625 -0.123500 4.425000
v 0.833625 -0.123500 4.575000
v 0.833625 -0.123500 4.725000
v 0.771875 -0.123500 3.675000
v 0.771875 -0.123500 3.825000
v 0.771875 -0.123500 3.975000
v 0.771875 -0.123500 4.125000
v 0.771875 -0.123500 4.275000
v 0.771875 -0.123500 4.425000
v 0.771875 -0.123500 4.575000
v 0.771875 -0.123500 4.725000
v 0.710125 -0.123500 3.675000
v 0.710125 -0.123500 3.825000
v 0.710125 -0.123500 3.975000
v 0.710125 -0.123500 4.125000
v 0.710125 -0.123500 4.275000
v 0.710125 -0.123500 4.425000
v 0.710125 -0.123500 4.575000
v 0.710125 -0.123500 4.725000
v 0.648375 -0.123500 3.675000
v 0.648375 -0.123500 3.825000
v 0.648375 -0.123500 3.975000
v 0.648375 -0.123500 4.125000
v 0.648375 -0.123500 4.275000
v 0.648375 -0.123500 4.425000
v 0.648375 -0.123500 4.575000
v 0.648375 -0.123500 4.725000
v 0.586625 -0.123500 3.675000
v 0.586625 -0.123500 3.825000
v 0.586625 -0.123500 3.975000
v 0.586625 -0.123500 4.125000
v 0.586625 -0.123500 4.275000
v 0.586625 -0.123500 4.425000
v 0.586625 -0.123500 4.575000
v 0.586625 -0.123500 4.725000
v 0.524875 -0.123500 3.675000
v 0.524875 -0.123500 3.825000
v 0.524875 -0.123500 3.975000
v 0.524875 -0.123500 4.125000
v 0.524875 -0.123500 4.275000
v 0.524875 -0.123500 4.425000
v 0.524875 -0.123500 4.575000
v 0.524875 -0.123500 4.725000
v 0.957125 -0.123500 4.875000
v 0.957125 -0.123500 5.025000
v 0.957125 -0.123500 5.175000
v 0.957125 -0.123500 5.325000
v 0.957125 -0.123500 5.475000
v 0.957124 -0.123501 5.624867
v 0.957069 -0.123501 5.771597
v 0.957023 -0.116185 5.916430
v 0.895375 -0.123500 4.875000
v 0.895375 -0.123500 5.025000
v 0.895375 -0.123500 5.175000
v 0.895375 -0.123500 5.325000
v 0.895375 -0.123500 5.475000
v 0.895374 -0.123501 5.624871
v 0.895347 -0.123501 5.771787
v 0.895298 -0.116379 5.916489
v 0.833625 -0.123500 4.875000
v 0.833625 -0.123500 5.025000
v 0.833625 -0.123500 5.175000
v 0.833625 -0.123500 5.325000
v 0.833625 -0.123500 5.475000
v 0.833624 -0.123501 5.624876
v 0.833598 -0.123501 5.771908
v 0.833549 -0.116648 5.916613
v 0.771875 -0.123500 4.875000
v 0.771875 -0.123500 5.025000
v 0.771875 -0.123500 5.175000
v 0.771875 -0.123500 5.325000
v 0.771875 -0.123500 5.475000
v 0.771874 -0.123500 5.624880
v 0.771848 -0.123501 5.772027
v 0.771800 -0.116838 5.916698
v 0.710125 -0.123500 4.875000
v 0.710125 -0.123500 5.025000
v 0.710125 -0.123500 5.175000
v 0.710125 -0.123500 5.325000
v 0.710125 -0.123500 5.475000
v 0.710124 -0.123500 5.624885
v 0.710099 -0.123500 5.772144
v 0.710051 -0.117100 5.916821
v 0.648375 -0.123500 4.875000
v 0.648375 -0.123500 5.025000
v 0.648375 -0.123500 5.175000
v 0.648375 -0.123500 5.325000
v 0.648375 -0.123500 5.475000
v 0.648374 -0.123500 5.624889
v 0.648349 -0.123500 5.772259
v 0.648302 -0.117290 5.916908
v 0.586625 -0.123500 4.875000
v 0.586625 -0.123500 5.025000
v 0.586625 -0.123500 5.175000
v 0.586625 -0.123500 5.325000
v 0.586625 -0.123500 5.475000
v 0.586624 -0.123500 5.624893
v 0.586600 -0.123500 5.772372
v 0.586553 -0.117546 5.917028
v 0.524875 -0.123500 4.875000
v 0.524875 -0.123500 5.025000
v 0.524875 -0.123500 5.175000
v 0.524875 -0.123500 5.325000
v 0.524875 -0.123500 5.475000
v 0.524874 -0.123500 5.624897
v 0.524850 -0.123500 5.772482
v 0.524804 -0.117734 5.917118
v 0.956963 -0.030408 5.966668
v 0.956981 -0.091387 5.966667
v 0.956969 -0.111679 5.965505
v 0.895224 -0.030436 5.967602
v 0.895240 -0.091341 5.967602
v 0.895220 -0.111980 5.966491
v 0.833476 -0.030454 5.968536
v 0.833491 -0.091296 5.968536
v 0.833473 -0.112286 5.967507
v 0.771728 -0.030472 5.969471
v 0.771742 -0.091252 5.969471
v 0.771726 -0.112590 5.968507
v 0.709980 -0.030490 5.970406
v 0.709993 -0.091210 5.970405
v 0.709980 -0.112900 5.969516
v 0.648232 -0.030507 5.971340
v 0.648245 -0.091169 5.971340
v 0.648233 -0.113208 5.970510
v 0.586484 -0.030524 5.972274
v 0.586496 -0.091130 5.972274
v 0.586487 -0.113522 5.971513
v 0.524736 -0.030541 5.973208
v 0.524747 -0.091092 5.973208
v 0.524740 -0.113834 5.972502
v 0.463125 -0.123500 2.025000
v 0.463125 -0.123500 2.175000
v 0.463125 -0.123500 2.325000
v 0.401375 -0.123500 2.025000
v 0.401375 -0.123500 2.175000
v 0.401375 -0.123500 2.325000
v 0.339625 -0.123500 2.025000
v 0.339625 -0.123500 2.175000
v 0.339625 -0.123500 2.325000
v 0.277875 -0.123500 2.025000
v 0.277875 -0.123500 2.175000
v 0.277875 -0.123500 2.325000
v 0.216125 -0.123500 2.025000
v 0.216125 -0.123500 2.175000
v 0.216125 -0.123500 2.325000
v 0.154375 -0.123500 2.025000
v 0.154375 -0.123500 2.175000
v 0.154375 -0.123500 2.325000
v 0.092625 -0.123500 2.025000
v 0.092625 -0.123500 2.175000
v 0.092625 -0.123500 2.325000
v 0.030875 -0.123500 2.025000
v 0.030875 -0.123500 2.175000
v 0.030875 -0.123500 2.325000
v 0.463125 -0.123500 2.475000
v 0.463125 -0.123500 2.625000
v 0.463125 -0.123500 2.775000
v 0.463125 -0.123500 2.925000
v 0.463125 -0.123500 3.075000
v 0.463125 -0.123500 3.225000
v 0.463125 -0.123500 3.375000
v 0.463125 -0.123500 3.525000
v 0.401375 -0.123500 2.475000
v 0.401375 -0.123500 2.625000
v 0.401375 -0.123500 2.775000
v 0.401375 -0.123500 2.925000
v 0.401375 -0.123500 3.075000
v 0.401375 -0.123500 3.225000
v 0.401375 -0.123500 3.375000
v 0.401375 -0.123500 3.525000
v 0.339625 -0.123500 2.475000
v 0.339625 -0.123500 2.625000
v 0.339625 -0.123500 2.775000
v 0.339625 -0.123500 2.925000
v 0.339625 -0.123500 3.075000
v 0.339625 -0.123500 3.225000
v 0.339625 -0.123500 3.375000
v 0.339625 -0.123500 3.525000
v 0.277875 -0.123500 2.475000
v 0.277875 -0.123500 2.625000
v 0.277875 -0.123500 2.775000
v 0.277875 -0.123500 2.925000
v 0.277875 -0.123500 3.075000
v 0.277875 -0.123500 3.225000
v 0.277875 -0.123500 3.375000
v 0.277875 -0.123500 3.525000
v 0.216125 -0.123500 2.475000
v 0.216125 -0.123500 2.625000
v 0.216125 -0.123500 2.775000
v 0.216125 -0.123500 2.925000
v 0.216125 -0.123500 3.075000
v 0.216125 -0.123500 3.225000
v 0.216125 -0.123500 3.375000
v 0.216125 -0.123500 3.525000
v 0.154375 -0.123500 2.475000
v 0.154375 -0.123500 2.625000
v 0.154375 -0.123500 2.775000
v 0.154375 -0.123500 2.925000
v 0.154375 -0.123500 3.075000
v 0.154375 -0.123500 3.225000
v 0.154375 -0.123500 3.375000
v 0.154375 -0.123500 3.525000
v 0.092625 -0.123500 2.475000
v 0.092625 -0.123500 2.625000
v 0.092625 -0.123500 2.775000
v 0.092625 -0.123500 2.925000
v 0.092625 -0.123500 3.075000
v 0.092625 -0.123500 3.225000
v 0.092625 -0.123500 3.375000
v 0.092625 -0.123500 3.525000
v 0.030875 -0.123500 2.475000
v 0.030875 -0.123500 2.625000
v 0.030875 -0.123500 2.775000
v 0.030875 -0.123500 2.925000
v 0.030875 -0.123500 3.075000
v 0.030875 -0.123500 3.225000
v 0.030875 -0.123500 3.375000
v 0.030875 -0.123500 3.525000
v 0.463125 -0.123500 3.675000
v 0.463125 -0.123500 3.825000
v 0.463125 -0.123500 3.975000
v 0.463125 -0.123500 4.125000
v 0.463125 -0.123500 4.275000
v 0.463125 -0.123500 4.425000
v 0.463125 -0.123500 4.575000
v 0.463125 -0.123500 4.725000
v 0.401375 -0.123500 3.675000
v 0.401375 -0.123500 3.825000
v 0.401375 -0.123500 3.975000
v 0.401375 -0.123500 4.125000
v 0.401375 -0.123500 4.275000
v 0.401375 -0.123500 4.425000
v 0.401375 -0.123500 4.575000
v 0.401375 -0.123500 4.725000
v 0.339625 -0.123500 3.675000
v 0.339625 -0.123500 3.825000
v 0.339625 -0.123500 3.975000
v 0.339625 -0.123500 4.125000
v 0.339625 -0.123500 4.275000
v 0.339625 -0.123500 4.425000
v 0.339625 -0.123500 4.575000
v 0.339625 -0.123500 4.725000
v 0.277875 -0.123500 3.675000
v 0.277875 -0.123500 3.825000
v 0.277875 -0.123500 3.975000
v 0.277875 -0.123500 4.125000
v 0.277875 -0.123500 4.275000
v 0.277875 -0.123500 4.425000
v 0.277875 -0.123500 4.575000
v 0.277875 -0.123500 4.725000
v 0.216125 -0.123500 3.675000
v 0.216125 -0.123500 3.825000
v 0.216125 -0.123500 3.975000
v 0.216125 -0.123500 4.125000
v 0.216125 -0.123500 4.275000
v 0.216125 -0.123500 4.425000
v 0.216125 -0.123500 4.575000
v 0.216125 -0.123500 4.725000
v 0.154375 -0.123500 3.675000
v 0.154375 -0.123500 3.825000
v 0.154375 -0.123500 3.975000
v 0.154375 -0.123500 4.125000
v 0.154375 -0.123500 4.275000
v 0.154375 -0.123500 4.425000
v 0.154375 -0.123500 4.575000
v 0.154375 -0.123500 4.725000
v 0.092625 -0.123500 3.675000
v 0.092625 -0.123500 3.825000
v 0.092625 -0.123500 3.975000
v 0.092625 -0.123500 4.125000
v 0.092625 -0.123500 4.275000
v 0.092625 -0.123500 4.425000
v 0.092625 -0.123500 4.575000
v 0.092625 -0.123500 4.725000
v 0.030875 -0.123500 3.675000
v 0.030875 -0.123500 3.825000
v 0.030875 -0.123500 3.975000
v 0.030875 -0.123500 4.125000
v 0.030875 -0.123500 4.275000
v 0.030875 -0.123500 4.425000
v 0.030875 -0.123500 4.575000
v 0.030875 -0.123500 4.725000
v 0.463125 -0.123500 4.875000
v 0.463125 -0.123500 5.025000
v 0.463125 -0.123500 5.175000
v 0.463125 -0.123500 5.325000
v 0.463125 -0.123500 5.475000
v 0.463124 -0.123500 5.624901
v 0.463101 -0.123500 5.772592
v 0.463055 -0.117983 5.917236
v 0.401375 -0.123500 4.875000
v 0.401375 -0.123500 5.025000
v 0.401375 -0.123500 5.175000
v 0.401375 -0.123500 5.325000
v 0.401375 -0.123500 5.475000
v 0.401374 -0.123500 5.624905
v 0.401351 -0.123500 5.772698
v 0.401306 -0.118171 5.917327
v 0.339625 -0.123500 4.875000
v 0.339625 -0.123500 5.025000
v 0.339625 -0.123500 5.175000
v 0.339625 -0.123500 5.325000
v 0.339625 -0.123500 5.475000
v 0.339624 -0.123500 5.624909
v 0.339602 -0.123500 5.772804
v 0.339557 -0.118414 5.917443
v 0.277875 -0.123500 4.875000
v 0.277875 -0.123500 5.025000
v 0.277875 -0.123500 5.175000
v 0.277875 -0.123500 5.325000
v 0.277875 -0.123500 5.475000
v 0.277874 -0.123500 5.624913
v 0.277852 -0.123500 5.772907
v 0.277808 -0.118601 5.917534
v 0.216125 -0.123500 4.875000
v 0.216125 -0.123500 5.025000
v 0.216125 -0.123500 5.175000
v 0.216125 -0.123500 5.325000
v 0.216125 -0.123500 5.475000
v 0.216124 -0.123500 5.624918
v 0.216102 -0.123500 5.773009
v 0.216059 -0.118839 5.917648
v 0.154375 -0.123500 4.875000
v 0.154375 -0.123500 5.025000
v 0.154375 -0.123500 5.175000
v 0.154375 -0.123500 5.325000
v 0.154375 -0.123500 5.475000
v 0.154374 -0.123500 5.624921
v 0.154353 -0.123500 5.773109
v 0.154310 -0.119025 5.917740
v 0.092625 -0.123500 4.875000
v 0.092625 -0.123500 5.025000
v 0.092625 -0.123500 5.175000
v 0.092625 -0.123500 5.325000
v 0.092625 -0.123500 5.475000
v 0.092624 -0.123500 5.624925
v 0.092603 -0.123500 5.773208
v 0.092561 -0.119257 5.917851
v 0.030875 -0.123500 4.875000
v 0.030875 -0.123500 5.025000
v 0.030875 -0.123500 5.175000
v 0.030875 -0.123500 5.325000
v 0.030875 -0.123500 5.475000
v 0.030874 -0.123500 5.624929
v 0.030853 -0.123500 5.773305
v 0.030812 -0.119442 5.917943
v 0.462989 -0.030557 5.974143
v 0.462998 -0.091055 5.974143
v 0.462993 -0.114152 5.973499
v 0.401241 -0.030573 5.975078
v 0.401250 -0.091020 5.975078
v 0.401246 -0.114468 5.974484
v 0.339493 -0.030588 5.976012
v 0.339501 -0.090987 5.976012
v 0.339499 -0.114789 5.975474
v 0.277745 -0.030604 5.976947
v 0.277753 -0.090954 5.976947
v 0.277753 -0.115109 5.976455
v 0.215997 -0.030619 5.977881
v 0.216004 -0.090923 5.977881
v 0.216006 -0.115433 5.977439
v 0.154249 -0.030633 5.978816
v 0.154256 -0.090893 5.978816
v 0.154259 -0.115757 5.978415
v 0.092501 -0.030647 5.979750
v 0.092507 -0.090864 5.979750
v 0.092512 -0.116084 5.979393
v 0.030753 -0.030661 5.980684
v 0.030758 -0.090837 5.980684
v 0.030765 -0.116412 5.980365
v 1.998672 0.086160 3.503796
v 1.656692 0.039698 4.641251
v 1.320383 0.118921 5.759843
v 1.998647 -0.104700 3.503878
v 1.977539 -0.089725 3.574086
v 1.656606 -0.043071 4.641539
v 1.484705 -0.119564 5.213295
v 1.326211 -0.118259 5.740459
v 2.190063 0.123500 2.867212
v 2.062499 0.122164 3.291502
v 1.976504 0.030077 3.577529
v 1.295873 0.103153 5.841366
v 2.255272 -0.030146 2.650322
v 2.086205 -0.119158 3.212653
v 1.580543 -0.049203 4.894529
v 1.467365 -0.115910 5.270969
v 2.173525 0.123500 2.922220
v 2.041935 0.121752 3.359901
v 1.668161 0.030122 4.603105
v 1.580931 0.095965 4.893238
v 1.397889 0.114499 5.502054
v 1.377263 0.122366 5.570655
v 2.236215 -0.123500 2.713706
v 1.548459 -0.064481 5.001242
v 1.265895 -0.029905 5.941078
v 2.236297 0.123500 2.713436
v 2.255272 0.030188 2.650322
v 2.010464 0.114800 3.464576
v 1.363244 0.122069 5.617285
v 1.282243 0.088606 5.886703
v 2.218480 -0.123500 2.772696
v 1.638748 -0.081091 4.700934
v 1.522613 -0.098382 5.087209
v 1.423792 -0.116406 5.415898
v 1.320470 -0.107334 5.759555
v 2.218480 0.123500 2.772697
v 1.566292 0.086339 4.941929
v 1.505602 0.086329 5.143791
v 1.486317 0.121516 5.207934
v 1.323108 0.120741 5.750780
v 2.189978 -0.122623 2.867496
v 2.061697 -0.119273 3.294168
v 1.500324 -0.107102 5.161344
v 1.416642 -0.118085 5.439678
v 1.295634 -0.100441 5.842160
v 1.277118 -0.090168 5.903747
v 1.999495 0.088312 3.501058
v 1.636304 0.050602 4.709064
v 1.620078 0.089928 4.763032
v 1.549286 0.056839 4.998495
v 1.534705 0.071120 5.046990
v 1.459955 0.121827 5.295616
v 1.265901 0.029926 5.941058
v 2.251956 -0.088384 2.661353
v 2.173597 -0.122489 2.921981
v 2.042463 -0.120651 3.358143
v 1.635990 -0.092077 4.710109
v 1.540192 -0.078552 5.028739
v 1.450540 -0.099707 5.326931
v 2.085704 0.122690 3.214320
v 1.507506 0.084142 5.137456
v 1.450766 0.110877 5.326179
v 1.437577 0.122546 5.370047
v 2.013340 -0.112586 3.455008
v 1.374337 -0.119999 5.580388
v 2.255082 0.088735 2.650955
v 1.605393 0.104008 4.811875
v 1.411964 0.123113 5.455236
v 1.976504 -0.029978 3.577528
v 1.668162 -0.030063 4.603103
v 1.605609 -0.101230 4.811158
v 1.597905 -0.087975 4.836782
v 1.397940 -0.114974 5.501883
v 1.363928 -0.118854 5.615011
v 0.025876 0.123500 2.625000
v 0.025876 0.123500 3.825000
v 0.025876 0.123500 5.025000
v 0.025876 -0.123500 2.775000
v 0.025876 -0.123500 3.975000
v 0.025876 -0.123500 5.175000
v 0.025876 0.123500 2.775000
v 0.025876 0.123500 3.975000
v 0.025876 0.123500 5.175000
v 0.025876 -0.123500 2.925000
v 0.025876 -0.123500 4.125000
v 0.025876 -0.123500 5.325000
v 0.025876 0.123500 2.925000
v 0.025876 0.123500 4.125000
v 0.025876 0.123500 5.325000
v 0.025876 -0.123500 3.075000
v 0.025876 -0.123500 4.275000
v 0.025876 -0.123500 5.475000
v 0.025876 0.123500 3.075000
v 0.025876 0.123500 4.275000
v 0.025876 0.123500 5.475000
v 0.025876 -0.123500 2.025000
v 0.025876 -0.123500 3.225000
v 0.025876 -0.123500 4.425000
v 0.025876 -0.123500 5.624929
v 0.025876 -0.030662 5.980758
v 0.025876 0.123500 2.025000
v 0.025876 0.123500 3.225000
v 0.025876 0.123500 4.425000
v 0.025876 0.123500 5.624933
v 0.025876 0.116439 5.980438
v 0.025876 -0.123500 2.175000
v 0.025876 -0.123500 3.375000
v 0.025876 -0.123500 4.575000
v 0.025876 -0.123500 5.773312
v 0.025876 -0.090835 5.980759
v 0.025876 0.123500 2.175000
v 0.025876 0.123500 3.375000
v 0.025876 0.123500 4.575000
v 0.025876 0.123500 5.773315
v 0.025876 0.090834 5.980759
v 0.025876 -0.123500 2.325000
v 0.025876 -0.123500 3.525000
v 0.025876 -0.123500 4.725000
v 0.025876 -0.119460 5.917952
v 0.025876 -0.116438 5.980442
v 0.025876 0.123500 2.325000
v 0.025876 0.123500 3.525000
v 0.025876 0.123500 4.725000
v 0.025876 0.119645 5.918015
v 0.025876 0.030661 5.980758
v 0.025876 -0.123500 2.475000
v 0.025876 -0.123500 3.675000
v 0.025876 -0.123500 4.875000
v 0.025876 0.123500 2.475000
v 0.025876 0.123500 3.675000
v 0.025876 0.123500 4.875000
v 0.025876 -0.123500 2.625000
v 0.025876 -0.123500 3.825000
v 0.025876 -0.123500 5.025000
v 2.253872 0.123500 2.001123
v 2.192125 0.123500 2.000839
v 2.130375 0.123500 2.000554
v 2.068625 0.123500 2.000270
v 2.006875 0.123500 1.999985
v 1.945125 -0.123500 1.999701
v 1.883375 -0.123500 1.999416
v 1.821625 -0.123500 1.999132
v 1.759875 -0.123500 1.998847
v 1.698125 -0.123500 1.998562
v 1.636375 -0.123500 1.998278
v 1.574625 -0.123500 1.997993
v 1.512875 -0.123500 1.997709
v 2.427483 0.072297 2.001924
v 2.445035 0.029528 2.002004
v 2.421794 0.085894 2.001897
v 2.378525 0.123470 2.001698
v 2.420701 0.088334 2.001892
v 1.945125 0.123500 1.999701
v 1.883375 0.123500 1.999416
v 1.821625 0.123500 1.999132
v 1.759875 0.123500 1.998847
v 1.698125 0.123500 1.998562
v 1.636375 0.123500 1.998278
v 1.574625 0.123500 1.997993
v 1.512875 0.123500 1.997709
v 2.433846 -0.057764 2.001953
v 2.408739 -0.109735 2.001837
v 0.957125 -0.123500 1.995148
v 0.895375 -0.123500 1.994863
v 0.833625 -0.123500 1.994579
v 0.771875 -0.123500 1.994294
v 0.710125 -0.123500 1.994010
v 0.648375 -0.123500 1.993725
v 0.586625 -0.123500 1.993440
v 0.524875 -0.123500 1.993156
v 0.463125 -0.123500 1.992871
v 0.401375 -0.123500 1.992587
v 0.339625 -0.123500 1.992302
v 0.277875 -0.123500 1.992018
v 0.216125 -0.123500 1.991733
v 0.154375 -0.123500 1.991448
v 0.092625 -0.123500 1.991164
v 0.030875 -0.123500 1.990879
v 0.957125 0.123500 1.995148
v 0.895375 0.123500 1.994863
v 0.833625 0.123500 1.994579
v 0.771875 0.123500 1.994294
v 0.710125 0.123500 1.994010
v 0.648375 0.123500 1.993725
v 0.586625 0.123500 1.993440
v 0.524875 0.123500 1.993156
v 0.463125 0.123500 1.992871
v 0.401375 0.123500 1.992587
v 0.339625 0.123500 1.992302
v 0.277875 0.123500 1.992018
v 0.216125 0.123500 1.991733
v 0.154375 0.123500 1.991448
v 0.092625 0.123500 1.991164
v 0.030875 0.123500 1.990879
v 2.425199 -0.083795 2.001913
v 2.412937 -0.102313 2.001857
v 2.445035 -0.029548 2.002004
v 2.375410 -0.123389 2.001683
v 2.314833 0.123500 2.001404
v 1.451125 -0.123500 1.997424
v 1.389375 -0.123500 1.997140
v 1.327625 -0.123500 1.996855
v 1.265875 -0.123500 1.996570
v 1.204125 -0.123500 1.996286
v 1.142375 -0.123500 1.996001
v 1.080625 -0.123500 1.995717
v 1.018875 -0.123500 1.995432
v 2.397056 0.114749 2.001783
v 1.451125 0.123500 1.997424
v 1.389375 0.123500 1.997140
v 1.327625 0.123500 1.996855
v 1.265875 0.123500 1.996570
v 1.204125 0.123500 1.996286
v 1.142375 0.123500 1.996001
v 1.080625 0.123500 1.995717
v 1.018875 0.123500 1.995432
v 2.314924 -0.123381 2.001405
v 2.253853 -0.123500 2.001123
v 2.192122 -0.123500 2.000839
v 2.130375 -0.123500 2.000554
v 2.068625 -0.123500 2.000270
v 2.006875 -0.123500 1.999985
v 0.025876 0.123500 1.990856
v 0.025876 -0.123500 1.990856
vn 0.0046 -0.0000 -1.0000
vn 0.7950 0.5899 0.1412
vn 0.9488 0.2644 0.1726
vn 0.9332 0.2363 0.2707
vn 0.9581 0.0911 0.2715
vn 0.0029 1.0000 0.0012
vn 0.0070 1.0000 0.0016
vn 0.8053 0.4123 0.4260
vn 0.9456 -0.0000 0.3254
vn 0.0001 1.0000 -0.0000
vn 0.0019 1.0000 0.0007
vn -0.0000 1.0000 -0.0000
vn 0.9178 0.3261 0.2265
vn 0.9597 0.0381 0.2783
vn 0.9455 0.0001 0.3255
vn 0.9625 0.0123 0.2709
vn 0.0544 0.9983 0.0204
vn 0.4491 0.8888 0.0917
vn 0.9649 0.2113 0.1558
vn 0.9460 0.3024 0.1166
vn 0.9937 -0.0039 0.1121
vn 0.9929 -0.0005 0.1189
vn 0.9577 -0.0000 0.2879
vn 0.0507 0.9985 0.0221
vn 0.8936 0.1809 0.4108
vn 0.9404 0.1442 0.3079
vn 0.0412 0.9990 0.0170
vn 0.1938 0.9778 0.0797
vn 0.8743 0.2713 0.4024
vn 0.8592 0.2984 0.4156
vn 0.9213 0.0158 0.3885
vn 0.9118 0.0877 0.4011
vn 0.0412 0.9990 0.0169
vn 0.3620 0.9248 0.1167
vn 0.9387 0.2188 0.2663
vn 0.9527 0.2165 0.2132
vn 0.9563 0.1178 0.2676
vn 0.9682 0.0601 0.2430
vn 0.0104 0.9999 0.0043
vn 0.0591 0.9980 0.0204
vn 0.7569 0.5715 0.3171
vn 0.6223 0.7145 0.3197
vn 0.9641 0.0060 0.2655
vn 0.9228 0.1477 0.3558
vn 0.9392 0.2533 0.2317
vn 0.0072 1.0000 0.0029
vn 0.2383 0.9677 0.0826
vn 0.8037 0.5599 0.2014
vn 0.8874 0.4392 0.1400
vn 0.8867 0.4164 0.2011
vn 0.9702 0.1961 0.1424
vn 0.9464 0.1851 0.2647
vn 0.9699 0.0846 0.2283
vn 0.0118 0.9999 0.0035
vn 0.8234 0.4190 0.3826
vn 0.9064 0.3707 0.2026
vn 0.9633 0.0025 0.2685
vn 0.9581 0.0281 0.2852
vn 0.9590 0.0662 0.2756
vn 0.6965 0.6480 0.3082
vn 0.7747 0.6031 0.1897
vn 0.9407 0.1835 0.2852
vn 0.9554 0.0942 0.2798
vn 0.0102 0.9999 0.0048
vn 0.9367 0.2850 0.2032
vn 0.9697 0.0860 0.2289
vn 0.0835 0.9960 0.0310
vn 0.7298 0.5938 0.3388
vn 0.8727 0.2730 0.4048
vn 0.9400 0.2751 0.2016
vn 0.0116 0.9999 0.0048
vn 0.2438 0.9662 0.0833
vn 0.8193 0.5262 0.2275
vn 0.9062 0.3956 0.1497
vn 0.8577 0.4714 0.2051
vn 0.9263 0.3689 0.0761
vn 0.0021 1.0000 0.0008
vn 0.0177 0.9998 0.0067
vn 0.6177 0.6628 0.4232
vn 0.8675 0.4793 0.1333
vn 0.0018 1.0000 0.0007
vn 0.0122 0.9999 0.0036
vn 0.3273 0.9069 0.2653
vn 0.6337 0.7667 0.1026
vn 0.6391 0.6940 0.3315
vn 0.7273 0.6012 0.3311
vn 0.0209 0.9997 0.0086
vn 0.1723 0.9800 0.0997
vn -0.0103 0.9988 0.0475
vn 0.2901 0.8973 0.3327
vn 0.0019 0.9987 0.0519
vn 0.0162 0.9861 0.1653
vn 0.0003 0.9987 0.0511
vn 0.0184 0.9892 0.1452
vn -0.0030 0.9986 0.0522
vn 0.0180 0.9929 0.1172
vn 0.6731 0.1565 0.7228
vn 0.4279 0.4141 0.8034
vn 0.0152 -0.0000 0.9999
vn 0.0151 -0.0000 0.9999
vn 0.0077 0.8887 0.4585
vn 0.0057 0.9987 0.0515
vn 0.0017 0.9988 0.0485
vn 0.0023 0.9989 0.0469
vn 0.0016 0.9990 0.0453
vn 0.0022 0.9990 0.0438
vn 0.0016 0.9991 0.0422
vn 0.0021 0.9992 0.0407
vn 0.0016 0.9992 0.0392
vn 0.0054 0.9954 0.0960
vn 0.0138 0.0623 0.9980
vn 0.0048 0.9956 0.0933
vn 0.0156 0.0551 0.9984
vn 0.0055 0.9959 0.0903
vn 0.0159 0.0511 0.9986
vn 0.0048 0.9962 0.0872
vn 0.0157 0.0468 0.9988
vn 0.0054 0.9964 0.0842
vn 0.0158 0.0429 0.9990
vn 0.0047 0.9967 0.0812
vn 0.0157 0.0391 0.9991
vn 0.0053 0.9969 0.0783
vn 0.0157 0.0357 0.9992
vn 0.0047 0.9971 0.0754
vn 0.0156 0.0324 0.9994
vn 0.0021 0.9993 0.0377
vn 0.0016 0.9993 0.0362
vn 0.0020 0.9994 0.0347
vn 0.0016 0.9994 0.0332
vn 0.0020 0.9995 0.0317
vn 0.0016 0.9995 0.0303
vn 0.0019 0.9996 0.0288
vn 0.0015 0.9996 0.0274
vn 0.0052 0.9974 0.0725
vn 0.0157 0.0294 0.9994
vn 0.0047 0.9976 0.0696
vn 0.0156 0.0266 0.9995
vn 0.0051 0.9978 0.0668
vn 0.0156 0.0240 0.9996
vn 0.0047 0.9979 0.0640
vn 0.0155 0.0215 0.9996
vn 0.0051 0.9981 0.0612
vn 0.0156 0.0193 0.9997
vn 0.0046 0.9983 0.0584
vn 0.0155 0.0172 0.9997
vn 0.0050 0.9984 0.0557
vn 0.0155 0.0152 0.9998
vn 0.0046 0.9986 0.0530
vn 0.0154 0.0134 0.9998
vn 0.9488 -0.0004 0.3159
vn 0.8996 -0.3572 0.2512
vn 0.9570 -0.0468 0.2864
vn 0.4802 -0.8766 0.0305
vn 0.8348 -0.5149 0.1948
vn 0.8746 -0.4119 0.2556
vn 0.0015 -1.0000 0.0011
vn -0.0329 -0.9975 0.0628
vn 0.5748 -0.7301 0.3695
vn 0.0028 -1.0000 0.0002
vn 0.1163 -0.9921 0.0460
vn -0.0000 -1.0000 -0.0000
vn 0.9636 -0.0003 0.2675
vn 0.9455 -0.0002 0.3256
vn 0.9624 -0.0172 0.2712
vn 0.8147 -0.5571 0.1607
vn 0.9607 -0.0913 0.2621
vn 0.9937 -0.0000 0.1121
vn 0.9924 -0.0182 0.1214
vn 0.9927 -0.0328 0.1164
vn 0.2054 -0.9787 -0.0055
vn 0.4773 -0.8748 0.0825
vn 0.9698 -0.1755 0.1695
vn 0.9604 -0.2526 0.1171
vn 0.0006 -1.0000 0.0094
vn 0.0110 -0.9999 0.0045
vn 0.0231 -0.9997 0.0002
vn 0.0020 -0.9995 0.0309
vn -0.0083 -1.0000 -0.0039
vn 0.0374 -0.9992 0.0154
vn 0.0752 -0.9972 0.0009
vn 0.2274 -0.9683 0.1037
vn 0.0027 -0.9986 0.0520
vn 0.0633 -0.9977 0.0260
vn 0.9259 -0.0000 0.3779
vn 0.9298 0.0003 0.3680
vn 0.9031 -0.0695 0.4237
vn 0.9220 -0.1312 0.3642
vn 0.1209 -0.9914 0.0497
vn 0.8542 -0.3125 0.4155
vn 0.9046 -0.2176 0.3666
vn 0.9630 -0.0000 0.2696
vn 0.9686 -0.0635 0.2402
vn 0.9647 -0.0117 0.2631
vn 0.1253 -0.9921 0.0011
vn 0.3745 -0.9205 0.1115
vn 0.9196 -0.3202 0.2276
vn 0.9050 -0.3589 0.2281
vn 0.9054 -0.1823 0.3834
vn 0.9302 -0.2744 0.2438
vn 0.9669 -0.1510 0.2057
vn 0.0015 -0.9999 0.0161
vn 0.0364 -0.9992 0.0157
vn 0.7374 -0.4784 0.4769
vn 0.8535 -0.4606 0.2438
vn 0.9264 -0.3408 0.1602
vn 0.9628 -0.0039 0.2701
vn 0.9631 -0.0031 0.2690
vn 0.0193 -0.9998 0.0079
vn 0.0406 -0.9992 0.0011
vn 0.2432 -0.9675 0.0691
vn 0.7678 -0.6300 0.1167
vn 0.7459 -0.6530 0.1315
vn 0.9074 -0.3691 0.2008
vn 0.9632 -0.0009 0.2689
vn 0.9538 -0.0470 0.2966
vn -0.0458 -0.9971 0.0611
vn 0.6424 -0.6760 0.3609
vn 0.7787 -0.6054 0.1644
vn 0.9551 -0.1777 0.2371
vn 0.1007 -0.9941 0.0411
vn 0.1946 -0.9809 -0.0051
vn 0.7282 -0.6557 0.1996
vn 0.6931 -0.6966 0.1852
vn 0.0019 -0.9997 0.0243
vn 0.0271 -0.9996 0.0110
vn 0.9672 -0.0323 0.2521
vn 0.9587 -0.2263 0.1724
vn 0.0576 -0.9982 0.0194
vn 0.8579 -0.4492 0.2494
vn 0.9331 -0.3120 0.1786
vn 0.0570 -0.9984 0.0017
vn 0.2517 -0.9651 0.0725
vn 0.7788 -0.6124 0.1354
vn 0.8331 -0.5398 0.1210
vn 0.0003 -1.0000 0.0050
vn 0.0096 -0.9999 0.0067
vn -0.0193 -0.9977 0.0646
vn 0.6841 -0.7261 0.0694
vn 0.0061 -1.0000 0.0025
vn 0.0160 -0.9999 0.0016
vn 0.1226 -0.9916 0.0421
vn 0.2097 -0.9777 -0.0066
vn 0.5797 -0.8055 0.1227
vn 0.0032 -0.9995 0.0322
vn 0.0298 -0.9995 0.0075
vn 0.0362 -0.9992 0.0148
vn 0.0762 -0.9971 0.0022
vn 0.2102 -0.9730 0.0954
vn -0.0075 -0.9990 0.0448
vn 0.2092 -0.9356 0.2844
vn -0.0034 -0.9987 0.0502
vn 0.0106 -0.9855 0.1695
vn 0.0002 -0.9987 0.0518
vn 0.0182 -0.9895 0.1433
vn -0.0038 -0.9986 0.0533
vn 0.0165 -0.9933 0.1140
vn 0.5431 -0.0002 0.8397
vn 0.5497 -0.0279 0.8349
vn 0.2527 -0.2375 0.9380
vn 0.0076 -0.8913 0.4533
vn 0.0058 -0.9986 0.0528
vn 0.0017 -0.9988 0.0498
vn 0.0023 -0.9988 0.0482
vn 0.0016 -0.9989 0.0467
vn 0.0022 -0.9990 0.0451
vn 0.0016 -0.9991 0.0435
vn 0.0021 -0.9991 0.0420
vn 0.0016 -0.9992 0.0405
vn 0.0061 -0.9958 0.0917
vn 0.0138 -0.0627 0.9979
vn 0.0047 -0.9960 0.0895
vn 0.0156 -0.0555 0.9983
vn 0.0054 -0.9962 0.0865
vn 0.0159 -0.0513 0.9986
vn 0.0047 -0.9965 0.0836
vn 0.0157 -0.0470 0.9988
vn 0.0054 -0.9967 0.0806
vn 0.0158 -0.0430 0.9989
vn 0.0047 -0.9970 0.0777
vn 0.0157 -0.0393 0.9991
vn 0.0053 -0.9972 0.0748
vn 0.0157 -0.0358 0.9992
vn 0.0047 -0.9974 0.0719
vn 0.0156 -0.0325 0.9993
vn 0.0021 -0.9992 0.0390
vn 0.0016 -0.9993 0.0375
vn 0.0020 -0.9994 0.0360
vn 0.0016 -0.9994 0.0345
vn 0.0020 -0.9995 0.0330
vn 0.0016 -0.9995 0.0316
vn 0.0019 -0.9995 0.0301
vn 0.0015 -0.9996 0.0287
vn 0.0052 -0.9976 0.0691
vn 0.0157 -0.0294 0.9994
vn 0.0046 -0.9978 0.0663
vn 0.0156 -0.0266 0.9995
vn 0.0051 -0.9980 0.0635
vn 0.0156 -0.0239 0.9996
vn 0.0046 -0.9981 0.0608
vn 0.0156 -0.0215 0.9996
vn 0.0051 -0.9983 0.0580
vn 0.0156 -0.0192 0.9997
vn 0.0046 -0.9985 0.0553
vn 0.0155 -0.0171 0.9997
vn 0.0050 -0.9986 0.0526
vn 0.0155 -0.0151 0.9998
vn 0.0046 -0.9987 0.0500
vn 0.0155 -0.0133 0.9998
vn 0.0019 0.9996 0.0267
vn 0.0049 0.9987 0.0514
vn 0.0156 0.0126 0.9998
vn 0.0150 -0.0000 0.9999
vn 0.0154 -0.0124 0.9998
vn 0.7694 -0.4424 0.4607
vn 0.0194 0.9998 -0.0007
vn 0.8759 -0.4373 0.2040
vn 0.7058 -0.6329 0.3183
vn 0.4680 -0.8644 0.1839
vn 0.0407 0.9991 0.0088
vn 0.8474 -0.4319 0.3089
vn 0.7379 -0.6616 0.1330
vn 0.8306 0.2324 0.5061
vn 0.0520 0.9984 0.0224
vn 0.9217 0.1213 0.3685
vn 0.0107 0.9999 0.0044
vn 0.8110 0.0001 0.5851
vn 0.9015 -0.0831 0.4247
vn 0.0151 0.9999 0.0069
vn 0.6642 0.6737 0.3241
vn 0.1894 0.9786 0.0801
vn 0.2668 -0.9013 0.3412
vn 0.8065 -0.3493 0.4770
vn 0.9367 -0.2565 0.2382
vn 0.6953 0.5955 0.4026
vn 0.9107 -0.0000 0.4130
vn 0.0217 0.9997 0.0089
vn 0.8135 -0.3646 0.4531
vn 0.9631 -0.0855 0.2551
vn 0.9659 -0.0515 0.2539
vn 0.9177 -0.0036 0.3972
vn 0.8390 -0.4379 0.3229
vn 0.8333 -0.4344 0.3418
vn 0.9483 0.0250 0.3165
vn 0.0049 -0.9988 0.0484
vn 0.0019 -0.9996 0.0280
vn -1.0000 -0.0000 -0.0000
vn 0.0021 -1.0000 0.0005
vn -0.0001 -1.0000 0.0009
vn 0.8382 -0.5297 0.1298
vn 0.8457 -0.4790 0.2355
vn 0.3990 -0.9160 0.0431
vn 0.9472 -0.2141 0.2387
vn 0.6937 0.7069 0.1380
vn 0.4258 0.9048 -0.0073
vn 0.0005 1.0000 0.0001
vn 0.8999 0.3720 0.2277
vn 0.9637 -0.0000 0.2671
vn 0.8955 0.3680 0.2504
vn 0.8933 0.3511 0.2806
s 0
f 2031//1 2032//1 2080//1 2044//1 2078//1 2079//1 2045//1 2081//1 2100//1 2101//1 2102//1 2103//1 2104//1 2105//1 2023//1 2024//1 2025//1 2026//1 2027//1 2028//1 2029//1 2030//1 2083//1 2084//1 2085//1 2086//1 2087//1 2088//1 2089//1 2090//1 2046//1 2047//1 2048//1 2049//1 2050//1 2051//1 2052//1 2053//1 2054//1 2055//1 2056//1 2057//1 2058//1 2059//1 2060//1 2061//1 2107//1 2106//1 2077//1 2076//1 2075//1 2074//1 2073//1 2072//1 2071//1 2070//1 2069//1 2068//1 2067//1 2066//1 2065//1 2064//1 2063//1 2062//1 2099//1 2098//1 2097//1 2096//1 2095//1 2094//1 2093//1 2092//1 2043//1 2042//1 2041//1 2040//1 2039//1 2038//1 2037//1 2036//1 2022//1 2021//1 2020//1 2019//1 2018//1 2082//1 2034//1 2091//1 2035//1 2033//1
f 8//2 7//2 4//2 5//2
f 9//3 8//3 5//3 6//3
f 10//4 3//4 1//4 8//4
f 11//5 10//5 8//5 9//5
f 13//6 5//6 4//6 12//6
f 14//7 6//7 5//7 13//7
f 15//8 9//8 6//8 14//8
f 16//9 11//9 9//9 15//9
f 18//10 13//10 12//10 17//10
f 19//11 14//11 13//11 18//11
f 21//12 18//12 17//12 20//12
f 22//12 19//12 18//12 21//12
f 24//12 21//12 20//12 23//12
f 25//12 22//12 21//12 24//12
f 27//12 24//12 23//12 26//12
f 28//12 25//12 24//12 27//12
f 30//12 27//12 26//12 29//12
f 31//12 28//12 27//12 30//12
f 34//13 15//13 14//13 32//13
f 35//14 34//14 32//14 33//14
f 36//15 16//15 15//15 34//15
f 37//16 36//16 34//16 35//16
f 38//17 32//17 14//17 19//17
f 39//18 33//18 32//18 38//18
f 40//19 35//19 33//19 39//19
f 1949//20 40//20 39//20 1909//20
f 41//21 37//21 35//21 40//21
f 1910//22 41//22 40//22 1949//22
f 42//12 38//12 19//12 22//12
f 43//12 39//12 38//12 42//12
f 1892//12 1919//12 44//12
f 1911//23 1930//23 1884//23 1894//23 1952//23 1888//23 1887//23 1947//23 1939//23 1925//23 1897//23 991//23 1938//23 1924//23 1914//23 1906//23 1937//23 1896//23 1910//23 1949//23 1909//23 1919//23 1892//23 1900//23 49//23 1943//23 1893//23 1901//23
f 45//12 42//12 22//12 25//12
f 46//12 43//12 42//12 45//12
f 47//12 44//12 43//12 46//12
f 50//12 45//12 25//12 28//12
f 51//12 46//12 45//12 50//12
f 52//12 47//12 46//12 51//12
f 53//12 48//12 47//12 52//12
f 54//12 49//12 48//12 53//12
f 1893//24 1943//24 55//24
f 56//12 50//12 28//12 31//12
f 57//12 51//12 50//12 56//12
f 58//12 52//12 51//12 57//12
f 59//12 53//12 52//12 58//12
f 60//12 54//12 53//12 59//12
f 61//12 55//12 54//12 60//12
f 1884//25 1930//25 64//25
f 66//26 64//26 63//26 65//26
f 69//12 30//12 29//12 68//12
f 70//12 31//12 30//12 69//12
f 72//12 69//12 68//12 71//12
f 73//12 70//12 69//12 72//12
f 75//12 72//12 71//12 74//12
f 76//12 73//12 72//12 75//12
f 78//12 75//12 74//12 77//12
f 79//12 76//12 75//12 78//12
f 81//12 78//12 77//12 80//12
f 82//12 79//12 78//12 81//12
f 84//12 81//12 80//12 83//12
f 85//12 82//12 81//12 84//12
f 87//12 84//12 83//12 86//12
f 88//12 85//12 84//12 87//12
f 90//12 87//12 86//12 89//12
f 91//12 88//12 87//12 90//12
f 92//12 56//12 31//12 70//12
f 93//12 57//12 56//12 92//12
f 94//12 58//12 57//12 93//12
f 95//12 59//12 58//12 94//12
f 96//12 60//12 59//12 95//12
f 97//12 61//12 60//12 96//12
f 98//12 62//12 61//12 97//12
f 99//27 63//27 62//27 98//27
f 100//12 92//12 70//12 73//12
f 101//12 93//12 92//12 100//12
f 102//12 94//12 93//12 101//12
f 103//12 95//12 94//12 102//12
f 104//12 96//12 95//12 103//12
f 105//12 97//12 96//12 104//12
f 106//12 98//12 97//12 105//12
f 107//12 99//12 98//12 106//12
f 108//12 100//12 73//12 76//12
f 109//12 101//12 100//12 108//12
f 110//12 102//12 101//12 109//12
f 111//12 103//12 102//12 110//12
f 112//12 104//12 103//12 111//12
f 113//12 105//12 104//12 112//12
f 114//12 106//12 105//12 113//12
f 115//12 107//12 106//12 114//12
f 116//12 108//12 76//12 79//12
f 117//12 109//12 108//12 116//12
f 118//12 110//12 109//12 117//12
f 119//12 111//12 110//12 118//12
f 120//12 112//12 111//12 119//12
f 121//12 113//12 112//12 120//12
f 122//12 114//12 113//12 121//12
f 123//12 115//12 114//12 122//12
f 124//12 116//12 79//12 82//12
f 125//12 117//12 116//12 124//12
f 126//12 118//12 117//12 125//12
f 127//12 119//12 118//12 126//12
f 128//12 120//12 119//12 127//12
f 129//12 121//12 120//12 128//12
f 130//12 122//12 121//12 129//12
f 131//12 123//12 122//12 130//12
f 132//12 124//12 82//12 85//12
f 133//12 125//12 124//12 132//12
f 134//12 126//12 125//12 133//12
f 135//12 127//12 126//12 134//12
f 136//12 128//12 127//12 135//12
f 137//12 129//12 128//12 136//12
f 138//12 130//12 129//12 137//12
f 139//12 131//12 130//12 138//12
f 140//12 132//12 85//12 88//12
f 141//12 133//12 132//12 140//12
f 142//12 134//12 133//12 141//12
f 143//12 135//12 134//12 142//12
f 144//12 136//12 135//12 143//12
f 145//12 137//12 136//12 144//12
f 146//12 138//12 137//12 145//12
f 147//12 139//12 138//12 146//12
f 148//12 140//12 88//12 91//12
f 149//12 141//12 140//12 148//12
f 150//12 142//12 141//12 149//12
f 151//12 143//12 142//12 150//12
f 152//12 144//12 143//12 151//12
f 153//12 145//12 144//12 152//12
f 154//12 146//12 145//12 153//12
f 155//12 147//12 146//12 154//12
f 156//28 65//28 63//28 99//28
f 158//29 66//29 65//29 156//29
f 159//30 158//30 156//30 157//30
f 160//31 67//31 66//31 158//31
f 161//32 160//32 158//32 159//32
f 162//33 156//33 99//33 107//33
f 163//34 157//34 156//34 162//34
f 165//35 159//35 157//35 163//35
f 166//36 165//36 163//36 164//36
f 167//37 161//37 159//37 165//37
f 168//38 167//38 165//38 166//38
f 169//12 162//12 107//12 115//12
f 170//39 163//39 162//39 169//39
f 171//40 164//40 163//40 170//40
f 173//41 166//41 164//41 171//41
f 174//42 173//42 171//42 172//42
f 176//43 168//43 166//43 173//43
f 177//44 176//44 173//44 174//44
f 178//45 177//45 174//45 175//45
f 179//12 169//12 115//12 123//12
f 180//12 170//12 169//12 179//12
f 181//46 171//46 170//46 180//46
f 182//47 172//47 171//47 181//47
f 185//48 174//48 172//48 182//48
f 186//49 185//49 182//49 183//49
f 186//50 175//50 174//50 185//50
f 187//51 186//51 183//51 184//51
f 188//52 178//52 175//52 186//52
f 189//53 188//53 186//53 187//53
f 190//12 179//12 123//12 131//12
f 191//12 180//12 179//12 190//12
f 192//12 181//12 180//12 191//12
f 193//12 182//12 181//12 192//12
f 194//12 183//12 182//12 193//12
f 195//54 184//54 183//54 194//54
f 197//55 187//55 184//55 195//55
f 198//56 197//56 195//56 196//56
f 200//57 189//57 187//57 197//57
f 201//58 200//58 197//58 198//58
f 1902//59 201//59 198//59 199//59 1885//59
f 202//12 190//12 131//12 139//12
f 203//12 191//12 190//12 202//12
f 204//12 192//12 191//12 203//12
f 205//12 193//12 192//12 204//12
f 206//12 194//12 193//12 205//12
f 207//12 195//12 194//12 206//12
f 208//12 196//12 195//12 207//12
f 210//60 198//60 196//60 208//60
f 211//61 210//61 208//61 209//61
f 211//62 199//62 198//62 210//62
f 1931//63 1885//63 199//63 211//63
f 212//12 202//12 139//12 147//12
f 213//12 203//12 202//12 212//12
f 214//12 204//12 203//12 213//12
f 215//12 205//12 204//12 214//12
f 216//12 206//12 205//12 215//12
f 217//12 207//12 206//12 216//12
f 218//12 208//12 207//12 217//12
f 219//64 209//64 208//64 218//64
f 220//12 212//12 147//12 155//12
f 221//12 213//12 212//12 220//12
f 222//12 214//12 213//12 221//12
f 223//12 215//12 214//12 222//12
f 224//12 216//12 215//12 223//12
f 225//12 217//12 216//12 224//12
f 226//12 218//12 217//12 225//12
f 227//12 219//12 218//12 226//12
f 1932//65 211//65 209//65 228//65 1950//65
f 1932//66 1931//66 211//66
f 229//67 228//67 209//67 219//67
f 1903//68 1950//68 228//68 229//68
f 1933//69 1920//69 231//69
f 1934//70 1933//70 231//70
f 232//71 229//71 219//71 227//71
f 233//72 230//72 229//72 232//72
f 235//73 231//73 230//73 233//73
f 1944//74 235//74 233//74 234//74 1921//74
f 1944//75 1934//75 231//75 235//75
f 1922//76 1921//76 234//76
f 237//12 90//12 89//12 236//12
f 238//12 91//12 90//12 237//12
f 240//12 237//12 236//12 239//12
f 241//12 238//12 237//12 240//12
f 243//12 240//12 239//12 242//12
f 244//12 241//12 240//12 243//12
f 246//12 243//12 242//12 245//12
f 247//12 244//12 243//12 246//12
f 249//12 246//12 245//12 248//12
f 250//12 247//12 246//12 249//12
f 252//12 249//12 248//12 251//12
f 253//12 250//12 249//12 252//12
f 255//12 252//12 251//12 254//12
f 256//12 253//12 252//12 255//12
f 258//12 255//12 254//12 257//12
f 259//12 256//12 255//12 258//12
f 260//12 148//12 91//12 238//12
f 261//12 149//12 148//12 260//12
f 262//12 150//12 149//12 261//12
f 263//12 151//12 150//12 262//12
f 264//12 152//12 151//12 263//12
f 265//12 153//12 152//12 264//12
f 266//12 154//12 153//12 265//12
f 267//12 155//12 154//12 266//12
f 268//12 260//12 238//12 241//12
f 269//12 261//12 260//12 268//12
f 270//12 262//12 261//12 269//12
f 271//12 263//12 262//12 270//12
f 272//12 264//12 263//12 271//12
f 273//12 265//12 264//12 272//12
f 274//12 266//12 265//12 273//12
f 275//12 267//12 266//12 274//12
f 276//12 268//12 241//12 244//12
f 277//12 269//12 268//12 276//12
f 278//12 270//12 269//12 277//12
f 279//12 271//12 270//12 278//12
f 280//12 272//12 271//12 279//12
f 281//12 273//12 272//12 280//12
f 282//12 274//12 273//12 281//12
f 283//12 275//12 274//12 282//12
f 284//12 276//12 244//12 247//12
f 285//12 277//12 276//12 284//12
f 286//12 278//12 277//12 285//12
f 287//12 279//12 278//12 286//12
f 288//12 280//12 279//12 287//12
f 289//12 281//12 280//12 288//12
f 290//12 282//12 281//12 289//12
f 291//12 283//12 282//12 290//12
f 292//12 284//12 247//12 250//12
f 293//12 285//12 284//12 292//12
f 294//12 286//12 285//12 293//12
f 295//12 287//12 286//12 294//12
f 296//12 288//12 287//12 295//12
f 297//12 289//12 288//12 296//12
f 298//12 290//12 289//12 297//12
f 299//12 291//12 290//12 298//12
f 300//12 292//12 250//12 253//12
f 301//12 293//12 292//12 300//12
f 302//12 294//12 293//12 301//12
f 303//12 295//12 294//12 302//12
f 304//12 296//12 295//12 303//12
f 305//12 297//12 296//12 304//12
f 306//12 298//12 297//12 305//12
f 307//12 299//12 298//12 306//12
f 308//12 300//12 253//12 256//12
f 309//12 301//12 300//12 308//12
f 310//12 302//12 301//12 309//12
f 311//12 303//12 302//12 310//12
f 312//12 304//12 303//12 311//12
f 313//12 305//12 304//12 312//12
f 314//12 306//12 305//12 313//12
f 315//12 307//12 306//12 314//12
f 316//12 308//12 256//12 259//12
f 317//12 309//12 308//12 316//12
f 318//12 310//12 309//12 317//12
f 319//12 311//12 310//12 318//12
f 320//12 312//12 311//12 319//12
f 321//12 313//12 312//12 320//12
f 322//12 314//12 313//12 321//12
f 323//12 315//12 314//12 322//12
f 324//12 220//12 155//12 267//12
f 325//12 221//12 220//12 324//12
f 326//12 222//12 221//12 325//12
f 327//12 223//12 222//12 326//12
f 328//12 224//12 223//12 327//12
f 329//12 225//12 224//12 328//12
f 330//12 226//12 225//12 329//12
f 331//12 227//12 226//12 330//12
f 332//12 324//12 267//12 275//12
f 333//12 325//12 324//12 332//12
f 334//12 326//12 325//12 333//12
f 335//12 327//12 326//12 334//12
f 336//12 328//12 327//12 335//12
f 337//12 329//12 328//12 336//12
f 338//12 330//12 329//12 337//12
f 339//12 331//12 330//12 338//12
f 340//12 332//12 275//12 283//12
f 341//12 333//12 332//12 340//12
f 342//12 334//12 333//12 341//12
f 343//12 335//12 334//12 342//12
f 344//12 336//12 335//12 343//12
f 345//12 337//12 336//12 344//12
f 346//12 338//12 337//12 345//12
f 347//12 339//12 338//12 346//12
f 348//12 340//12 283//12 291//12
f 349//12 341//12 340//12 348//12
f 350//12 342//12 341//12 349//12
f 351//12 343//12 342//12 350//12
f 352//12 344//12 343//12 351//12
f 353//12 345//12 344//12 352//12
f 354//12 346//12 345//12 353//12
f 355//12 347//12 346//12 354//12
f 356//12 348//12 291//12 299//12
f 357//12 349//12 348//12 356//12
f 358//12 350//12 349//12 357//12
f 359//12 351//12 350//12 358//12
f 360//12 352//12 351//12 359//12
f 361//12 353//12 352//12 360//12
f 362//12 354//12 353//12 361//12
f 363//12 355//12 354//12 362//12
f 364//12 356//12 299//12 307//12
f 365//12 357//12 356//12 364//12
f 366//12 358//12 357//12 365//12
f 367//12 359//12 358//12 366//12
f 368//12 360//12 359//12 367//12
f 369//12 361//12 360//12 368//12
f 370//12 362//12 361//12 369//12
f 371//12 363//12 362//12 370//12
f 372//12 364//12 307//12 315//12
f 373//12 365//12 364//12 372//12
f 374//12 366//12 365//12 373//12
f 375//12 367//12 366//12 374//12
f 376//12 368//12 367//12 375//12
f 377//12 369//12 368//12 376//12
f 378//12 370//12 369//12 377//12
f 379//12 371//12 370//12 378//12
f 380//12 372//12 315//12 323//12
f 381//12 373//12 372//12 380//12
f 382//12 374//12 373//12 381//12
f 383//12 375//12 374//12 382//12
f 384//12 376//12 375//12 383//12
f 385//12 377//12 376//12 384//12
f 386//12 378//12 377//12 385//12
f 387//12 379//12 378//12 386//12
f 388//12 232//12 227//12 331//12
f 389//77 233//77 232//77 388//77
f 390//78 234//78 233//78 389//78
f 1945//79 1935//79 391//79
f 1946//80 1945//80 391//80
f 1904//23 1905//23 1912//23 1923//23 1886//23 1895//23 1913//23 1936//23 1908//23 1929//23 1928//23 1918//23 1891//23 1957//23 1948//23 1956//23 1927//23 1917//23 1942//23 1899//23 1890//23 1926//23 1916//23 1941//23 1907//23 1898//23 1955//23 1954//23 1940//23 1915//23 1889//23 1953//23 1902//23 1885//23 1931//23 1932//23 1950//23 1903//23 1920//23 1933//23 1934//23 1944//23 1921//23 1922//23 1935//23 1945//23 1946//23 1951//23
f 392//12 388//12 331//12 339//12
f 393//12 389//12 388//12 392//12
f 394//81 390//81 389//81 393//81
f 395//82 391//82 390//82 394//82
f 1904//83 1951//83 396//83
f 1905//84 1904//84 396//84
f 397//12 392//12 339//12 347//12
f 398//12 393//12 392//12 397//12
f 399//12 394//12 393//12 398//12
f 400//12 395//12 394//12 399//12
f 401//12 396//12 395//12 400//12
f 1886//85 1923//85 403//85
f 1895//86 1886//86 403//86 404//86
f 405//12 397//12 347//12 355//12
f 406//12 398//12 397//12 405//12
f 407//12 399//12 398//12 406//12
f 408//12 400//12 399//12 407//12
f 409//12 401//12 400//12 408//12
f 410//12 402//12 401//12 409//12
f 411//87 403//87 402//87 410//87
f 412//88 404//88 403//88 411//88
f 415//12 405//12 355//12 363//12
f 416//12 406//12 405//12 415//12
f 417//12 407//12 406//12 416//12
f 418//12 408//12 407//12 417//12
f 419//12 409//12 408//12 418//12
f 420//12 410//12 409//12 419//12
f 421//12 411//12 410//12 420//12
f 422//89 412//89 411//89 421//89
f 423//90 413//90 412//90 422//90
f 424//12 415//12 363//12 371//12
f 425//12 416//12 415//12 424//12
f 426//12 417//12 416//12 425//12
f 427//12 418//12 417//12 426//12
f 428//12 419//12 418//12 427//12
f 429//12 420//12 419//12 428//12
f 430//12 421//12 420//12 429//12
f 431//91 422//91 421//91 430//91
f 432//92 423//92 422//92 431//92
f 433//12 424//12 371//12 379//12
f 434//12 425//12 424//12 433//12
f 435//12 426//12 425//12 434//12
f 436//12 427//12 426//12 435//12
f 437//12 428//12 427//12 436//12
f 438//12 429//12 428//12 437//12
f 439//12 430//12 429//12 438//12
f 440//93 431//93 430//93 439//93
f 441//94 432//94 431//94 440//94
f 442//12 433//12 379//12 387//12
f 443//12 434//12 433//12 442//12
f 444//12 435//12 434//12 443//12
f 445//12 436//12 435//12 444//12
f 446//12 437//12 436//12 445//12
f 447//12 438//12 437//12 446//12
f 448//12 439//12 438//12 447//12
f 449//95 440//95 439//95 448//95
f 450//96 441//96 440//96 449//96
f 452//97 414//97 413//97 451//97
f 453//98 451//98 413//98 423//98
f 454//99 452//99 451//99 453//99
f 455//100 453//100 423//100 432//100
f 456//100 454//100 453//100 455//100
f 457//100 455//100 432//100 441//100
f 458//100 456//100 455//100 457//100
f 460//101 450//101 449//101 459//101
f 460//100 457//100 441//100 450//100
f 461//100 458//100 457//100 460//100
f 463//12 258//12 257//12 462//12
f 464//12 259//12 258//12 463//12
f 466//12 463//12 462//12 465//12
f 467//12 464//12 463//12 466//12
f 469//12 466//12 465//12 468//12
f 470//12 467//12 466//12 469//12
f 472//12 469//12 468//12 471//12
f 473//12 470//12 469//12 472//12
f 475//12 472//12 471//12 474//12
f 476//12 473//12 472//12 475//12
f 478//12 475//12 474//12 477//12
f 479//12 476//12 475//12 478//12
f 481//12 478//12 477//12 480//12
f 482//12 479//12 478//12 481//12
f 484//12 481//12 480//12 483//12
f 485//12 482//12 481//12 484//12
f 486//12 316//12 259//12 464//12
f 487//12 317//12 316//12 486//12
f 488//12 318//12 317//12 487//12
f 489//12 319//12 318//12 488//12
f 490//12 320//12 319//12 489//12
f 491//12 321//12 320//12 490//12
f 492//12 322//12 321//12 491//12
f 493//12 323//12 322//12 492//12
f 494//12 486//12 464//12 467//12
f 495//12 487//12 486//12 494//12
f 496//12 488//12 487//12 495//12
f 497//12 489//12 488//12 496//12
f 498//12 490//12 489//12 497//12
f 499//12 491//12 490//12 498//12
f 500//12 492//12 491//12 499//12
f 501//12 493//12 492//12 500//12
f 502//12 494//12 467//12 470//12
f 503//12 495//12 494//12 502//12
f 504//12 496//12 495//12 503//12
f 505//12 497//12 496//12 504//12
f 506//12 498//12 497//12 505//12
f 507//12 499//12 498//12 506//12
f 508//12 500//12 499//12 507//12
f 509//12 501//12 500//12 508//12
f 510//12 502//12 470//12 473//12
f 511//12 503//12 502//12 510//12
f 512//12 504//12 503//12 511//12
f 513//12 505//12 504//12 512//12
f 514//12 506//12 505//12 513//12
f 515//12 507//12 506//12 514//12
f 516//12 508//12 507//12 515//12
f 517//12 509//12 508//12 516//12
f 518//12 510//12 473//12 476//12
f 519//12 511//12 510//12 518//12
f 520//12 512//12 511//12 519//12
f 521//12 513//12 512//12 520//12
f 522//12 514//12 513//12 521//12
f 523//12 515//12 514//12 522//12
f 524//12 516//12 515//12 523//12
f 525//12 517//12 516//12 524//12
f 526//12 518//12 476//12 479//12
f 527//12 519//12 518//12 526//12
f 528//12 520//12 519//12 527//12
f 529//12 521//12 520//12 528//12
f 530//12 522//12 521//12 529//12
f 531//12 523//12 522//12 530//12
f 532//12 524//12 523//12 531//12
f 533//12 525//12 524//12 532//12
f 534//12 526//12 479//12 482//12
f 535//12 527//12 526//12 534//12
f 536//12 528//12 527//12 535//12
f 537//12 529//12 528//12 536//12
f 538//12 530//12 529//12 537//12
f 539//12 531//12 530//12 538//12
f 540//12 532//12 531//12 539//12
f 541//12 533//12 532//12 540//12
f 542//12 534//12 482//12 485//12
f 543//12 535//12 534//12 542//12
f 544//12 536//12 535//12 543//12
f 545//12 537//12 536//12 544//12
f 546//12 538//12 537//12 545//12
f 547//12 539//12 538//12 546//12
f 548//12 540//12 539//12 547//12
f 549//12 541//12 540//12 548//12
f 550//12 380//12 323//12 493//12
f 551//12 381//12 380//12 550//12
f 552//12 382//12 381//12 551//12
f 553//12 383//12 382//12 552//12
f 554//12 384//12 383//12 553//12
f 555//12 385//12 384//12 554//12
f 556//12 386//12 385//12 555//12
f 557//12 387//12 386//12 556//12
f 558//12 550//12 493//12 501//12
f 559//12 551//12 550//12 558//12
f 560//12 552//12 551//12 559//12
f 561//12 553//12 552//12 560//12
f 562//12 554//12 553//12 561//12
f 563//12 555//12 554//12 562//12
f 564//12 556//12 555//12 563//12
f 565//12 557//12 556//12 564//12
f 566//12 558//12 501//12 509//12
f 567//12 559//12 558//12 566//12
f 568//12 560//12 559//12 567//12
f 569//12 561//12 560//12 568//12
f 570//12 562//12 561//12 569//12
f 571//12 563//12 562//12 570//12
f 572//12 564//12 563//12 571//12
f 573//12 565//12 564//12 572//12
f 574//12 566//12 509//12 517//12
f 575//12 567//12 566//12 574//12
f 576//12 568//12 567//12 575//12
f 577//12 569//12 568//12 576//12
f 578//12 570//12 569//12 577//12
f 579//12 571//12 570//12 578//12
f 580//12 572//12 571//12 579//12
f 581//12 573//12 572//12 580//12
f 582//12 574//12 517//12 525//12
f 583//12 575//12 574//12 582//12
f 584//12 576//12 575//12 583//12
f 585//12 577//12 576//12 584//12
f 586//12 578//12 577//12 585//12
f 587//12 579//12 578//12 586//12
f 588//12 580//12 579//12 587//12
f 589//12 581//12 580//12 588//12
f 590//12 582//12 525//12 533//12
f 591//12 583//12 582//12 590//12
f 592//12 584//12 583//12 591//12
f 593//12 585//12 584//12 592//12
f 594//12 586//12 585//12 593//12
f 595//12 587//12 586//12 594//12
f 596//12 588//12 587//12 595//12
f 597//12 589//12 588//12 596//12
f 598//12 590//12 533//12 541//12
f 599//12 591//12 590//12 598//12
f 600//12 592//12 591//12 599//12
f 601//12 593//12 592//12 600//12
f 602//12 594//12 593//12 601//12
f 603//12 595//12 594//12 602//12
f 604//12 596//12 595//12 603//12
f 605//12 597//12 596//12 604//12
f 606//12 598//12 541//12 549//12
f 607//12 599//12 598//12 606//12
f 608//12 600//12 599//12 607//12
f 609//12 601//12 600//12 608//12
f 610//12 602//12 601//12 609//12
f 611//12 603//12 602//12 610//12
f 612//12 604//12 603//12 611//12
f 613//12 605//12 604//12 612//12
f 614//12 442//12 387//12 557//12
f 615//12 443//12 442//12 614//12
f 616//12 444//12 443//12 615//12
f 617//12 445//12 444//12 616//12
f 618//12 446//12 445//12 617//12
f 619//12 447//12 446//12 618//12
f 620//12 448//12 447//12 619//12
f 621//102 449//102 448//102 620//102
f 622//12 614//12 557//12 565//12
f 623//12 615//12 614//12 622//12
f 624//12 616//12 615//12 623//12
f 625//12 617//12 616//12 624//12
f 626//12 618//12 617//12 625//12
f 627//12 619//12 618//12 626//12
f 628//12 620//12 619//12 627//12
f 629//103 621//103 620//103 628//103
f 630//12 622//12 565//12 573//12
f 631//12 623//12 622//12 630//12
f 632//12 624//12 623//12 631//12
f 633//12 625//12 624//12 632//12
f 634//12 626//12 625//12 633//12
f 635//12 627//12 626//12 634//12
f 636//12 628//12 627//12 635//12
f 637//104 629//104 628//104 636//104
f 638//12 630//12 573//12 581//12
f 639//12 631//12 630//12 638//12
f 640//12 632//12 631//12 639//12
f 641//12 633//12 632//12 640//12
f 642//12 634//12 633//12 641//12
f 643//12 635//12 634//12 642//12
f 644//12 636//12 635//12 643//12
f 645//105 637//105 636//105 644//105
f 646//12 638//12 581//12 589//12
f 647//12 639//12 638//12 646//12
f 648//12 640//12 639//12 647//12
f 649//12 641//12 640//12 648//12
f 650//12 642//12 641//12 649//12
f 651//12 643//12 642//12 650//12
f 652//12 644//12 643//12 651//12
f 653//106 645//106 644//106 652//106
f 654//12 646//12 589//12 597//12
f 655//12 647//12 646//12 654//12
f 656//12 648//12 647//12 655//12
f 657//12 649//12 648//12 656//12
f 658//12 650//12 649//12 657//12
f 659//12 651//12 650//12 658//12
f 660//12 652//12 651//12 659//12
f 661//107 653//107 652//107 660//107
f 662//12 654//12 597//12 605//12
f 663//12 655//12 654//12 662//12
f 664//12 656//12 655//12 663//12
f 665//12 657//12 656//12 664//12
f 666//12 658//12 657//12 665//12
f 667//12 659//12 658//12 666//12
f 668//12 660//12 659//12 667//12
f 669//108 661//108 660//108 668//108
f 670//12 662//12 605//12 613//12
f 671//12 663//12 662//12 670//12
f 672//12 664//12 663//12 671//12
f 673//12 665//12 664//12 672//12
f 674//12 666//12 665//12 673//12
f 675//12 667//12 666//12 674//12
f 676//12 668//12 667//12 675//12
f 677//109 669//109 668//109 676//109
f 678//110 459//110 449//110 621//110
f 679//111 460//111 459//111 678//111
f 680//100 461//100 460//100 679//100
f 681//112 678//112 621//112 629//112
f 682//113 679//113 678//113 681//113
f 683//100 680//100 679//100 682//100
f 684//114 681//114 629//114 637//114
f 685//115 682//115 681//115 684//115
f 686//100 683//100 682//100 685//100
f 687//116 684//116 637//116 645//116
f 688//117 685//117 684//117 687//117
f 689//100 686//100 685//100 688//100
f 690//118 687//118 645//118 653//118
f 691//119 688//119 687//119 690//119
f 692//100 689//100 688//100 691//100
f 693//120 690//120 653//120 661//120
f 694//121 691//121 690//121 693//121
f 695//100 692//100 691//100 694//100
f 696//122 693//122 661//122 669//122
f 697//123 694//123 693//123 696//123
f 698//100 695//100 694//100 697//100
f 699//124 696//124 669//124 677//124
f 700//125 697//125 696//125 699//125
f 701//100 698//100 697//100 700//100
f 703//12 484//12 483//12 702//12
f 704//12 485//12 484//12 703//12
f 706//12 703//12 702//12 705//12
f 707//12 704//12 703//12 706//12
f 709//12 706//12 705//12 708//12
f 710//12 707//12 706//12 709//12
f 712//12 709//12 708//12 711//12
f 713//12 710//12 709//12 712//12
f 715//12 712//12 711//12 714//12
f 716//12 713//12 712//12 715//12
f 718//12 715//12 714//12 717//12
f 719//12 716//12 715//12 718//12
f 721//12 718//12 717//12 720//12
f 722//12 719//12 718//12 721//12
f 724//12 721//12 720//12 723//12
f 725//12 722//12 721//12 724//12
f 726//12 542//12 485//12 704//12
f 727//12 543//12 542//12 726//12
f 728//12 544//12 543//12 727//12
f 729//12 545//12 544//12 728//12
f 730//12 546//12 545//12 729//12
f 731//12 547//12 546//12 730//12
f 732//12 548//12 547//12 731//12
f 733//12 549//12 548//12 732//12
f 734//12 726//12 704//12 707//12
f 735//12 727//12 726//12 734//12
f 736//12 728//12 727//12 735//12
f 737//12 729//12 728//12 736//12
f 738//12 730//12 729//12 737//12
f 739//12 731//12 730//12 738//12
f 740//12 732//12 731//12 739//12
f 741//12 733//12 732//12 740//12
f 742//12 734//12 707//12 710//12
f 743//12 735//12 734//12 742//12
f 744//12 736//12 735//12 743//12
f 745//12 737//12 736//12 744//12
f 746//12 738//12 737//12 745//12
f 747//12 739//12 738//12 746//12
f 748//12 740//12 739//12 747//12
f 749//12 741//12 740//12 748//12
f 750//12 742//12 710//12 713//12
f 751//12 743//12 742//12 750//12
f 752//12 744//12 743//12 751//12
f 753//12 745//12 744//12 752//12
f 754//12 746//12 745//12 753//12
f 755//12 747//12 746//12 754//12
f 756//12 748//12 747//12 755//12
f 757//12 749//12 748//12 756//12
f 758//12 750//12 713//12 716//12
f 759//12 751//12 750//12 758//12
f 760//12 752//12 751//12 759//12
f 761//12 753//12 752//12 760//12
f 762//12 754//12 753//12 761//12
f 763//12 755//12 754//12 762//12
f 764//12 756//12 755//12 763//12
f 765//12 757//12 756//12 764//12
f 766//12 758//12 716//12 719//12
f 767//12 759//12 758//12 766//12
f 768//12 760//12 759//12 767//12
f 769//12 761//12 760//12 768//12
f 770//12 762//12 761//12 769//12
f 771//12 763//12 762//12 770//12
f 772//12 764//12 763//12 771//12
f 773//12 765//12 764//12 772//12
f 774//12 766//12 719//12 722//12
f 775//12 767//12 766//12 774//12
f 776//12 768//12 767//12 775//12
f 777//12 769//12 768//12 776//12
f 778//12 770//12 769//12 777//12
f 779//12 771//12 770//12 778//12
f 780//12 772//12 771//12 779//12
f 781//12 773//12 772//12 780//12
f 782//12 774//12 722//12 725//12
f 783//12 775//12 774//12 782//12
f 784//12 776//12 775//12 783//12
f 785//12 777//12 776//12 784//12
f 786//12 778//12 777//12 785//12
f 787//12 779//12 778//12 786//12
f 788//12 780//12 779//12 787//12
f 789//12 781//12 780//12 788//12
f 790//12 606//12 549//12 733//12
f 791//12 607//12 606//12 790//12
f 792//12 608//12 607//12 791//12
f 793//12 609//12 608//12 792//12
f 794//12 610//12 609//12 793//12
f 795//12 611//12 610//12 794//12
f 796//12 612//12 611//12 795//12
f 797//12 613//12 612//12 796//12
f 798//12 790//12 733//12 741//12
f 799//12 791//12 790//12 798//12
f 800//12 792//12 791//12 799//12
f 801//12 793//12 792//12 800//12
f 802//12 794//12 793//12 801//12
f 803//12 795//12 794//12 802//12
f 804//12 796//12 795//12 803//12
f 805//12 797//12 796//12 804//12
f 806//12 798//12 741//12 749//12
f 807//12 799//12 798//12 806//12
f 808//12 800//12 799//12 807//12
f 809//12 801//12 800//12 808//12
f 810//12 802//12 801//12 809//12
f 811//12 803//12 802//12 810//12
f 812//12 804//12 803//12 811//12
f 813//12 805//12 804//12 812//12
f 814//12 806//12 749//12 757//12
f 815//12 807//12 806//12 814//12
f 816//12 808//12 807//12 815//12
f 817//12 809//12 808//12 816//12
f 818//12 810//12 809//12 817//12
f 819//12 811//12 810//12 818//12
f 820//12 812//12 811//12 819//12
f 821//12 813//12 812//12 820//12
f 822//12 814//12 757//12 765//12
f 823//12 815//12 814//12 822//12
f 824//12 816//12 815//12 823//12
f 825//12 817//12 816//12 824//12
f 826//12 818//12 817//12 825//12
f 827//12 819//12 818//12 826//12
f 828//12 820//12 819//12 827//12
f 829//12 821//12 820//12 828//12
f 830//12 822//12 765//12 773//12
f 831//12 823//12 822//12 830//12
f 832//12 824//12 823//12 831//12
f 833//12 825//12 824//12 832//12
f 834//12 826//12 825//12 833//12
f 835//12 827//12 826//12 834//12
f 836//12 828//12 827//12 835//12
f 837//12 829//12 828//12 836//12
f 838//12 830//12 773//12 781//12
f 839//12 831//12 830//12 838//12
f 840//12 832//12 831//12 839//12
f 841//12 833//12 832//12 840//12
f 842//12 834//12 833//12 841//12
f 843//12 835//12 834//12 842//12
f 844//12 836//12 835//12 843//12
f 845//12 837//12 836//12 844//12
f 846//12 838//12 781//12 789//12
f 847//12 839//12 838//12 846//12
f 848//12 840//12 839//12 847//12
f 849//12 841//12 840//12 848//12
f 850//12 842//12 841//12 849//12
f 851//12 843//12 842//12 850//12
f 852//12 844//12 843//12 851//12
f 853//12 845//12 844//12 852//12
f 854//12 670//12 613//12 797//12
f 855//12 671//12 670//12 854//12
f 856//12 672//12 671//12 855//12
f 857//12 673//12 672//12 856//12
f 858//12 674//12 673//12 857//12
f 859//12 675//12 674//12 858//12
f 860//12 676//12 675//12 859//12
f 861//126 677//126 676//126 860//126
f 862//12 854//12 797//12 805//12
f 863//12 855//12 854//12 862//12
f 864//12 856//12 855//12 863//12
f 865//12 857//12 856//12 864//12
f 866//12 858//12 857//12 865//12
f 867//12 859//12 858//12 866//12
f 868//12 860//12 859//12 867//12
f 869//127 861//127 860//127 868//127
f 870//12 862//12 805//12 813//12
f 871//12 863//12 862//12 870//12
f 872//12 864//12 863//12 871//12
f 873//12 865//12 864//12 872//12
f 874//12 866//12 865//12 873//12
f 875//12 867//12 866//12 874//12
f 876//12 868//12 867//12 875//12
f 877//128 869//128 868//128 876//128
f 878//12 870//12 813//12 821//12
f 879//12 871//12 870//12 878//12
f 880//12 872//12 871//12 879//12
f 881//12 873//12 872//12 880//12
f 882//12 874//12 873//12 881//12
f 883//12 875//12 874//12 882//12
f 884//12 876//12 875//12 883//12
f 885//129 877//129 876//129 884//129
f 886//12 878//12 821//12 829//12
f 887//12 879//12 878//12 886//12
f 888//12 880//12 879//12 887//12
f 889//12 881//12 880//12 888//12
f 890//12 882//12 881//12 889//12
f 891//12 883//12 882//12 890//12
f 892//12 884//12 883//12 891//12
f 893//130 885//130 884//130 892//130
f 894//12 886//12 829//12 837//12
f 895//12 887//12 886//12 894//12
f 896//12 888//12 887//12 895//12
f 897//12 889//12 888//12 896//12
f 898//12 890//12 889//12 897//12
f 899//12 891//12 890//12 898//12
f 900//12 892//12 891//12 899//12
f 901//131 893//131 892//131 900//131
f 902//12 894//12 837//12 845//12
f 903//12 895//12 894//12 902//12
f 904//12 896//12 895//12 903//12
f 905//12 897//12 896//12 904//12
f 906//12 898//12 897//12 905//12
f 907//12 899//12 898//12 906//12
f 908//12 900//12 899//12 907//12
f 909//132 901//132 900//132 908//132
f 910//12 902//12 845//12 853//12
f 911//12 903//12 902//12 910//12
f 912//12 904//12 903//12 911//12
f 913//12 905//12 904//12 912//12
f 914//12 906//12 905//12 913//12
f 915//12 907//12 906//12 914//12
f 916//12 908//12 907//12 915//12
f 917//133 909//133 908//133 916//133
f 918//134 699//134 677//134 861//134
f 919//135 700//135 699//135 918//135
f 920//100 701//100 700//100 919//100
f 921//136 918//136 861//136 869//136
f 922//137 919//137 918//137 921//137
f 923//100 920//100 919//100 922//100
f 924//138 921//138 869//138 877//138
f 925//139 922//139 921//139 924//139
f 926//100 923//100 922//100 925//100
f 927//140 924//140 877//140 885//140
f 928//141 925//141 924//141 927//141
f 929//100 926//100 925//100 928//100
f 930//142 927//142 885//142 893//142
f 931//143 928//143 927//143 930//143
f 932//100 929//100 928//100 931//100
f 933//144 930//144 893//144 901//144
f 934//145 931//145 930//145 933//145
f 935//100 932//100 931//100 934//100
f 936//146 933//146 901//146 909//146
f 937//147 934//147 933//147 936//147
f 938//100 935//100 934//100 937//100
f 939//148 936//148 909//148 917//148
f 940//149 937//149 936//149 939//149
f 941//100 938//100 937//100 940//100
f 943//150 942//150 2//150 3//150
f 2044//151 2080//151 942//151
f 947//9 943//9 3//9 10//9
f 948//9 947//9 10//9 11//9
f 949//152 944//152 943//152 947//152
f 950//9 949//9 947//9 948//9
f 946//153 952//153 951//153 945//153
f 952//154 946//154 944//154 949//154
f 953//155 952//155 949//155 950//155
f 954//9 948//9 11//9 16//9
f 955//9 950//9 948//9 954//9
f 952//156 957//156 956//156 951//156
f 953//157 958//157 957//157 952//157
f 958//158 953//158 950//158 955//158
f 957//159 960//159 959//159 956//159
f 958//160 961//160 960//160 957//160
f 960//161 963//161 962//161 959//161
f 961//161 964//161 963//161 960//161
f 963//161 966//161 965//161 962//161
f 964//161 967//161 966//161 963//161
f 966//161 969//161 968//161 965//161
f 967//161 970//161 969//161 966//161
f 969//161 972//161 971//161 968//161
f 970//161 973//161 972//161 969//161
f 974//9 954//9 16//9 36//9
f 975//162 974//162 36//162 37//162
f 976//163 955//163 954//163 974//163
f 977//164 976//164 974//164 975//164
f 978//165 958//165 955//165 976//165
f 979//166 978//166 976//166 977//166
f 980//167 975//167 37//167 41//167
f 1896//167 980//167 41//167 1910//167
f 981//168 977//168 975//168 980//168
f 1937//169 981//169 980//169 1896//169
f 978//170 982//170 961//170 958//170
f 979//171 983//171 982//171 978//171
f 983//172 979//172 977//172 981//172
f 1906//173 983//173 981//173 1937//173
f 982//161 984//161 964//161 961//161
f 983//161 985//161 984//161 982//161
f 1914//161 986//161 985//161 983//161 1906//161
f 1914//174 1924//174 986//174
f 984//161 987//161 967//161 964//161
f 985//161 988//161 987//161 984//161
f 986//161 989//161 988//161 985//161
f 1938//175 990//175 989//175 986//175 1924//175
f 991//176 990//176 1938//176
f 987//161 992//161 970//161 967//161
f 988//161 993//161 992//161 987//161
f 989//161 994//161 993//161 988//161
f 990//161 995//161 994//161 989//161
f 991//161 996//161 995//161 990//161
f 1897//177 997//177 996//177 991//177
f 1897//178 1925//178 997//178
f 992//161 998//161 973//161 970//161
f 993//161 999//161 998//161 992//161
f 994//161 1000//161 999//161 993//161
f 995//161 1001//161 1000//161 994//161
f 996//161 1002//161 1001//161 995//161
f 997//179 1003//179 1002//179 996//179
f 1939//180 1004//180 1003//180 997//180 1925//180
f 1947//181 1005//181 1004//181 1939//181
f 972//161 1010//161 1009//161 971//161
f 973//161 1011//161 1010//161 972//161
f 1010//161 1013//161 1012//161 1009//161
f 1011//161 1014//161 1013//161 1010//161
f 1013//161 1016//161 1015//161 1012//161
f 1014//161 1017//161 1016//161 1013//161
f 1016//161 1019//161 1018//161 1015//161
f 1017//161 1020//161 1019//161 1016//161
f 1019//161 1022//161 1021//161 1018//161
f 1020//161 1023//161 1022//161 1019//161
f 1022//161 1025//161 1024//161 1021//161
f 1023//161 1026//161 1025//161 1022//161
f 1025//161 1028//161 1027//161 1024//161
f 1026//161 1029//161 1028//161 1025//161
f 1028//161 1031//161 1030//161 1027//161
f 1029//161 1032//161 1031//161 1028//161
f 998//161 1033//161 1011//161 973//161
f 999//161 1034//161 1033//161 998//161
f 1000//161 1035//161 1034//161 999//161
f 1001//161 1036//161 1035//161 1000//161
f 1002//161 1037//161 1036//161 1001//161
f 1003//161 1038//161 1037//161 1002//161
f 1004//161 1039//161 1038//161 1003//161
f 1005//182 1040//182 1039//182 1004//182
f 1033//161 1041//161 1014//161 1011//161
f 1034//161 1042//161 1041//161 1033//161
f 1035//161 1043//161 1042//161 1034//161
f 1036//161 1044//161 1043//161 1035//161
f 1037//161 1045//161 1044//161 1036//161
f 1038//161 1046//161 1045//161 1037//161
f 1039//161 1047//161 1046//161 1038//161
f 1040//183 1048//183 1047//183 1039//183
f 1041//161 1049//161 1017//161 1014//161
f 1042//161 1050//161 1049//161 1041//161
f 1043//161 1051//161 1050//161 1042//161
f 1044//161 1052//161 1051//161 1043//161
f 1045//161 1053//161 1052//161 1044//161
f 1046//161 1054//161 1053//161 1045//161
f 1047//161 1055//161 1054//161 1046//161
f 1048//161 1056//161 1055//161 1047//161
f 1049//161 1057//161 1020//161 1017//161
f 1050//161 1058//161 1057//161 1049//161
f 1051//161 1059//161 1058//161 1050//161
f 1052//161 1060//161 1059//161 1051//161
f 1053//161 1061//161 1060//161 1052//161
f 1054//161 1062//161 1061//161 1053//161
f 1055//161 1063//161 1062//161 1054//161
f 1056//161 1064//161 1063//161 1055//161
f 1057//161 1065//161 1023//161 1020//161
f 1058//161 1066//161 1065//161 1057//161
f 1059//161 1067//161 1066//161 1058//161
f 1060//161 1068//161 1067//161 1059//161
f 1061//161 1069//161 1068//161 1060//161
f 1062//161 1070//161 1069//161 1061//161
f 1063//161 1071//161 1070//161 1062//161
f 1064//161 1072//161 1071//161 1063//161
f 1065//161 1073//161 1026//161 1023//161
f 1066//161 1074//161 1073//161 1065//161
f 1067//161 1075//161 1074//161 1066//161
f 1068//161 1076//161 1075//161 1067//161
f 1069//161 1077//161 1076//161 1068//161
f 1070//161 1078//161 1077//161 1069//161
f 1071//161 1079//161 1078//161 1070//161
f 1072//161 1080//161 1079//161 1071//161
f 1073//161 1081//161 1029//161 1026//161
f 1074//161 1082//161 1081//161 1073//161
f 1075//161 1083//161 1082//161 1074//161
f 1076//161 1084//161 1083//161 1075//161
f 1077//161 1085//161 1084//161 1076//161
f 1078//161 1086//161 1085//161 1077//161
f 1079//161 1087//161 1086//161 1078//161
f 1080//161 1088//161 1087//161 1079//161
f 1081//161 1089//161 1032//161 1029//161
f 1082//161 1090//161 1089//161 1081//161
f 1083//161 1091//161 1090//161 1082//161
f 1084//161 1092//161 1091//161 1083//161
f 1085//161 1093//161 1092//161 1084//161
f 1086//161 1094//161 1093//161 1085//161
f 1087//161 1095//161 1094//161 1086//161
f 1088//161 1096//161 1095//161 1087//161
f 1097//184 1006//184 67//184 160//184
f 1098//185 1097//185 160//185 161//185
f 1099//186 1007//186 1006//186 1097//186
f 1100//187 1099//187 1097//187 1098//187
f 1008//188 1101//188 1040//188 1005//188
f 1101//189 1008//189 1007//189 1099//189
f 1102//190 1101//190 1099//190 1100//190
f 1103//191 1098//191 161//191 167//191
f 1104//191 1103//191 167//191 168//191
f 1105//192 1100//192 1098//192 1103//192
f 1106//193 1105//193 1103//193 1104//193
f 1101//194 1107//194 1048//194 1040//194
f 1102//195 1108//195 1107//195 1101//195
f 1108//196 1102//196 1100//196 1105//196
f 1109//197 1108//197 1105//197 1106//197
f 1110//191 1104//191 168//191 176//191
f 1111//191 1110//191 176//191 177//191
f 1112//191 1111//191 177//191 178//191
f 1113//198 1106//198 1104//198 1110//198
f 1114//199 1113//199 1110//199 1111//199
f 1115//200 1114//200 1111//200 1112//200
f 1107//161 1116//161 1056//161 1048//161
f 1108//201 1117//201 1116//201 1107//201
f 1109//202 1118//202 1117//202 1108//202
f 1118//203 1109//203 1106//203 1113//203
f 1119//204 1118//204 1113//204 1114//204
f 1120//191 1112//191 178//191 188//191
f 1121//191 1120//191 188//191 189//191
f 1115//205 1123//205 1122//205 1114//205
f 1123//206 1115//206 1112//206 1120//206
f 1124//207 1123//207 1120//207 1121//207
f 1116//161 1125//161 1064//161 1056//161
f 1117//208 1126//208 1125//208 1116//208
f 1118//209 1127//209 1126//209 1117//209
f 1119//210 1128//210 1127//210 1118//210
f 1128//211 1119//211 1114//211 1122//211
f 1129//212 1128//212 1122//212 1123//212
f 1130//213 1129//213 1123//213 1124//213
f 1131//191 1121//191 189//191 200//191
f 1132//191 1131//191 200//191 201//191
f 1953//191 1132//191 201//191 1902//191
f 1133//214 1124//214 1121//214 1131//214
f 1134//215 1133//215 1131//215 1132//215
f 1125//161 1136//161 1072//161 1064//161
f 1126//161 1137//161 1136//161 1125//161
f 1127//161 1138//161 1137//161 1126//161
f 1128//161 1139//161 1138//161 1127//161
f 1129//161 1140//161 1139//161 1128//161
f 1130//216 1141//216 1140//216 1129//216
f 1141//217 1130//217 1124//217 1133//217
f 1142//218 1141//218 1133//218 1134//218
f 1135//219 1144//219 1143//219 1134//219
f 1136//161 1145//161 1080//161 1072//161
f 1137//161 1146//161 1145//161 1136//161
f 1138//161 1147//161 1146//161 1137//161
f 1139//161 1148//161 1147//161 1138//161
f 1140//161 1149//161 1148//161 1139//161
f 1141//220 1150//220 1149//220 1140//220
f 1142//221 1151//221 1150//221 1141//221
f 1151//222 1142//222 1134//222 1143//222
f 1152//223 1151//223 1143//223 1144//223
f 1145//161 1153//161 1088//161 1080//161
f 1146//161 1154//161 1153//161 1145//161
f 1147//161 1155//161 1154//161 1146//161
f 1148//161 1156//161 1155//161 1147//161
f 1149//161 1157//161 1156//161 1148//161
f 1150//161 1158//161 1157//161 1149//161
f 1151//161 1159//161 1158//161 1150//161
f 1152//224 1160//224 1159//224 1151//224
f 1153//161 1161//161 1096//161 1088//161
f 1154//161 1162//161 1161//161 1153//161
f 1155//161 1163//161 1162//161 1154//161
f 1156//161 1164//161 1163//161 1155//161
f 1157//161 1165//161 1164//161 1156//161
f 1158//161 1166//161 1165//161 1157//161
f 1159//161 1167//161 1166//161 1158//161
f 1160//225 1168//225 1167//225 1159//225
f 1940//226 1144//226 1915//226
f 1941//227 1171//227 1907//227
f 1169//228 1172//228 1160//228 1152//228
f 1173//229 1172//229 1170//229 1171//229
f 1941//230 1916//230 1174//230 1171//230
f 1172//231 1175//231 1168//231 1160//231
f 1173//232 1176//232 1175//232 1172//232
f 1176//233 1173//233 1171//233 1174//233
f 1890//234 1177//234 1926//234
f 1031//161 1179//161 1178//161 1030//161
f 1032//161 1180//161 1179//161 1031//161
f 1179//161 1182//161 1181//161 1178//161
f 1180//161 1183//161 1182//161 1179//161
f 1182//161 1185//161 1184//161 1181//161
f 1183//161 1186//161 1185//161 1182//161
f 1185//161 1188//161 1187//161 1184//161
f 1186//161 1189//161 1188//161 1185//161
f 1188//161 1191//161 1190//161 1187//161
f 1189//161 1192//161 1191//161 1188//161
f 1191//161 1194//161 1193//161 1190//161
f 1192//161 1195//161 1194//161 1191//161
f 1194//161 1197//161 1196//161 1193//161
f 1195//161 1198//161 1197//161 1194//161
f 1197//161 1200//161 1199//161 1196//161
f 1198//161 1201//161 1200//161 1197//161
f 1089//161 1202//161 1180//161 1032//161
f 1090//161 1203//161 1202//161 1089//161
f 1091//161 1204//161 1203//161 1090//161
f 1092//161 1205//161 1204//161 1091//161
f 1093//161 1206//161 1205//161 1092//161
f 1094//161 1207//161 1206//161 1093//161
f 1095//161 1208//161 1207//161 1094//161
f 1096//161 1209//161 1208//161 1095//161
f 1202//161 1210//161 1183//161 1180//161
f 1203//161 1211//161 1210//161 1202//161
f 1204//161 1212//161 1211//161 1203//161
f 1205//161 1213//161 1212//161 1204//161
f 1206//161 1214//161 1213//161 1205//161
f 1207//161 1215//161 1214//161 1206//161
f 1208//161 1216//161 1215//161 1207//161
f 1209//161 1217//161 1216//161 1208//161
f 1210//161 1218//161 1186//161 1183//161
f 1211//161 1219//161 1218//161 1210//161
f 1212//161 1220//161 1219//161 1211//161
f 1213//161 1221//161 1220//161 1212//161
f 1214//161 1222//161 1221//161 1213//161
f 1215//161 1223//161 1222//161 1214//161
f 1216//161 1224//161 1223//161 1215//161
f 1217//161 1225//161 1224//161 1216//161
f 1218//161 1226//161 1189//161 1186//161
f 1219//161 1227//161 1226//161 1218//161
f 1220//161 1228//161 1227//161 1219//161
f 1221//161 1229//161 1228//161 1220//161
f 1222//161 1230//161 1229//161 1221//161
f 1223//161 1231//161 1230//161 1222//161
f 1224//161 1232//161 1231//161 1223//161
f 1225//161 1233//161 1232//161 1224//161
f 1226//161 1234//161 1192//161 1189//161
f 1227//161 1235//161 1234//161 1226//161
f 1228//161 1236//161 1235//161 1227//161
f 1229//161 1237//161 1236//161 1228//161
f 1230//161 1238//161 1237//161 1229//161
f 1231//161 1239//161 1238//161 1230//161
f 1232//161 1240//161 1239//161 1231//161
f 1233//161 1241//161 1240//161 1232//161
f 1234//161 1242//161 1195//161 1192//161
f 1235//161 1243//161 1242//161 1234//161
f 1236//161 1244//161 1243//161 1235//161
f 1237//161 1245//161 1244//161 1236//161
f 1238//161 1246//161 1245//161 1237//161
f 1239//161 1247//161 1246//161 1238//161
f 1240//161 1248//161 1247//161 1239//161
f 1241//161 1249//161 1248//161 1240//161
f 1242//161 1250//161 1198//161 1195//161
f 1243//161 1251//161 1250//161 1242//161
f 1244//161 1252//161 1251//161 1243//161
f 1245//161 1253//161 1252//161 1244//161
f 1246//161 1254//161 1253//161 1245//161
f 1247//161 1255//161 1254//161 1246//161
f 1248//161 1256//161 1255//161 1247//161
f 1249//161 1257//161 1256//161 1248//161
f 1250//161 1258//161 1201//161 1198//161
f 1251//161 1259//161 1258//161 1250//161
f 1252//161 1260//161 1259//161 1251//161
f 1253//161 1261//161 1260//161 1252//161
f 1254//161 1262//161 1261//161 1253//161
f 1255//161 1263//161 1262//161 1254//161
f 1256//161 1264//161 1263//161 1255//161
f 1257//161 1265//161 1264//161 1256//161
f 1161//161 1266//161 1209//161 1096//161
f 1162//161 1267//161 1266//161 1161//161
f 1163//161 1268//161 1267//161 1162//161
f 1164//161 1269//161 1268//161 1163//161
f 1165//161 1270//161 1269//161 1164//161
f 1166//161 1271//161 1270//161 1165//161
f 1167//161 1272//161 1271//161 1166//161
f 1168//161 1273//161 1272//161 1167//161
f 1266//161 1274//161 1217//161 1209//161
f 1267//161 1275//161 1274//161 1266//161
f 1268//161 1276//161 1275//161 1267//161
f 1269//161 1277//161 1276//161 1268//161
f 1270//161 1278//161 1277//161 1269//161
f 1271//161 1279//161 1278//161 1270//161
f 1272//161 1280//161 1279//161 1271//161
f 1273//161 1281//161 1280//161 1272//161
f 1274//161 1282//161 1225//161 1217//161
f 1275//161 1283//161 1282//161 1274//161
f 1276//161 1284//161 1283//161 1275//161
f 1277//161 1285//161 1284//161 1276//161
f 1278//161 1286//161 1285//161 1277//161
f 1279//161 1287//161 1286//161 1278//161
f 1280//161 1288//161 1287//161 1279//161
f 1281//161 1289//161 1288//161 1280//161
f 1282//161 1290//161 1233//161 1225//161
f 1283//161 1291//161 1290//161 1282//161
f 1284//161 1292//161 1291//161 1283//161
f 1285//161 1293//161 1292//161 1284//161
f 1286//161 1294//161 1293//161 1285//161
f 1287//161 1295//161 1294//161 1286//161
f 1288//161 1296//161 1295//161 1287//161
f 1289//161 1297//161 1296//161 1288//161
f 1290//161 1298//161 1241//161 1233//161
f 1291//161 1299//161 1298//161 1290//161
f 1292//161 1300//161 1299//161 1291//161
f 1293//161 1301//161 1300//161 1292//161
f 1294//161 1302//161 1301//161 1293//161
f 1295//161 1303//161 1302//161 1294//161
f 1296//161 1304//161 1303//161 1295//161
f 1297//161 1305//161 1304//161 1296//161
f 1298//161 1306//161 1249//161 1241//161
f 1299//161 1307//161 1306//161 1298//161
f 1300//161 1308//161 1307//161 1299//161
f 1301//161 1309//161 1308//161 1300//161
f 1302//161 1310//161 1309//161 1301//161
f 1303//161 1311//161 1310//161 1302//161
f 1304//161 1312//161 1311//161 1303//161
f 1305//161 1313//161 1312//161 1304//161
f 1306//161 1314//161 1257//161 1249//161
f 1307//161 1315//161 1314//161 1306//161
f 1308//161 1316//161 1315//161 1307//161
f 1309//161 1317//161 1316//161 1308//161
f 1310//161 1318//161 1317//161 1309//161
f 1311//161 1319//161 1318//161 1310//161
f 1312//161 1320//161 1319//161 1311//161
f 1313//161 1321//161 1320//161 1312//161
f 1314//161 1322//161 1265//161 1257//161
f 1315//161 1323//161 1322//161 1314//161
f 1316//161 1324//161 1323//161 1315//161
f 1317//161 1325//161 1324//161 1316//161
f 1318//161 1326//161 1325//161 1317//161
f 1319//161 1327//161 1326//161 1318//161
f 1320//161 1328//161 1327//161 1319//161
f 1321//161 1329//161 1328//161 1320//161
f 1175//161 1330//161 1273//161 1168//161
f 1176//235 1331//235 1330//235 1175//235
f 1177//236 1332//236 1331//236 1176//236
f 1899//237 1333//237 1332//237 1177//237 1890//237
f 1917//238 1333//238 1942//238
f 1330//161 1334//161 1281//161 1273//161
f 1331//239 1335//239 1334//239 1330//239
f 1332//240 1336//240 1335//240 1331//240
f 1333//241 1337//241 1336//241 1332//241
f 1927//242 1338//242 1337//242 1333//242 1917//242
f 1948//243 1338//243 1956//243
f 1334//161 1339//161 1289//161 1281//161
f 1335//161 1340//161 1339//161 1334//161
f 1336//161 1341//161 1340//161 1335//161
f 1337//161 1342//161 1341//161 1336//161
f 1338//161 1343//161 1342//161 1337//161
f 1957//244 1344//244 1343//244 1338//244 1948//244
f 1891//245 1345//245 1344//245 1957//245
f 1339//161 1349//161 1297//161 1289//161
f 1340//161 1350//161 1349//161 1339//161
f 1341//161 1351//161 1350//161 1340//161
f 1342//161 1352//161 1351//161 1341//161
f 1343//161 1353//161 1352//161 1342//161
f 1344//246 1354//246 1353//246 1343//246
f 1345//247 1355//247 1354//247 1344//247
f 1346//248 1356//248 1355//248 1345//248
f 1349//161 1358//161 1305//161 1297//161
f 1350//161 1359//161 1358//161 1349//161
f 1351//161 1360//161 1359//161 1350//161
f 1352//161 1361//161 1360//161 1351//161
f 1353//161 1362//161 1361//161 1352//161
f 1354//161 1363//161 1362//161 1353//161
f 1355//161 1364//161 1363//161 1354//161
f 1356//249 1365//249 1364//249 1355//249
f 1365//250 1356//250 1348//250 1357//250
f 1358//161 1367//161 1313//161 1305//161
f 1359//161 1368//161 1367//161 1358//161
f 1360//161 1369//161 1368//161 1359//161
f 1361//161 1370//161 1369//161 1360//161
f 1362//161 1371//161 1370//161 1361//161
f 1363//161 1372//161 1371//161 1362//161
f 1364//161 1373//161 1372//161 1363//161
f 1365//251 1374//251 1373//251 1364//251
f 1374//252 1365//252 1357//252 1366//252
f 1367//161 1376//161 1321//161 1313//161
f 1368//161 1377//161 1376//161 1367//161
f 1369//161 1378//161 1377//161 1368//161
f 1370//161 1379//161 1378//161 1369//161
f 1371//161 1380//161 1379//161 1370//161
f 1372//161 1381//161 1380//161 1371//161
f 1373//161 1382//161 1381//161 1372//161
f 1374//253 1383//253 1382//253 1373//253
f 1383//254 1374//254 1366//254 1375//254
f 1376//161 1385//161 1329//161 1321//161
f 1377//161 1386//161 1385//161 1376//161
f 1378//161 1387//161 1386//161 1377//161
f 1379//161 1388//161 1387//161 1378//161
f 1380//161 1389//161 1388//161 1379//161
f 1381//161 1390//161 1389//161 1380//161
f 1382//161 1391//161 1390//161 1381//161
f 1383//255 1392//255 1391//255 1382//255
f 1392//256 1383//256 1375//256 1384//256
f 1393//257 1347//257 414//257 452//257
f 1394//258 1348//258 1347//258 1393//258
f 1395//100 1393//100 452//100 454//100
f 1394//259 1396//259 1357//259 1348//259
f 1396//100 1394//100 1393//100 1395//100
f 1397//100 1395//100 454//100 456//100
f 1396//100 1398//100 1366//100 1357//100
f 1398//100 1396//100 1395//100 1397//100
f 1399//100 1397//100 456//100 458//100
f 1398//100 1400//100 1375//100 1366//100
f 1400//100 1398//100 1397//100 1399//100
f 1401//100 1399//100 458//100 461//100
f 1400//100 1402//100 1384//100 1375//100
f 1402//100 1400//100 1399//100 1401//100
f 1403//260 1392//260 1384//260 1402//260
f 1200//161 1405//161 1404//161 1199//161
f 1201//161 1406//161 1405//161 1200//161
f 1405//161 1408//161 1407//161 1404//161
f 1406//161 1409//161 1408//161 1405//161
f 1408//161 1411//161 1410//161 1407//161
f 1409//161 1412//161 1411//161 1408//161
f 1411//161 1414//161 1413//161 1410//161
f 1412//161 1415//161 1414//161 1411//161
f 1414//161 1417//161 1416//161 1413//161
f 1415//161 1418//161 1417//161 1414//161
f 1417//161 1420//161 1419//161 1416//161
f 1418//161 1421//161 1420//161 1417//161
f 1420//161 1423//161 1422//161 1419//161
f 1421//161 1424//161 1423//161 1420//161
f 1423//161 1426//161 1425//161 1422//161
f 1424//161 1427//161 1426//161 1423//161
f 1258//161 1428//161 1406//161 1201//161
f 1259//161 1429//161 1428//161 1258//161
f 1260//161 1430//161 1429//161 1259//161
f 1261//161 1431//161 1430//161 1260//161
f 1262//161 1432//161 1431//161 1261//161
f 1263//161 1433//161 1432//161 1262//161
f 1264//161 1434//161 1433//161 1263//161
f 1265//161 1435//161 1434//161 1264//161
f 1428//161 1436//161 1409//161 1406//161
f 1429//161 1437//161 1436//161 1428//161
f 1430//161 1438//161 1437//161 1429//161
f 1431//161 1439//161 1438//161 1430//161
f 1432//161 1440//161 1439//161 1431//161
f 1433//161 1441//161 1440//161 1432//161
f 1434//161 1442//161 1441//161 1433//161
f 1435//161 1443//161 1442//161 1434//161
f 1436//161 1444//161 1412//161 1409//161
f 1437//161 1445//161 1444//161 1436//161
f 1438//161 1446//161 1445//161 1437//161
f 1439//161 1447//161 1446//161 1438//161
f 1440//161 1448//161 1447//161 1439//161
f 1441//161 1449//161 1448//161 1440//161
f 1442//161 1450//161 1449//161 1441//161
f 1443//161 1451//161 1450//161 1442//161
f 1444//161 1452//161 1415//161 1412//161
f 1445//161 1453//161 1452//161 1444//161
f 1446//161 1454//161 1453//161 1445//161
f 1447//161 1455//161 1454//161 1446//161
f 1448//161 1456//161 1455//161 1447//161
f 1449//161 1457//161 1456//161 1448//161
f 1450//161 1458//161 1457//161 1449//161
f 1451//161 1459//161 1458//161 1450//161
f 1452//161 1460//161 1418//161 1415//161
f 1453//161 1461//161 1460//161 1452//161
f 1454//161 1462//161 1461//161 1453//161
f 1455//161 1463//161 1462//161 1454//161
f 1456//161 1464//161 1463//161 1455//161
f 1457//161 1465//161 1464//161 1456//161
f 1458//161 1466//161 1465//161 1457//161
f 1459//161 1467//161 1466//161 1458//161
f 1460//161 1468//161 1421//161 1418//161
f 1461//161 1469//161 1468//161 1460//161
f 1462//161 1470//161 1469//161 1461//161
f 1463//161 1471//161 1470//161 1462//161
f 1464//161 1472//161 1471//161 1463//161
f 1465//161 1473//161 1472//161 1464//161
f 1466//161 1474//161 1473//161 1465//161
f 1467//161 1475//161 1474//161 1466//161
f 1468//161 1476//161 1424//161 1421//161
f 1469//161 1477//161 1476//161 1468//161
f 1470//161 1478//161 1477//161 1469//161
f 1471//161 1479//161 1478//161 1470//161
f 1472//161 1480//161 1479//161 1471//161
f 1473//161 1481//161 1480//161 1472//161
f 1474//161 1482//161 1481//161 1473//161
f 1475//161 1483//161 1482//161 1474//161
f 1476//161 1484//161 1427//161 1424//161
f 1477//161 1485//161 1484//161 1476//161
f 1478//161 1486//161 1485//161 1477//161
f 1479//161 1487//161 1486//161 1478//161
f 1480//161 1488//161 1487//161 1479//161
f 1481//161 1489//161 1488//161 1480//161
f 1482//161 1490//161 1489//161 1481//161
f 1483//161 1491//161 1490//161 1482//161
f 1322//161 1492//161 1435//161 1265//161
f 1323//161 1493//161 1492//161 1322//161
f 1324//161 1494//161 1493//161 1323//161
f 1325//161 1495//161 1494//161 1324//161
f 1326//161 1496//161 1495//161 1325//161
f 1327//161 1497//161 1496//161 1326//161
f 1328//161 1498//161 1497//161 1327//161
f 1329//161 1499//161 1498//161 1328//161
f 1492//161 1500//161 1443//161 1435//161
f 1493//161 1501//161 1500//161 1492//161
f 1494//161 1502//161 1501//161 1493//161
f 1495//161 1503//161 1502//161 1494//161
f 1496//161 1504//161 1503//161 1495//161
f 1497//161 1505//161 1504//161 1496//161
f 1498//161 1506//161 1505//161 1497//161
f 1499//161 1507//161 1506//161 1498//161
f 1500//161 1508//161 1451//161 1443//161
f 1501//161 1509//161 1508//161 1500//161
f 1502//161 1510//161 1509//161 1501//161
f 1503//161 1511//161 1510//161 1502//161
f 1504//161 1512//161 1511//161 1503//161
f 1505//161 1513//161 1512//161 1504//161
f 1506//161 1514//161 1513//161 1505//161
f 1507//161 1515//161 1514//161 1506//161
f 1508//161 1516//161 1459//161 1451//161
f 1509//161 1517//161 1516//161 1508//161
f 1510//161 1518//161 1517//161 1509//161
f 1511//161 1519//161 1518//161 1510//161
f 1512//161 1520//161 1519//161 1511//161
f 1513//161 1521//161 1520//161 1512//161
f 1514//161 1522//161 1521//161 1513//161
f 1515//161 1523//161 1522//161 1514//161
f 1516//161 1524//161 1467//161 1459//161
f 1517//161 1525//161 1524//161 1516//161
f 1518//161 1526//161 1525//161 1517//161
f 1519//161 1527//161 1526//161 1518//161
f 1520//161 1528//161 1527//161 1519//161
f 1521//161 1529//161 1528//161 1520//161
f 1522//161 1530//161 1529//161 1521//161
f 1523//161 1531//161 1530//161 1522//161
f 1524//161 1532//161 1475//161 1467//161
f 1525//161 1533//161 1532//161 1524//161
f 1526//161 1534//161 1533//161 1525//161
f 1527//161 1535//161 1534//161 1526//161
f 1528//161 1536//161 1535//161 1527//161
f 1529//161 1537//161 1536//161 1528//161
f 1530//161 1538//161 1537//161 1529//161
f 1531//161 1539//161 1538//161 1530//161
f 1532//161 1540//161 1483//161 1475//161
f 1533//161 1541//161 1540//161 1532//161
f 1534//161 1542//161 1541//161 1533//161
f 1535//161 1543//161 1542//161 1534//161
f 1536//161 1544//161 1543//161 1535//161
f 1537//161 1545//161 1544//161 1536//161
f 1538//161 1546//161 1545//161 1537//161
f 1539//161 1547//161 1546//161 1538//161
f 1540//161 1548//161 1491//161 1483//161
f 1541//161 1549//161 1548//161 1540//161
f 1542//161 1550//161 1549//161 1541//161
f 1543//161 1551//161 1550//161 1542//161
f 1544//161 1552//161 1551//161 1543//161
f 1545//161 1553//161 1552//161 1544//161
f 1546//161 1554//161 1553//161 1545//161
f 1547//161 1555//161 1554//161 1546//161
f 1385//161 1556//161 1499//161 1329//161
f 1386//161 1557//161 1556//161 1385//161
f 1387//161 1558//161 1557//161 1386//161
f 1388//161 1559//161 1558//161 1387//161
f 1389//161 1560//161 1559//161 1388//161
f 1390//161 1561//161 1560//161 1389//161
f 1391//161 1562//161 1561//161 1390//161
f 1392//261 1563//261 1562//261 1391//261
f 1556//161 1564//161 1507//161 1499//161
f 1557//161 1565//161 1564//161 1556//161
f 1558//161 1566//161 1565//161 1557//161
f 1559//161 1567//161 1566//161 1558//161
f 1560//161 1568//161 1567//161 1559//161
f 1561//161 1569//161 1568//161 1560//161
f 1562//161 1570//161 1569//161 1561//161
f 1563//262 1571//262 1570//262 1562//262
f 1564//161 1572//161 1515//161 1507//161
f 1565//161 1573//161 1572//161 1564//161
f 1566//161 1574//161 1573//161 1565//161
f 1567//161 1575//161 1574//161 1566//161
f 1568//161 1576//161 1575//161 1567//161
f 1569//161 1577//161 1576//161 1568//161
f 1570//161 1578//161 1577//161 1569//161
f 1571//263 1579//263 1578//263 1570//263
f 1572//161 1580//161 1523//161 1515//161
f 1573//161 1581//161 1580//161 1572//161
f 1574//161 1582//161 1581//161 1573//161
f 1575//161 1583//161 1582//161 1574//161
f 1576//161 1584//161 1583//161 1575//161
f 1577//161 1585//161 1584//161 1576//161
f 1578//161 1586//161 1585//161 1577//161
f 1579//264 1587//264 1586//264 1578//264
f 1580//161 1588//161 1531//161 1523//161
f 1581//161 1589//161 1588//161 1580//161
f 1582//161 1590//161 1589//161 1581//161
f 1583//161 1591//161 1590//161 1582//161
f 1584//161 1592//161 1591//161 1583//161
f 1585//161 1593//161 1592//161 1584//161
f 1586//161 1594//161 1593//161 1585//161
f 1587//265 1595//265 1594//265 1586//265
f 1588//161 1596//161 1539//161 1531//161
f 1589//161 1597//161 1596//161 1588//161
f 1590//161 1598//161 1597//161 1589//161
f 1591//161 1599//161 1598//161 1590//161
f 1592//161 1600//161 1599//161 1591//161
f 1593//161 1601//161 1600//161 1592//161
f 1594//161 1602//161 1601//161 1593//161
f 1595//266 1603//266 1602//266 1594//266
f 1596//161 1604//161 1547//161 1539//161
f 1597//161 1605//161 1604//161 1596//161
f 1598//161 1606//161 1605//161 1597//161
f 1599//161 1607//161 1606//161 1598//161
f 1600//161 1608//161 1607//161 1599//161
f 1601//161 1609//161 1608//161 1600//161
f 1602//161 1610//161 1609//161 1601//161
f 1603//267 1611//267 1610//267 1602//267
f 1604//161 1612//161 1555//161 1547//161
f 1605//161 1613//161 1612//161 1604//161
f 1606//161 1614//161 1613//161 1605//161
f 1607//161 1615//161 1614//161 1606//161
f 1608//161 1616//161 1615//161 1607//161
f 1609//161 1617//161 1616//161 1608//161
f 1610//161 1618//161 1617//161 1609//161
f 1611//268 1619//268 1618//268 1610//268
f 1620//100 1401//100 461//100 680//100
f 1621//100 1402//100 1401//100 1620//100
f 1403//269 1622//269 1563//269 1392//269
f 1622//270 1403//270 1402//270 1621//270
f 1623//100 1620//100 680//100 683//100
f 1624//100 1621//100 1620//100 1623//100
f 1622//271 1625//271 1571//271 1563//271
f 1625//272 1622//272 1621//272 1624//272
f 1626//100 1623//100 683//100 686//100
f 1627//100 1624//100 1623//100 1626//100
f 1625//273 1628//273 1579//273 1571//273
f 1628//274 1625//274 1624//274 1627//274
f 1629//100 1626//100 686//100 689//100
f 1630//100 1627//100 1626//100 1629//100
f 1628//275 1631//275 1587//275 1579//275
f 1631//276 1628//276 1627//276 1630//276
f 1632//100 1629//100 689//100 692//100
f 1633//100 1630//100 1629//100 1632//100
f 1631//277 1634//277 1595//277 1587//277
f 1634//278 1631//278 1630//278 1633//278
f 1635//100 1632//100 692//100 695//100
f 1636//100 1633//100 1632//100 1635//100
f 1634//279 1637//279 1603//279 1595//279
f 1637//280 1634//280 1633//280 1636//280
f 1638//100 1635//100 695//100 698//100
f 1639//100 1636//100 1635//100 1638//100
f 1637//281 1640//281 1611//281 1603//281
f 1640//282 1637//282 1636//282 1639//282
f 1641//100 1638//100 698//100 701//100
f 1642//100 1639//100 1638//100 1641//100
f 1640//283 1643//283 1619//283 1611//283
f 1643//284 1640//284 1639//284 1642//284
f 1426//161 1645//161 1644//161 1425//161
f 1427//161 1646//161 1645//161 1426//161
f 1645//161 1648//161 1647//161 1644//161
f 1646//161 1649//161 1648//161 1645//161
f 1648//161 1651//161 1650//161 1647//161
f 1649//161 1652//161 1651//161 1648//161
f 1651//161 1654//161 1653//161 1650//161
f 1652//161 1655//161 1654//161 1651//161
f 1654//161 1657//161 1656//161 1653//161
f 1655//161 1658//161 1657//161 1654//161
f 1657//161 1660//161 1659//161 1656//161
f 1658//161 1661//161 1660//161 1657//161
f 1660//161 1663//161 1662//161 1659//161
f 1661//161 1664//161 1663//161 1660//161
f 1663//161 1666//161 1665//161 1662//161
f 1664//161 1667//161 1666//161 1663//161
f 1484//161 1668//161 1646//161 1427//161
f 1485//161 1669//161 1668//161 1484//161
f 1486//161 1670//161 1669//161 1485//161
f 1487//161 1671//161 1670//161 1486//161
f 1488//161 1672//161 1671//161 1487//161
f 1489//161 1673//161 1672//161 1488//161
f 1490//161 1674//161 1673//161 1489//161
f 1491//161 1675//161 1674//161 1490//161
f 1668//161 1676//161 1649//161 1646//161
f 1669//161 1677//161 1676//161 1668//161
f 1670//161 1678//161 1677//161 1669//161
f 1671//161 1679//161 1678//161 1670//161
f 1672//161 1680//161 1679//161 1671//161
f 1673//161 1681//161 1680//161 1672//161
f 1674//161 1682//161 1681//161 1673//161
f 1675//161 1683//161 1682//161 1674//161
f 1676//161 1684//161 1652//161 1649//161
f 1677//161 1685//161 1684//161 1676//161
f 1678//161 1686//161 1685//161 1677//161
f 1679//161 1687//161 1686//161 1678//161
f 1680//161 1688//161 1687//161 1679//161
f 1681//161 1689//161 1688//161 1680//161
f 1682//161 1690//161 1689//161 1681//161
f 1683//161 1691//161 1690//161 1682//161
f 1684//161 1692//161 1655//161 1652//161
f 1685//161 1693//161 1692//161 1684//161
f 1686//161 1694//161 1693//161 1685//161
f 1687//161 1695//161 1694//161 1686//161
f 1688//161 1696//161 1695//161 1687//161
f 1689//161 1697//161 1696//161 1688//161
f 1690//161 1698//161 1697//161 1689//161
f 1691//161 1699//161 1698//161 1690//161
f 1692//161 1700//161 1658//161 1655//161
f 1693//161 1701//161 1700//161 1692//161
f 1694//161 1702//161 1701//161 1693//161
f 1695//161 1703//161 1702//161 1694//161
f 1696//161 1704//161 1703//161 1695//161
f 1697//161 1705//161 1704//161 1696//161
f 1698//161 1706//161 1705//161 1697//161
f 1699//161 1707//161 1706//161 1698//161
f 1700//161 1708//161 1661//161 1658//161
f 1701//161 1709//161 1708//161 1700//161
f 1702//161 1710//161 1709//161 1701//161
f 1703//161 1711//161 1710//161 1702//161
f 1704//161 1712//161 1711//161 1703//161
f 1705//161 1713//161 1712//161 1704//161
f 1706//161 1714//161 1713//161 1705//161
f 1707//161 1715//161 1714//161 1706//161
f 1708//161 1716//161 1664//161 1661//161
f 1709//161 1717//161 1716//161 1708//161
f 1710//161 1718//161 1717//161 1709//161
f 1711//161 1719//161 1718//161 1710//161
f 1712//161 1720//161 1719//161 1711//161
f 1713//161 1721//161 1720//161 1712//161
f 1714//161 1722//161 1721//161 1713//161
f 1715//161 1723//161 1722//161 1714//161
f 1716//161 1724//161 1667//161 1664//161
f 1717//161 1725//161 1724//161 1716//161
f 1718//161 1726//161 1725//161 1717//161
f 1719//161 1727//161 1726//161 1718//161
f 1720//161 1728//161 1727//161 1719//161
f 1721//161 1729//161 1728//161 1720//161
f 1722//161 1730//161 1729//161 1721//161
f 1723//161 1731//161 1730//161 1722//161
f 1548//161 1732//161 1675//161 1491//161
f 1549//161 1733//161 1732//161 1548//161
f 1550//161 1734//161 1733//161 1549//161
f 1551//161 1735//161 1734//161 1550//161
f 1552//161 1736//161 1735//161 1551//161
f 1553//161 1737//161 1736//161 1552//161
f 1554//161 1738//161 1737//161 1553//161
f 1555//161 1739//161 1738//161 1554//161
f 1732//161 1740//161 1683//161 1675//161
f 1733//161 1741//161 1740//161 1732//161
f 1734//161 1742//161 1741//161 1733//161
f 1735//161 1743//161 1742//161 1734//161
f 1736//161 1744//161 1743//161 1735//161
f 1737//161 1745//161 1744//161 1736//161
f 1738//161 1746//161 1745//161 1737//161
f 1739//161 1747//161 1746//161 1738//161
f 1740//161 1748//161 1691//161 1683//161
f 1741//161 1749//161 1748//161 1740//161
f 1742//161 1750//161 1749//161 1741//161
f 1743//161 1751//161 1750//161 1742//161
f 1744//161 1752//161 1751//161 1743//161
f 1745//161 1753//161 1752//161 1744//161
f 1746//161 1754//161 1753//161 1745//161
f 1747//161 1755//161 1754//161 1746//161
f 1748//161 1756//161 1699//161 1691//161
f 1749//161 1757//161 1756//161 1748//161
f 1750//161 1758//161 1757//161 1749//161
f 1751//161 1759//161 1758//161 1750//161
f 1752//161 1760//161 1759//161 1751//161
f 1753//161 1761//161 1760//161 1752//161
f 1754//161 1762//161 1761//161 1753//161
f 1755//161 1763//161 1762//161 1754//161
f 1756//161 1764//161 1707//161 1699//161
f 1757//161 1765//161 1764//161 1756//161
f 1758//161 1766//161 1765//161 1757//161
f 1759//161 1767//161 1766//161 1758//161
f 1760//161 1768//161 1767//161 1759//161
f 1761//161 1769//161 1768//161 1760//161
f 1762//161 1770//161 1769//161 1761//161
f 1763//161 1771//161 1770//161 1762//161
f 1764//161 1772//161 1715//161 1707//161
f 1765//161 1773//161 1772//161 1764//161
f 1766//161 1774//161 1773//161 1765//161
f 1767//161 1775//161 1774//161 1766//161
f 1768//161 1776//161 1775//161 1767//161
f 1769//161 1777//161 1776//161 1768//161
f 1770//161 1778//161 1777//161 1769//161
f 1771//161 1779//161 1778//161 1770//161
f 1772//161 1780//161 1723//161 1715//161
f 1773//161 1781//161 1780//161 1772//161
f 1774//161 1782//161 1781//161 1773//161
f 1775//161 1783//161 1782//161 1774//161
f 1776//161 1784//161 1783//161 1775//161
f 1777//161 1785//161 1784//161 1776//161
f 1778//161 1786//161 1785//161 1777//161
f 1779//161 1787//161 1786//161 1778//161
f 1780//161 1788//161 1731//161 1723//161
f 1781//161 1789//161 1788//161 1780//161
f 1782//161 1790//161 1789//161 1781//161
f 1783//161 1791//161 1790//161 1782//161
f 1784//161 1792//161 1791//161 1783//161
f 1785//161 1793//161 1792//161 1784//161
f 1786//161 1794//161 1793//161 1785//161
f 1787//161 1795//161 1794//161 1786//161
f 1612//161 1796//161 1739//161 1555//161
f 1613//161 1797//161 1796//161 1612//161
f 1614//161 1798//161 1797//161 1613//161
f 1615//161 1799//161 1798//161 1614//161
f 1616//161 1800//161 1799//161 1615//161
f 1617//161 1801//161 1800//161 1616//161
f 1618//161 1802//161 1801//161 1617//161
f 1619//285 1803//285 1802//285 1618//285
f 1796//161 1804//161 1747//161 1739//161
f 1797//161 1805//161 1804//161 1796//161
f 1798//161 1806//161 1805//161 1797//161
f 1799//161 1807//161 1806//161 1798//161
f 1800//161 1808//161 1807//161 1799//161
f 1801//161 1809//161 1808//161 1800//161
f 1802//161 1810//161 1809//161 1801//161
f 1803//286 1811//286 1810//286 1802//286
f 1804//161 1812//161 1755//161 1747//161
f 1805//161 1813//161 1812//161 1804//161
f 1806//161 1814//161 1813//161 1805//161
f 1807//161 1815//161 1814//161 1806//161
f 1808//161 1816//161 1815//161 1807//161
f 1809//161 1817//161 1816//161 1808//161
f 1810//161 1818//161 1817//161 1809//161
f 1811//287 1819//287 1818//287 1810//287
f 1812//161 1820//161 1763//161 1755//161
f 1813//161 1821//161 1820//161 1812//161
f 1814//161 1822//161 1821//161 1813//161
f 1815//161 1823//161 1822//161 1814//161
f 1816//161 1824//161 1823//161 1815//161
f 1817//161 1825//161 1824//161 1816//161
f 1818//161 1826//161 1825//161 1817//161
f 1819//288 1827//288 1826//288 1818//288
f 1820//161 1828//161 1771//161 1763//161
f 1821//161 1829//161 1828//161 1820//161
f 1822//161 1830//161 1829//161 1821//161
f 1823//161 1831//161 1830//161 1822//161
f 1824//161 1832//161 1831//161 1823//161
f 1825//161 1833//161 1832//161 1824//161
f 1826//161 1834//161 1833//161 1825//161
f 1827//289 1835//289 1834//289 1826//289
f 1828//161 1836//161 1779//161 1771//161
f 1829//161 1837//161 1836//161 1828//161
f 1830//161 1838//161 1837//161 1829//161
f 1831//161 1839//161 1838//161 1830//161
f 1832//161 1840//161 1839//161 1831//161
f 1833//161 1841//161 1840//161 1832//161
f 1834//161 1842//161 1841//161 1833//161
f 1835//290 1843//290 1842//290 1834//290
f 1836//161 1844//161 1787//161 1779//161
f 1837//161 1845//161 1844//161 1836//161
f 1838//161 1846//161 1845//161 1837//161
f 1839//161 1847//161 1846//161 1838//161
f 1840//161 1848//161 1847//161 1839//161
f 1841//161 1849//161 1848//161 1840//161
f 1842//161 1850//161 1849//161 1841//161
f 1843//291 1851//291 1850//291 1842//291
f 1844//161 1852//161 1795//161 1787//161
f 1845//161 1853//161 1852//161 1844//161
f 1846//161 1854//161 1853//161 1845//161
f 1847//161 1855//161 1854//161 1846//161
f 1848//161 1856//161 1855//161 1847//161
f 1849//161 1857//161 1856//161 1848//161
f 1850//161 1858//161 1857//161 1849//161
f 1851//292 1859//292 1858//292 1850//292
f 1860//100 1641//100 701//100 920//100
f 1861//100 1642//100 1641//100 1860//100
f 1643//293 1862//293 1803//293 1619//293
f 1862//294 1643//294 1642//294 1861//294
f 1863//100 1860//100 920//100 923//100
f 1864//100 1861//100 1860//100 1863//100
f 1862//295 1865//295 1811//295 1803//295
f 1865//296 1862//296 1861//296 1864//296
f 1866//100 1863//100 923//100 926//100
f 1867//100 1864//100 1863//100 1866//100
f 1865//297 1868//297 1819//297 1811//297
f 1868//298 1865//298 1864//298 1867//298
f 1869//100 1866//100 926//100 929//100
f 1870//100 1867//100 1866//100 1869//100
f 1868//299 1871//299 1827//299 1819//299
f 1871//300 1868//300 1867//300 1870//300
f 1872//100 1869//100 929//100 932//100
f 1873//100 1870//100 1869//100 1872//100
f 1871//301 1874//301 1835//301 1827//301
f 1874//302 1871//302 1870//302 1873//302
f 1875//100 1872//100 932//100 935//100
f 1876//100 1873//100 1872//100 1875//100
f 1874//303 1877//303 1843//303 1835//303
f 1877//304 1874//304 1873//304 1876//304
f 1878//100 1875//100 935//100 938//100
f 1879//100 1876//100 1875//100 1878//100
f 1877//305 1880//305 1851//305 1843//305
f 1880//306 1877//306 1876//306 1879//306
f 1881//100 1878//100 938//100 941//100
f 1882//100 1879//100 1878//100 1881//100
f 1880//307 1883//307 1859//307 1851//307
f 1883//308 1880//308 1879//308 1882//308
f 1994//12 724//12 723//12 1984//12
f 2004//12 725//12 724//12 1994//12
f 2012//12 782//12 725//12 2004//12
f 1958//12 783//12 782//12 2012//12
f 1964//12 784//12 783//12 1958//12
f 1970//12 785//12 784//12 1964//12
f 1976//12 786//12 785//12 1970//12
f 1985//12 787//12 786//12 1976//12
f 1995//12 788//12 787//12 1985//12
f 2005//12 789//12 788//12 1995//12
f 2013//12 846//12 789//12 2005//12
f 1959//12 847//12 846//12 2013//12
f 1965//12 848//12 847//12 1959//12
f 1971//12 849//12 848//12 1965//12
f 1977//12 850//12 849//12 1971//12
f 1986//12 851//12 850//12 1977//12
f 1996//12 852//12 851//12 1986//12
f 2006//12 853//12 852//12 1996//12
f 2014//12 910//12 853//12 2006//12
f 1960//12 911//12 910//12 2014//12
f 1966//12 912//12 911//12 1960//12
f 1972//12 913//12 912//12 1966//12
f 1978//12 914//12 913//12 1972//12
f 1987//12 915//12 914//12 1978//12
f 1997//12 916//12 915//12 1987//12
f 2007//309 917//309 916//309 1997//309
f 1988//310 939//310 917//310 2007//310
f 1998//311 940//311 939//311 1988//311
f 2008//312 941//312 940//312 1998//312
f 1983//100 1881//100 941//100 2008//100
f 1993//100 1882//100 1881//100 1983//100
f 2003//313 1883//313 1882//313 1993//313
f 1172//314 1169//314 1954//314 1955//314 1170//314
f 396//315 1951//315 1946//315 391//315 395//315
f 1169//316 1152//316 1144//316 1940//316 1954//316
f 1356//317 1346//317 1928//317 1929//317 1348//317
f 1338//318 1927//318 1956//318
f 391//319 1935//319 1922//319 234//319 390//319
f 1346//320 1345//320 1918//320 1928//320
f 1177//321 1176//321 1174//321 1916//321 1926//321
f 414//322 1936//322 1913//322 413//322
f 403//323 1923//323 1912//323 402//323
f 64//324 1930//324 1911//324 63//324
f 55//325 1943//325 49//325 54//325
f 44//12 1919//12 1909//12 39//12 43//12
f 1347//326 1908//326 1936//326 414//326
f 1348//327 1929//327 1908//327 1347//327
f 402//328 1912//328 1905//328 396//328 401//328
f 231//329 1920//329 1903//329 229//329 230//329
f 63//330 1911//330 1901//330 62//330
f 48//12 49//12 1900//12
f 1333//331 1899//331 1942//331
f 1170//332 1955//332 1898//332
f 1171//333 1170//333 1898//333 1907//333
f 413//334 1913//334 1895//334 404//334 412//334
f 1006//335 1952//335 1894//335 67//335
f 62//336 1901//336 1893//336 55//336 61//336
f 48//12 1900//12 1892//12 44//12 47//12
f 1345//337 1891//337 1918//337
f 1135//338 1134//338 1132//338 1953//338 1889//338
f 1144//339 1135//339 1889//339 1915//339
f 1007//340 1888//340 1952//340 1006//340
f 1005//341 1947//341 1887//341
f 1008//342 1005//342 1887//342 1888//342 1007//342
f 67//343 1894//343 1884//343 64//343 66//343
f 1853//161 2017//161 2011//161 1852//161
f 1789//161 2016//161 2010//161 1788//161
f 1725//161 2015//161 2009//161 1724//161
f 1883//344 2003//344 2002//344 1859//344
f 1852//161 2011//161 2001//161 1795//161
f 1788//161 2010//161 2000//161 1731//161
f 1724//161 2009//161 1999//161 1667//161
f 1859//345 2002//345 1992//345 1858//345
f 1795//161 2001//161 1991//161 1794//161
f 1731//161 2000//161 1990//161 1730//161
f 1667//161 1999//161 1989//161 1666//161
f 1858//161 1992//161 1982//161 1857//161
f 1794//161 1991//161 1981//161 1793//161
f 1730//161 1990//161 1980//161 1729//161
f 1666//161 1989//161 1979//161 1665//161
f 1857//161 1982//161 1975//161 1856//161
f 1793//161 1981//161 1974//161 1792//161
f 1729//161 1980//161 1973//161 1728//161
f 1856//161 1975//161 1969//161 1855//161
f 1792//161 1974//161 1968//161 1791//161
f 1728//161 1973//161 1967//161 1727//161
f 1854//161 1963//161 2017//161 1853//161
f 1855//161 1969//161 1963//161 1854//161
f 1790//161 1962//161 2016//161 1789//161
f 1791//161 1968//161 1962//161 1790//161
f 1726//161 1961//161 2015//161 1725//161
f 1727//161 1967//161 1961//161 1726//161
f 1989//346 1999//346 2009//346 2015//346 1961//346 1967//346 1973//346 1980//346 1990//346 2000//346 2010//346 2016//346 1962//346 1968//346 1974//346 1981//346 1991//346 2001//346 2011//346 2017//346 1963//346 1969//346 1975//346 1982//346 1992//346 2002//346 2003//346 1993//346 1983//346 2008//346 1998//346 1988//346 2007//346 1997//346 1987//346 1978//346 1972//346 1966//346 1960//346 2014//346 2006//346 1996//346 1986//346 1977//346 1971//346 1965//346 1959//346 2013//346 2005//346 1995//346 1985//346 1976//346 1970//346 1964//346 1958//346 2012//346 2004//346 1994//346 1984//346 2106//346 2107//346 1979//346
f 968//161 971//161 2105//161 2104//161
f 965//161 968//161 2104//161 2103//161
f 962//161 965//161 2103//161 2102//161
f 959//161 962//161 2102//161 2101//161
f 956//347 959//347 2101//347 2100//347
f 257//12 254//12 2098//12 2099//12
f 254//12 251//12 2097//12 2098//12
f 251//12 248//12 2096//12 2097//12
f 248//12 245//12 2095//12 2096//12
f 245//12 242//12 2094//12 2095//12
f 242//12 239//12 2093//12 2094//12
f 239//12 236//12 2092//12 2093//12
f 1196//161 1199//161 2090//161 2089//161
f 1193//161 1196//161 2089//161 2088//161
f 1190//161 1193//161 2088//161 2087//161
f 1187//161 1190//161 2087//161 2086//161
f 1184//161 1187//161 2086//161 2085//161
f 1181//161 1184//161 2085//161 2084//161
f 1178//161 1181//161 2084//161 2083//161
f 951//348 956//348 2100//348 2081//348
f 946//349 945//349 2079//349 2078//349 944//349
f 1984//12 723//12 2077//12 2106//12
f 723//12 720//12 2076//12 2077//12
f 720//12 717//12 2075//12 2076//12
f 717//12 714//12 2074//12 2075//12
f 714//12 711//12 2073//12 2074//12
f 711//12 708//12 2072//12 2073//12
f 708//12 705//12 2071//12 2072//12
f 705//12 702//12 2070//12 2071//12
f 702//12 483//12 2069//12 2070//12
f 483//12 480//12 2068//12 2069//12
f 480//12 477//12 2067//12 2068//12
f 477//12 474//12 2066//12 2067//12
f 474//12 471//12 2065//12 2066//12
f 471//12 468//12 2064//12 2065//12
f 468//12 465//12 2063//12 2064//12
f 462//12 257//12 2099//12 2062//12
f 465//12 462//12 2062//12 2063//12
f 1665//161 1979//161 2107//161 2061//161
f 1662//161 1665//161 2061//161 2060//161
f 1659//161 1662//161 2060//161 2059//161
f 1656//161 1659//161 2059//161 2058//161
f 1653//161 1656//161 2058//161 2057//161
f 1650//161 1653//161 2057//161 2056//161
f 1647//161 1650//161 2056//161 2055//161
f 1644//161 1647//161 2055//161 2054//161
f 1425//161 1644//161 2054//161 2053//161
f 1422//161 1425//161 2053//161 2052//161
f 1419//161 1422//161 2052//161 2051//161
f 1416//161 1419//161 2051//161 2050//161
f 1413//161 1416//161 2050//161 2049//161
f 1410//161 1413//161 2049//161 2048//161
f 1407//161 1410//161 2048//161 2047//161
f 1199//161 1404//161 2046//161 2090//161
f 1404//161 1407//161 2047//161 2046//161
f 945//350 2045//350 2079//350
f 945//351 951//351 2081//351 2045//351
f 944//352 2078//352 2044//352 942//352 943//352
f 236//12 89//12 2043//12 2092//12
f 89//12 86//12 2042//12 2043//12
f 86//12 83//12 2041//12 2042//12
f 83//12 80//12 2040//12 2041//12
f 80//12 77//12 2039//12 2040//12
f 77//12 74//12 2038//12 2039//12
f 74//12 71//12 2037//12 2038//12
f 71//12 68//12 2036//12 2037//12
f 7//353 2035//353 2091//353 4//353
f 4//354 2091//354 2034//354
f 12//355 4//355 2034//355 2082//355
f 8//356 1//356 2033//356 2035//356 7//356
f 942//357 2080//357 2032//357 2//357
f 2//358 2032//358 2031//358
f 3//359 2//359 2031//359 2033//359 1//359
f 1030//161 1178//161 2083//161 2030//161
f 1027//161 1030//161 2030//161 2029//161
f 1024//161 1027//161 2029//161 2028//161
f 1021//161 1024//161 2028//161 2027//161
f 1018//161 1021//161 2027//161 2026//161
f 1015//161 1018//161 2026//161 2025//161
f 1012//161 1015//161 2025//161 2024//161
f 971//161 1009//161 2023//161 2105//161
f 1009//161 1012//161 2024//161 2023//161
f 68//12 29//12 2022//12 2036//12
f 29//12 26//12 2021//12 2022//12
f 26//12 23//12 2020//12 2021//12
f 23//12 20//12 2019//12 2020//12
f 17//12 12//12 2082//12 2018//12
f 20//12 17//12 2018//12 2019//12
